cliente_id,prob_churn_rf_reg,alerta_rf_reg
5235,0.672205870877799,1
2757,0.6404886969077593,1
8815,0.6400396783077913,1
4260,0.6375809438142269,1
23473,0.6375531065998192,1
13598,0.635930408198531,1
10658,0.6282809208473465,1
14032,0.6270060878412658,1
20403,0.6267406425539214,1
12271,0.625017575436389,1
10480,0.6243060855100012,1
24937,0.6231829023830233,1
27044,0.6222027746614046,1
1024,0.6188176707532106,1
23810,0.6182301801181156,1
26300,0.618059684393024,1
23179,0.6172638273039681,1
4412,0.6168387609183944,1
16033,0.6163654238928113,1
13650,0.615186193922203,1
13481,0.6149603613587457,1
26868,0.614709747159543,1
21260,0.612839511445764,1
3929,0.6123759315744851,1
17592,0.6122739689708809,1
12438,0.612250255758699,1
27553,0.6118114213878953,1
29647,0.6117805100411229,1
30800,0.6111235281487007,1
23114,0.6110237635572101,1
26290,0.6107555433610197,1
4643,0.610652737304858,1
27151,0.6106503514769515,1
18853,0.6104483782620573,1
11152,0.6097315641212667,1
9635,0.6094359496081624,1
6659,0.6091376741602074,1
17546,0.6089494665307115,1
18016,0.6088091645283182,1
3556,0.6087273154844692,1
24745,0.6085176930671736,1
11926,0.6081567925847353,1
22523,0.608037264111533,1
16438,0.6079628769824152,1
16969,0.6078928305737449,1
4925,0.607873684849207,1
26889,0.6076182357147656,1
15521,0.6072150019807508,1
6628,0.6071871847424566,1
436,0.6070628032754946,1
30168,0.6068041263889493,1
21275,0.6066473172689532,1
5937,0.6065403912354855,1
2211,0.6061984006670998,1
4966,0.6058302884082658,1
26237,0.6057958376017776,1
25004,0.6056940640834391,1
11674,0.6055811298434448,1
1067,0.6054104657883674,1
5463,0.6051121849256064,1
5599,0.6048746872092847,1
10360,0.6048623571095293,1
13658,0.6047927175842309,1
9879,0.6046968087403567,1
6290,0.6044623440799006,1
29927,0.60416039066919,1
5214,0.6038668391529395,1
14260,0.6038069818897411,1
5275,0.6037355041620835,1
8263,0.603725974012363,1
9639,0.6034279101141417,1
16553,0.6034205855726422,1
21528,0.603389698311008,1
20212,0.6032210610557,1
173,0.6028383173456168,1
10405,0.6027244042119609,1
14908,0.6027130603012305,1
4565,0.6024971302662853,1
27650,0.6021569223013785,1
3546,0.6018428290222713,1
13061,0.6016962161507243,1
29655,0.6014858852596222,1
30231,0.601302247321974,1
25543,0.6012729289539588,1
5551,0.6011579645804774,1
24256,0.6008551167558346,1
25255,0.6008351787404685,1
23213,0.6008085701329217,1
9975,0.6007884732608182,1
22174,0.6004474164096237,1
24284,0.6002385153641014,1
9383,0.6001145620266553,1
4223,0.6000631798896443,1
26879,0.5999381446740302,1
10665,0.5998607781100032,1
11021,0.5998507365114428,1
10303,0.5998214512410383,1
19213,0.5998157742273644,1
524,0.5997248486594128,1
18657,0.5994970747015138,1
18032,0.5992862305458684,1
12354,0.5992352759074921,1
9682,0.5992007543234856,1
16968,0.5988833851819371,1
11239,0.5986587238770615,1
23209,0.5980486257978257,1
26189,0.5979693599436542,1
25254,0.5977389747387519,1
23772,0.5977006097827031,1
11577,0.5975637771986505,1
10802,0.5974459345793778,1
12283,0.5973295650191597,1
7527,0.5973215366083822,1
1229,0.5972009417159992,1
12132,0.5966004109627432,1
27493,0.5965758603634709,1
6,0.5965003154404429,1
25199,0.5962944903149573,1
28240,0.595987665779282,1
410,0.5959505287147393,1
20107,0.595916004519026,1
22608,0.595778303332102,1
17337,0.5954281874128549,1
18552,0.5953385485271314,1
30246,0.5950281695678131,1
1151,0.5950129435796714,1
3478,0.5946240264744183,1
26242,0.5946220858978575,1
14524,0.594589475560172,1
30747,0.5945755863676926,1
11189,0.594573981094949,1
2946,0.5945582130081325,1
25086,0.5945562952195279,1
8129,0.5943567869378424,1
12298,0.5941391637494503,1
7713,0.5940967181755968,1
23705,0.594085959073279,1
8262,0.5940827758844354,1
22642,0.5940453262996133,1
26885,0.5938811706623006,1
3022,0.5937391667219558,1
6537,0.5935988795319528,1
24763,0.5935688439816649,1
9664,0.593550132569187,1
7377,0.5934946613161762,1
34,0.5934508426865911,1
7636,0.5934473564435152,1
14775,0.5932224316950677,1
932,0.5931134764209455,1
3040,0.5931061329122707,1
27111,0.5930750208441051,1
20905,0.5930423385980028,1
10189,0.592604713470396,1
7235,0.592431898976622,1
12883,0.5923618624130372,1
18282,0.5922025910859986,1
22736,0.5921258110515385,1
5357,0.5920510032394403,1
19158,0.5919593364518327,1
10120,0.5918772718772248,1
29790,0.5917979120079248,1
26369,0.5917934497333038,1
14956,0.591744869719077,1
28729,0.5916422787987512,1
18293,0.5915834343135,1
17267,0.5915740395866057,1
3901,0.5915712220506603,1
5436,0.5915367076324771,1
16306,0.5913840356049702,1
14826,0.5913704821114432,1
26528,0.5912919067047845,1
23668,0.5912468605533878,1
6819,0.5910893374207354,1
28175,0.5910582628553085,1
4995,0.5909782811242805,1
19567,0.5909361152954002,1
23740,0.59088291785341,1
26664,0.5907879362518931,1
21960,0.5907583223535297,1
15180,0.5907169282478498,1
5165,0.5907114392883873,1
1079,0.5907007903758252,1
16927,0.5905904102174807,1
29888,0.5904357005304305,1
26339,0.5902703116920461,1
11878,0.5902014298374496,1
22168,0.5901988716891533,1
13319,0.5901845751749804,1
771,0.5900849558193975,1
24660,0.5900536334268998,1
29844,0.5900197112500198,1
9883,0.5898808853485407,1
4595,0.5897059663438059,1
13164,0.5895604748378247,1
10823,0.5893655965642782,1
8076,0.5893122498427632,1
25897,0.5892661810615276,1
9676,0.5890934695871592,1
29814,0.5889536531568429,1
3612,0.5887881364571859,1
18864,0.5885767573963843,1
13814,0.5885702602027973,1
4348,0.5885087520027327,1
18248,0.5884895929611148,1
14569,0.5884502708329451,1
26805,0.5882958767066943,1
26342,0.5882406649667988,1
13365,0.5882358133668567,1
10041,0.5882099732174495,1
11377,0.588206942412364,1
25160,0.5881969238175357,1
4030,0.5881725692566073,1
20182,0.5880200663796893,1
18003,0.5879948353921673,1
26313,0.5878978898084425,1
22861,0.587756512682624,1
28702,0.5877393266251576,1
2721,0.5877367565756147,1
3660,0.5876498478878784,1
16104,0.5875796102172,1
8711,0.5875418003588919,1
21190,0.5875085909930434,1
15206,0.587485125400089,1
16666,0.5874489306878001,1
28145,0.5873253314489041,1
7736,0.5872727201879028,1
28645,0.5872547284173945,1
18116,0.5872196540368495,1
19429,0.5871246712266739,1
4645,0.5871239805770261,1
4773,0.5870239265677781,1
26822,0.5869635793287208,1
24408,0.5869387391738496,1
12579,0.5868929524476626,1
4638,0.5868401378260356,1
18578,0.5866332162180737,1
3907,0.5865638926475235,1
22316,0.5864648122049951,1
30051,0.5863897512820774,1
18557,0.5863613566056611,1
5892,0.5863326676213787,1
17924,0.5862784874562338,1
14181,0.5862302283980184,1
2581,0.5862117312781082,1
13564,0.5861752401241823,1
4079,0.5860199574697001,1
25496,0.5859512356508388,1
21875,0.585790858879243,1
28388,0.5857505702846814,1
29714,0.585682169999716,1
26093,0.5856712148236707,1
17840,0.5856502286400656,1
527,0.5855718384220809,1
1028,0.5855289212462254,1
8152,0.5854846674605952,1
27465,0.5854704844352782,1
6071,0.585415960904253,1
8874,0.5853729917412486,1
26741,0.5853370519324564,1
27684,0.5853139802570227,1
9305,0.5853114471116241,1
26530,0.5853035757034294,1
28020,0.5852716195003651,1
3083,0.5851907240683201,1
4445,0.5850062200811132,1
5489,0.5849892730207349,1
27480,0.5849672981696329,1
15040,0.584963509447226,1
16757,0.5848761815835182,1
28585,0.584849891951229,1
29627,0.5845946304883405,1
4092,0.5845873196687095,1
25886,0.5845286013125071,1
23257,0.5844955518204796,1
19236,0.5844742904124396,1
18519,0.5844666801386194,1
12052,0.5844332706678182,1
15302,0.5844292639195079,1
25059,0.5844265843517394,1
20663,0.5843001035800772,1
21999,0.5842768454643074,1
20929,0.5842492784908211,1
30069,0.5840321576292475,1
25891,0.5839125743338563,1
2038,0.5838788839508703,1
15952,0.5838264167598772,1
16636,0.5837629959268844,1
15936,0.5837058243045639,1
3033,0.5836090628767695,1
4532,0.5835675153545921,1
30748,0.5835236758102446,1
19669,0.5834505368697472,1
28447,0.5834499425844735,1
3155,0.5834491175963612,1
1134,0.5834275125948354,1
18525,0.5833582035751728,1
8584,0.5831186592936767,1
8658,0.5830858017676551,1
15257,0.5830630724206771,1
30368,0.5830546304922809,1
30418,0.5829048287157099,1
26371,0.58289397522645,1
6252,0.5828895106426555,1
9082,0.5828042474927346,1
26516,0.5827825204697742,1
4297,0.5824604514628887,1
26690,0.5824265551153627,1
1586,0.5824195870861772,1
24045,0.5824163042415201,1
5193,0.582385814509518,1
1680,0.5823807663561719,1
22365,0.5823051560113982,1
4540,0.5822540921885141,1
6391,0.5821672112268526,1
17255,0.5821429054126533,1
21809,0.5820887764039661,1
6190,0.5820471678949226,1
26697,0.5820117856841232,1
30650,0.5819634115614006,1
15164,0.5818909988713233,1
14861,0.5818573787807453,1
29592,0.5817200082868211,1
1724,0.5816777312262872,1
7286,0.5816273390182587,1
1485,0.5816190685768731,1
15332,0.5815288975910163,1
4467,0.5814309747482301,1
25743,0.5814068962591534,1
19656,0.581355429316292,1
5120,0.5813529737928641,1
15492,0.5813444219186696,1
12529,0.5813372832035453,1
21201,0.5813156145581059,1
27411,0.5812931211678507,1
31056,0.581252208814083,1
11797,0.5812234156228775,1
8948,0.5812129415063425,1
11768,0.5811965431821661,1
20750,0.5811934800621863,1
6722,0.5810785280884937,1
18128,0.5810662413599137,1
8944,0.5810195420506475,1
28733,0.5809870034560898,1
13826,0.5809812227881165,1
10292,0.5809696864031652,1
3486,0.5809150656424625,1
12981,0.5808764839667478,1
11060,0.5807078041526141,1
6943,0.5806985645401705,1
3173,0.5805699366860892,1
23266,0.5805650454208898,1
25731,0.5805616287095482,1
564,0.5804850249321981,1
16012,0.5804655157404531,1
16335,0.5804507621263272,1
4193,0.5804496816450933,1
22080,0.580406615288437,1
11716,0.5803860961336489,1
624,0.5803082353948881,1
19137,0.5802763750064555,1
14228,0.5802070678795329,1
29430,0.5801718886162297,1
9481,0.5801440648574006,1
10123,0.5800983328642243,1
9892,0.580016075644352,1
23118,0.5799632543792659,1
14671,0.5798526026595545,1
28141,0.579828772471447,1
24453,0.5797883814914937,1
20655,0.579724003811839,1
17706,0.5797227228212283,1
1288,0.5797133328278419,1
27372,0.5796689457766022,1
3954,0.5795791004653921,1
4602,0.5795012941002917,1
8860,0.5794773909522789,1
29870,0.5793628736551303,1
27794,0.5793433111700991,1
28809,0.5793396091033132,1
1595,0.5792974388463652,1
29942,0.579256141044571,1
27658,0.5791519739924033,1
8501,0.5791305135058661,1
6498,0.5790674072773466,1
1699,0.5789831362109427,1
7994,0.5789711204108187,1
30214,0.5789249819689353,1
7695,0.5788943663392909,1
20962,0.5787768183708708,1
30439,0.5787414495260357,1
19535,0.5787348567871491,1
25630,0.5786464901471846,1
16140,0.5786195012938686,1
31311,0.5785983281829695,1
20738,0.5785680125601202,1
23186,0.5785569437449649,1
8898,0.5785421808618553,1
22059,0.5784614057703104,1
18838,0.5784397249130765,1
5337,0.5784005260025765,1
27858,0.5783703727991856,1
10727,0.5783534187352245,1
13992,0.5783070859895387,1
2762,0.5782275247536236,1
20030,0.5780885944115941,1
9979,0.5780821692182088,1
6528,0.5780628467626723,1
21734,0.5780408083991683,1
7557,0.5779836229181659,1
6782,0.5778031719166499,1
27025,0.5777185597236337,1
10819,0.5776920462683193,1
26295,0.5776811826243963,1
11601,0.5776434112620094,1
11786,0.577622138100223,1
11263,0.577619633059212,1
16507,0.5776159186377705,1
22556,0.5775425118201494,1
9718,0.577514658253587,1
5893,0.5774985201906874,1
15428,0.5774316500299057,1
46,0.5774204902366908,1
22460,0.5774173712720727,1
18227,0.5773582565559467,1
7871,0.5773329991315703,1
6806,0.5772913508212949,1
14896,0.577281651750734,1
15483,0.5772698107391464,1
2458,0.5771736038389371,1
20418,0.5771696318777656,1
8119,0.5771634945247444,1
4663,0.577145233883341,1
12325,0.57714494282725,1
21497,0.5770776525940989,1
4541,0.5770007991185012,1
2362,0.5768878300227243,1
18122,0.5768856511542139,1
11257,0.5768815521683938,1
25296,0.576857438139577,1
18871,0.5768243950612546,1
28835,0.5768109043239703,1
7435,0.5767538326242778,1
14420,0.5767467249670718,1
29560,0.5767362615431942,1
6419,0.5767064876611889,1
16116,0.5766446981397019,1
17186,0.5766313962047236,1
6142,0.5765963396073315,1
10537,0.5765167229921776,1
31090,0.5765007701278421,1
3952,0.5764925987358395,1
13311,0.5764860326600657,1
26020,0.5764718844407933,1
24643,0.5764588498776937,1
2429,0.5764383658325929,1
25193,0.5764228181876222,1
8799,0.5764145083404287,1
2026,0.576333229533461,1
20860,0.57631723419099,1
30060,0.5762935248349694,1
7274,0.5762379026695804,1
25744,0.5761442304721084,1
22239,0.5761382145487933,1
9366,0.5761334418168466,1
5796,0.5761153683005624,1
14637,0.5761062749776846,1
8498,0.5761049189208657,1
24480,0.5759953688899165,1
7423,0.5759298266328863,1
27748,0.5758595855747797,1
23151,0.5758338206939864,1
28785,0.575820398797124,1
7769,0.5758079317392588,1
9128,0.5757971384251133,1
11013,0.5757918636622111,1
5846,0.5757862065881175,1
30524,0.5757821268859381,1
957,0.5757702602068052,1
2065,0.5756663636097149,1
2,0.5756661082030494,1
1411,0.5756653662374984,1
28452,0.5756605007280892,1
590,0.5756016267934059,1
2943,0.5754564662365117,1
21353,0.5752946108601155,1
29689,0.5752776023543935,1
30685,0.5751683328189315,1
5486,0.5751561138322377,1
20005,0.5750242971066443,1
1354,0.5749903033392968,1
24837,0.5749829177693978,1
24864,0.5749659485680073,1
6771,0.5749270003865556,1
23288,0.5747762810295378,1
11715,0.5747523054646241,1
2074,0.5747428007900839,1
14222,0.5746935090457538,1
20438,0.5746796687255062,1
7514,0.5746764195503596,1
11392,0.5746395552566902,1
2178,0.5746287192053041,1
18314,0.574504500770802,1
23916,0.5744988926876327,1
11752,0.5744918722443703,1
18330,0.5744535545457166,1
5229,0.5744470244013355,1
21358,0.5744357171864518,1
23160,0.5744146503047716,1
485,0.5744108778634626,1
6566,0.5743531143860163,1
26227,0.5743502991570028,1
6446,0.5743481049053792,1
31331,0.5742802115200145,1
26145,0.574261998019602,1
18011,0.5742171241700599,1
10541,0.5741725109972158,1
2227,0.5741698078515417,1
5641,0.5741609849070114,1
7751,0.5741602174558654,1
371,0.5741473611609247,1
3012,0.5741168327551656,1
10725,0.5741035102665353,1
29099,0.5740335162547605,1
28191,0.5739836522830967,1
11091,0.5739804710591718,1
24006,0.5739239993806223,1
2093,0.5739102403522746,1
20229,0.5739077240409807,1
10595,0.5738951547231452,1
30354,0.5737860800719243,1
13482,0.5737706284039398,1
24928,0.5736894307717707,1
25276,0.5736852553982648,1
21377,0.573667832706156,1
9240,0.573555005251932,1
11564,0.5735216561782611,1
20240,0.5735092086237766,1
18605,0.5734855446585142,1
6078,0.5734612406853259,1
29753,0.5734575607477607,1
11873,0.5733400525225025,1
27897,0.5733338396077066,1
29607,0.5732864143929343,1
18576,0.5731960556409511,1
12269,0.5731877229395969,1
2164,0.5731512182720236,1
14410,0.5731392074798642,1
25756,0.5731134690226611,1
27940,0.5731068718671991,1
12907,0.5731013240057498,1
26523,0.5731007186023654,1
16655,0.5730806579020777,1
9043,0.5730585090105589,1
18131,0.5730389943760688,1
14496,0.5730044832173605,1
21883,0.5729873596362048,1
16675,0.572878240893624,1
30499,0.5728611277938019,1
18264,0.5727879296118084,1
17140,0.5727704968105474,1
2597,0.5727383987361577,1
28739,0.5727168663419956,1
710,0.5726607650297771,1
254,0.5725497567921595,1
7494,0.5724708968796237,1
1271,0.5724544634555223,1
26935,0.5724178879065253,1
2033,0.5724049543903142,1
25753,0.5723596781766407,1
24506,0.5723474588609083,1
28798,0.5722556126380309,1
25939,0.5721106489447202,1
5125,0.5720829470289747,1
17040,0.5720671433313481,1
7505,0.5720555637027073,1
24690,0.5720343406693599,1
28903,0.5720321355811738,1
14717,0.5719767752759046,1
29605,0.5719169638488626,1
5772,0.5718740041168637,1
7985,0.5718732501517058,1
12847,0.5718473417233375,1
25402,0.5716963918208998,1
28708,0.5716840795441198,1
28323,0.5716757633751893,1
11460,0.5716695548186211,1
200,0.5715878680128351,1
24524,0.5715655516044733,1
25745,0.571558393757682,1
422,0.5715418858699046,1
16791,0.5715370153396888,1
5955,0.5714559277545417,1
28737,0.5714448055317335,1
10176,0.5714447884263858,1
6154,0.5714099269522024,1
19208,0.5713997346564799,1
8748,0.5713081691887221,1
1482,0.5712811529524692,1
8205,0.5712694329783368,1
2028,0.5712206366094972,1
17062,0.5712107282984572,1
1466,0.5711850686425496,1
14990,0.5710592923856345,1
1287,0.5710145248166243,1
21285,0.5709610705062172,1
13169,0.5709538384754089,1
27343,0.570943347066024,1
2271,0.5708914811715416,1
25882,0.5708379481574447,1
21382,0.570826457376129,1
6324,0.5708263950852461,1
24563,0.5708249380343754,1
2404,0.5707838001063643,1
5007,0.5707205400138321,1
5706,0.5706831708755968,1
28947,0.5706656807548401,1
8126,0.5706570416560707,1
14891,0.5706316956169667,1
10711,0.5706167151685487,1
13023,0.5706057822070376,1
11731,0.5705575104412601,1
27828,0.570550295888242,1
21074,0.5705156405429436,1
1713,0.5705030529841048,1
15354,0.5705016022456636,1
8592,0.5704429978804618,1
20883,0.570427612561968,1
10108,0.5703785613592434,1
16302,0.5702349607226695,1
953,0.570108907178566,1
5901,0.5700798401447992,1
7314,0.5700325995318459,1
19301,0.5700264179002187,1
21662,0.5700069850717329,1
19101,0.5699875781261425,1
2706,0.569981289004302,1
8673,0.5699640047473381,1
15781,0.5699470600307132,1
27978,0.5699399689661249,1
7268,0.5698665958340099,1
10402,0.56981882914213,1
17215,0.5698135910190505,1
13390,0.5697657712232939,1
22069,0.5697504465054314,1
19540,0.5697002322517078,1
26606,0.569648247057054,1
17847,0.5696285642831005,1
7340,0.5696161117977199,1
5060,0.5695934475519915,1
25101,0.5695589760953639,1
14888,0.5695292658171693,1
3573,0.5695018500503592,1
3687,0.5694900805912567,1
31298,0.5693948358300326,1
16189,0.569375039202724,1
26634,0.5693430040556738,1
3369,0.5693162430305828,1
19676,0.5692788488518092,1
28089,0.5692372745123894,1
12509,0.5692356971218286,1
14740,0.5692227647694404,1
795,0.5692168063720711,1
23200,0.5692127353952562,1
24781,0.5691811319650187,1
13056,0.569160854631713,1
2713,0.5691514721060466,1
29916,0.5690699992592086,1
6373,0.5690322319861241,1
5309,0.5690073970956854,1
8796,0.5689983837570349,1
9833,0.5689651561444528,1
26034,0.5689332898187293,1
5584,0.5689241674408535,1
20264,0.5689222862934372,1
10071,0.5688798191713968,1
10416,0.568867087962108,1
30805,0.5688400312936499,1
16380,0.5688225119711017,1
20242,0.5688160442723585,1
5220,0.568774589533427,1
24153,0.5687250129069847,1
27057,0.5687146854156722,1
27741,0.5686805389684683,1
6563,0.5686551089144634,1
24939,0.568651976074334,1
18749,0.5686061282412049,1
983,0.56853797080642,1
16028,0.5685206070027999,1
27966,0.5685190419606729,1
28745,0.5684741389825528,1
28552,0.5684693012862246,1
6422,0.5684104700747605,1
23281,0.5683356029017346,1
27425,0.5683222100785376,1
25384,0.5683157197164795,1
13286,0.5682836629023106,1
26922,0.5682541512472404,1
13153,0.5681747399605072,1
17117,0.568158632022905,1
13287,0.5681094945870351,1
16849,0.5680984990668929,1
11339,0.5680833728802281,1
3498,0.567988624148963,1
8932,0.5679305177102499,1
14841,0.5678562637440538,1
14311,0.5678336964608568,1
7102,0.567807937457198,1
21929,0.5677615777536256,1
25965,0.5677078839078336,1
19600,0.5676827266405357,1
25085,0.5676825153892132,1
24779,0.5676528285705432,1
21040,0.5675817143369271,1
4733,0.5675801426637475,1
10891,0.5675495457859696,1
12219,0.5675490559591823,1
6586,0.5675231845385935,1
12071,0.5675142502432469,1
14280,0.5674337531442802,1
21341,0.5674208516195187,1
3691,0.567406380726149,1
21936,0.5674027693200598,1
29028,0.5673949936569995,1
23862,0.5673818397171957,1
20127,0.5673275350880894,1
2367,0.5672323629524534,1
20332,0.567204257806056,1
23332,0.5672022725759973,1
10690,0.5671289465200305,1
13806,0.5671066511702899,1
9012,0.5670939504377006,1
16282,0.5670573770563592,1
24158,0.5670569779617485,1
29379,0.567041819599525,1
24166,0.5670025300780135,1
16671,0.5669666144670726,1
19672,0.5669587810470029,1
4337,0.5669148777036102,1
27450,0.5669061090100039,1
1208,0.5668848532410345,1
18271,0.5668848425615096,1
1941,0.5668014098172725,1
9126,0.5666870994479717,1
14358,0.5666501162629272,1
7200,0.5666437841786234,1
17627,0.5665934509794551,1
17521,0.566535559999847,1
29203,0.5664612702509749,1
26522,0.5664320632087813,1
7082,0.5663665074503005,1
2494,0.5663613743613187,1
7588,0.5663544030245586,1
15125,0.5663085758663192,1
6641,0.566305420440387,1
30752,0.5662151011641372,1
3625,0.5661439697588715,1
6558,0.5660562434831532,1
12601,0.5660180084543601,1
21753,0.5660177508979582,1
70,0.566007207750935,1
8811,0.5659942738276089,1
6156,0.565943606721596,1
3692,0.5659432741581281,1
6937,0.5658973265855137,1
18292,0.565868894498784,1
26122,0.5658461645763354,1
25626,0.5658293401458325,1
31105,0.5658123667332798,1
25032,0.5658081192429995,1
9351,0.5657244589591351,1
6839,0.5656817273626175,1
28599,0.5656537353569177,1
29247,0.5656455222242058,1
27548,0.5655655110801111,1
23775,0.5655459194748184,1
23385,0.5655386745103227,1
23589,0.5655306986543951,1
9871,0.5655089189146421,1
20330,0.5654372518027756,1
19435,0.5653766069137682,1
10580,0.5653325648799447,1
5560,0.5653238178110391,1
24612,0.5653237959134247,1
6291,0.5653046082271043,1
30362,0.5652938299172011,1
17851,0.565286754751316,1
25901,0.5652765742710139,1
10877,0.5652696451765099,1
12428,0.5652163528936077,1
10157,0.5652142985587821,1
31051,0.5651652238569196,1
22099,0.5651491010858174,1
5369,0.5651440336760171,1
4036,0.5651398132285594,1
1554,0.5651372510146473,1
27226,0.5651073549070569,1
14341,0.5651046043295102,1
27710,0.565059479514969,1
2771,0.5650369551780254,1
17277,0.5650059886311857,1
500,0.5649375073502659,1
24775,0.564929317999355,1
9151,0.5649027498742342,1
12744,0.5648828456317245,1
13361,0.5648683494008739,1
8782,0.5648381316916897,1
29982,0.5648308582515997,1
17441,0.5648251248196839,1
9319,0.5647802080534532,1
31062,0.5647527247207078,1
25421,0.5647434851649443,1
8479,0.5647248998629646,1
13668,0.5647054136756837,1
24326,0.5646627614558138,1
14762,0.5646389474779583,1
22713,0.5645863161782638,1
3218,0.5645569998139325,1
30167,0.5645194157537823,1
13638,0.5645046928729943,1
29865,0.5644777945338842,1
1776,0.5644542264735599,1
25984,0.5644093587688962,1
16978,0.5643798905385032,1
18245,0.564344910037359,1
31140,0.5643387646786879,1
26965,0.5643271715970022,1
15961,0.5642736372552413,1
13895,0.564260800633784,1
11167,0.5641303681725951,1
29776,0.5641025332369045,1
21920,0.5640884476222802,1
21253,0.5640847778967756,1
6834,0.5640632962957578,1
13843,0.5640466153583619,1
2133,0.5640174420269111,1
19460,0.5639573466910931,1
71,0.5639232742116241,1
10398,0.5638961825195163,1
31193,0.5638823487292186,1
19071,0.5638637667806307,1
13543,0.563851118870708,1
29520,0.563773357577672,1
28994,0.5637719811576951,1
29233,0.5637470436304407,1
1859,0.563711917991323,1
17459,0.5637111457751409,1
8989,0.5637103891155737,1
18495,0.5637080928049013,1
19217,0.5636733685480173,1
10165,0.5636399120230248,1
7069,0.5636119739936711,1
2915,0.5635656434630606,1
6065,0.5635474218354019,1
27589,0.5635378772448785,1
5134,0.563533435100275,1
17247,0.5635253828623903,1
7748,0.5635114770393357,1
16230,0.5634659396731243,1
21032,0.5634587069051156,1
17468,0.5634499288612336,1
25989,0.5634427430959122,1
640,0.5633749029197388,1
9985,0.5633407492247086,1
2217,0.5632978926970662,1
10155,0.5632480675521032,1
23211,0.5632435022687902,1
7532,0.5632395137338321,1
17727,0.5632380423827922,1
9186,0.5631566224188364,1
24310,0.5631451846041202,1
28783,0.5630814676939403,1
6594,0.5630608184408786,1
2921,0.5630268700670814,1
17799,0.5630207628537426,1
13318,0.5630179268872376,1
15671,0.5629691459132791,1
7158,0.5629546764176196,1
9562,0.5629148930463578,1
1321,0.562913350644776,1
11500,0.5629099755424416,1
1401,0.5628296696857988,1
3391,0.562813401191727,1
8132,0.5628096483568974,1
9453,0.562746495972823,1
7633,0.5627464435158223,1
18036,0.5627055890862731,1
22852,0.562695910617605,1
19981,0.5626610475115335,1
19797,0.5626179234212896,1
29719,0.5625884865994172,1
19308,0.562575637615501,1
7460,0.5625464414589583,1
17165,0.5625114889121087,1
26990,0.5625023723292989,1
12729,0.5624128507482545,1
3178,0.5623516394473491,1
5300,0.562344421002456,1
18598,0.5622989449500281,1
1516,0.5622709581887723,1
17839,0.5622214148481909,1
9428,0.5621329655593732,1
19969,0.5621323554964361,1
9509,0.562124152069548,1
1951,0.5621107627345938,1
12575,0.5620726984525072,1
20353,0.5620569651128171,1
2198,0.5620381929530701,1
11154,0.5620285608349153,1
27075,0.5620245947142827,1
13126,0.5619999203385775,1
13193,0.5619827775466647,1
12200,0.5619641984491603,1
5327,0.5619592057905558,1
9802,0.5619516245411117,1
1148,0.5619052007020521,1
18320,0.5619018748015526,1
10518,0.561831065900105,1
12094,0.5617883443097605,1
19467,0.5617707450810231,1
24645,0.5617526686943731,1
8767,0.5617323281958609,1
21911,0.5617228544492946,1
19844,0.5617051924179465,1
23541,0.5616951446941673,1
29890,0.5615993513474286,1
4882,0.5615897280125021,1
18617,0.5614995770897449,1
11837,0.561445406654743,1
12839,0.5614426819143198,1
22712,0.5614402570446133,1
10079,0.5614355834426294,1
21334,0.5614279831597042,1
10409,0.5614105060104727,1
11863,0.5613440963240138,1
4163,0.5613392728068737,1
6582,0.5612603902760417,1
29683,0.5612430936814208,1
10124,0.5612411672390377,1
22432,0.5612129019150193,1
20592,0.5611497058584072,1
16860,0.561087052095344,1
9972,0.5610268287959286,1
25130,0.5609937257777056,1
6337,0.5609914153620674,1
23073,0.5609739750450305,1
30850,0.5608722596145038,1
14140,0.5608698994452126,1
328,0.5608129757374452,1
30349,0.5607950935574756,1
2208,0.560782250958302,1
27268,0.5607790311815326,1
3049,0.5607290764606606,1
15420,0.5607227411356666,1
25673,0.5607215829790666,1
15525,0.5607097611080384,1
12229,0.5607090056368323,1
27191,0.5606992387630699,1
4646,0.5606987812059377,1
21904,0.560668767674287,1
3471,0.5606614910256873,1
15852,0.5606577084564501,1
10978,0.5606565818569331,1
8982,0.5606550779336676,1
30541,0.5606296278791464,1
30766,0.5606147900798949,1
20940,0.5605445282609842,1
25992,0.560492207154707,1
13077,0.5604854639587938,1
19522,0.5603865886438826,1
24265,0.560317227338607,1
21436,0.5603113451673857,1
2100,0.5602956169000088,1
7190,0.5602894010952704,1
18638,0.5602886537095172,1
20239,0.5601912302558822,1
17812,0.5601716911406203,1
11242,0.560086080092413,1
8751,0.5600831377517157,1
7258,0.5600595521625574,1
16990,0.5600501110456615,1
25661,0.5599545070843628,1
18213,0.5599479918855279,1
8308,0.5599364915826787,1
1501,0.5599192855399295,1
27810,0.55988987378831,1
18108,0.5598654325569923,1
23885,0.5598223968060335,1
6880,0.5598223221701903,1
1824,0.5597920751552578,1
4319,0.5597811944578972,1
6739,0.559750582999407,1
3141,0.5597497784187432,1
14611,0.5597437564396636,1
17832,0.5596586458143759,1
20522,0.5596572213079781,1
2157,0.5596508304102014,1
14352,0.5596503004174497,1
10250,0.5596475842561459,1
20150,0.5596009390207872,1
3549,0.5595995343733287,1
20187,0.5595614609320964,1
26168,0.5595510772558733,1
3451,0.5595496727670072,1
24799,0.5595416860381315,1
5776,0.5595353284741514,1
20314,0.559534319582729,1
21397,0.5594893648950783,1
17771,0.559485928333597,1
17668,0.5594538471679429,1
17424,0.5594508040620493,1
8689,0.5593529535403133,1
29175,0.5592557004406206,1
10648,0.5592238572329162,1
7133,0.5591912286181804,1
1103,0.5591434750374585,1
22731,0.5591173298427141,1
27150,0.559058769658503,1
24465,0.5590473320689701,1
18896,0.5590076348758185,1
9638,0.5589508332482117,1
22787,0.5589040174837868,1
21359,0.5588833115467202,1
30314,0.5588799034106419,1
28404,0.5588776683852028,1
27410,0.5588407146816426,1
19795,0.5587702206218436,1
18070,0.5587495008445863,1
20690,0.5586479338996737,1
16858,0.5586283542060037,1
17848,0.5586180496983423,1
1525,0.5586141114817713,1
24652,0.5585810502454682,1
15570,0.5585482603958067,1
16611,0.5585403967125225,1
15697,0.5585307072770651,1
16904,0.5584943048345328,1
23125,0.5584795159661333,1
4185,0.5584655266091386,1
7449,0.5584643418676943,1
30783,0.5584487548733891,1
12125,0.5584106660889436,1
9347,0.5583350263023558,1
14446,0.5583140489611306,1
12277,0.5583077844725586,1
20223,0.5583008610879727,1
25018,0.5582696909917302,1
15534,0.5582527804920724,1
21653,0.5582328036818531,1
6039,0.5582246612795667,1
1866,0.558222740726464,1
25680,0.5582084709726964,1
1909,0.5582077892164927,1
5316,0.5581987283087045,1
25434,0.5581940406114023,1
30371,0.558186295563973,1
1710,0.5581724951777409,1
13715,0.5581691649137206,1
24067,0.5581500786769582,1
2185,0.5581369558857464,1
2974,0.558108472823266,1
7526,0.5581071759922438,1
25065,0.5580960656243397,1
10451,0.5580890953611871,1
1356,0.5580818221449014,1
17861,0.5580033733760638,1
525,0.5579714321375656,1
23780,0.5579607521301181,1
1183,0.5579540901680623,1
19465,0.5578671916640167,1
30899,0.5578257492915266,1
2832,0.557807980477466,1
22261,0.5577994296700508,1
28219,0.5577494400220965,1
8586,0.5577181533816884,1
4590,0.5577066886662004,1
30830,0.5576724708295054,1
5341,0.5576453346192395,1
28832,0.5576422941111598,1
161,0.5576353757825466,1
18596,0.5576336651691153,1
21870,0.5576276895911073,1
7975,0.5576191777055634,1
18891,0.557573193261933,1
19607,0.5575257645879698,1
23216,0.5575148913965455,1
10318,0.5574732864365487,1
20810,0.5574211872254949,1
4935,0.5574185318041498,1
6063,0.5573985411555242,1
729,0.5573757659701181,1
9121,0.5573407287048854,1
18002,0.5572908985246406,1
25313,0.5572736081938338,1
26343,0.5572498855351523,1
30767,0.5572490934579278,1
10487,0.5572420768922798,1
7175,0.5572389194435895,1
16866,0.5571891352068016,1
19603,0.557129319198169,1
14248,0.5571165716205198,1
11155,0.5571097250950142,1
16066,0.5571008274898371,1
16805,0.5570988729207911,1
3970,0.5570967248420216,1
1131,0.5570856832058287,1
26257,0.5570535139779131,1
18395,0.5570441397495532,1
1164,0.5570395218721496,1
23984,0.5570393821588218,1
18376,0.5570161729575286,1
11010,0.5570079475668691,1
24688,0.5569756736943604,1
12506,0.5569428105680894,1
5308,0.5568899627753359,1
20344,0.5568873754862964,1
6237,0.5568836392001928,1
8734,0.5568727391521907,1
26716,0.5568582436053653,1
25317,0.5568425335304926,1
27625,0.5568241884148306,1
7955,0.5567849710610286,1
8455,0.556784227354119,1
4115,0.5567682063146506,1
4336,0.5567532237393796,1
25708,0.5567184967915346,1
16223,0.556661382829223,1
16754,0.5566468059238188,1
25450,0.556645158112443,1
4682,0.5566193745646111,1
31040,0.5566016284244723,1
11849,0.5565922629743268,1
22295,0.5565743699168773,1
25894,0.5565736686464673,1
19138,0.5565557255457158,1
5465,0.5565315351076029,1
29324,0.5565155492012273,1
23874,0.5564588479421348,1
30329,0.5564467086132016,1
4621,0.5564451144818842,1
960,0.5564005790533966,1
17679,0.5563896806374165,1
23558,0.5563648915929422,1
12523,0.5563496082853341,1
23973,0.5563448017755597,1
10530,0.5562812642573679,1
20795,0.5562304147123508,1
19034,0.5562189969477392,1
12173,0.5561550856506321,1
22514,0.5561450869111202,1
3264,0.5561336181281133,1
23539,0.5560871994971177,1
7544,0.5560550569462781,1
17354,0.5560363905233101,1
255,0.5560346466516005,1
16227,0.5560239331022175,1
6356,0.5560203161568498,1
28470,0.5560081204004252,1
26763,0.5560012306479899,1
9651,0.5559971930775834,1
27369,0.5559461128144314,1
23082,0.5559238868911551,1
16175,0.555862104859482,1
1500,0.5558355600790157,1
1805,0.5558279330981061,1
16650,0.555793652303655,1
12230,0.5557429012703973,1
11514,0.555724945140506,1
20217,0.5556893246292423,1
15659,0.5556873337557354,1
19830,0.5556511790729579,1
28493,0.5556467579881426,1
19983,0.5556379816759887,1
29434,0.5556262579203984,1
19908,0.5556196087213932,1
23597,0.5556147687021368,1
14845,0.5555966037326838,1
3169,0.5555347525403138,1
29207,0.5555280963239247,1
11634,0.5555059938588451,1
17237,0.5555047404915585,1
5570,0.5554853308096762,1
2120,0.5554235159401957,1
8317,0.5552827866767971,1
27619,0.5552761176211406,1
20116,0.5552672283927106,1
31075,0.5552286973146381,1
109,0.5552058024013072,1
18180,0.5551558740063016,1
1323,0.5550927539548232,1
15208,0.5550740419313577,1
25153,0.5550737917112413,1
12559,0.5550491879914109,1
19319,0.5550473603502616,1
29750,0.555008452868121,1
7128,0.5549790906068433,1
16510,0.554876804853149,1
12462,0.5548660365132948,1
30210,0.5548632460171284,1
31061,0.5548219265152743,1
27566,0.554821922046917,1
12075,0.554811058520415,1
8171,0.554807468559674,1
28363,0.5547948517825985,1
28969,0.5547934240808018,1
17043,0.5547901994128307,1
4477,0.5547801871654161,1
17031,0.5547755821518728,1
17643,0.5547748999517917,1
29853,0.5547704517627396,1
16925,0.5547625452081952,1
15088,0.5547599287695728,1
26506,0.5547581974795205,1
16286,0.5547579381334338,1
22048,0.5547545131697598,1
17394,0.5547290134370731,1
8754,0.5547104907151915,1
19292,0.5547057529417474,1
23756,0.5546951207629054,1
4527,0.5546896520685558,1
4327,0.5545861112846593,1
20349,0.5545586244788516,1
21440,0.5545559553227257,1
20870,0.5545396511517604,1
15946,0.5545389209807106,1
12922,0.5545195859508137,1
11881,0.5545143917578005,1
23458,0.5544426494144903,1
15744,0.5544252592603083,1
11820,0.554383755892465,1
3425,0.5543795851800006,1
10130,0.5543749067903747,1
25369,0.5543718022907688,1
15039,0.5543528039309904,1
29266,0.5543336621641324,1
1936,0.5543274540101933,1
3574,0.5542961156607806,1
11124,0.5542911918875507,1
22282,0.5542405547375253,1
14747,0.5542194069915596,1
21770,0.5542121950010023,1
7610,0.5542029325252568,1
11827,0.554198756905324,1
25869,0.554182169710502,1
4456,0.5541339635657194,1
3221,0.5541318876208354,1
21915,0.5540579745195796,1
24854,0.5540367273071246,1
11108,0.5540227437667555,1
4413,0.5540078699535563,1
23767,0.5539352314924421,1
17222,0.5539256872970175,1
30313,0.5539214221757128,1
311,0.5539113056213164,1
345,0.5538705543775286,1
20220,0.5538535344620418,1
4963,0.5538129013147352,1
5347,0.5538068232326695,1
31288,0.5537890072399385,1
6902,0.5536849578838794,1
5150,0.5536783876511988,1
22258,0.5536728121648625,1
24347,0.553670747280066,1
18897,0.5536451259113141,1
1395,0.5536311849536996,1
28087,0.5536221204300212,1
14992,0.5535546524632796,1
1252,0.5535413164164461,1
5020,0.5534883305307619,1
29287,0.5533972982296533,1
8265,0.5533351587324581,1
28971,0.5533028186529587,1
25442,0.5532997379489989,1
8920,0.5532839956822595,1
17863,0.553283556923108,1
8649,0.553233858769562,1
4990,0.5532315549104357,1
26006,0.553182624570291,1
26501,0.5531200759108994,1
2460,0.5531089941474321,1
28354,0.5531055359643661,1
7995,0.553067761889497,1
1753,0.5530587725352784,1
11508,0.5530325031513129,1
28362,0.5530324191061782,1
25979,0.5530055243346363,1
6515,0.552983151100873,1
27346,0.5529600719046909,1
11553,0.5529457314740597,1
18764,0.5528963886171335,1
16965,0.5528933231785966,1
10221,0.552858715668761,1
20092,0.5528361844010186,1
12980,0.5528258938743673,1
13326,0.5527980051796063,1
5933,0.5527942163515551,1
29892,0.5527566783911522,1
20611,0.552750582726763,1
31149,0.5527201918102103,1
2253,0.552703054088707,1
11192,0.5526689569362394,1
20910,0.552628693635397,1
15469,0.5525854120125756,1
11554,0.5525794369033181,1
11498,0.55253030397676,1
12961,0.5525250136428703,1
11626,0.5525210995640645,1
1923,0.5524942237075666,1
3703,0.5524904070858123,1
30213,0.5524556785936058,1
9392,0.5524549969015257,1
28746,0.5524398768606819,1
24266,0.5524256827554886,1
28344,0.5523696855484402,1
25658,0.5523047476987689,1
17378,0.5522544486253663,1
3840,0.5521921310367692,1
11240,0.5521604324730723,1
26044,0.5521464244889216,1
6616,0.5521448733192608,1
24511,0.5521238686475577,1
25791,0.5520744855276574,1
21342,0.5520547885420456,1
26777,0.5520358935196567,1
7981,0.5520252932520779,1
11197,0.5520067020108906,1
7416,0.5519932527222313,1
26719,0.5519852592037896,1
9636,0.5519107464826128,1
20607,0.5518623711481029,1
27727,0.5518129812473884,1
30250,0.5518121427483864,1
11466,0.5517943744060574,1
9537,0.551780984401463,1
18233,0.5517784751023613,1
7462,0.5517687262629204,1
7229,0.5517260494937468,1
24164,0.5516947959122579,1
437,0.5516771714706276,1
30866,0.5516189300100367,1
12159,0.551599323758214,1
10677,0.5515855591877387,1
26474,0.5515854484036473,1
14523,0.5515712291496908,1
29701,0.5515519688574814,1
23362,0.5515471097089351,1
24010,0.5515169901317121,1
30990,0.551510434268702,1
8735,0.5513944740099446,1
5808,0.551360409279416,1
7888,0.5513446675994051,1
22171,0.551301460043127,1
1297,0.5512884832901793,1
18159,0.5512874444740365,1
645,0.5512534052078711,1
23582,0.5512487302517389,1
25015,0.5512422670870109,1
627,0.5512279447964918,1
4238,0.5512140652143835,1
10963,0.5512136470150819,1
28990,0.5511790542429121,1
7586,0.5511505717261996,1
22686,0.5510892787754522,1
23526,0.5510850497577616,1
24761,0.5510694645862383,1
13654,0.5510498656901435,1
28841,0.5510277332239478,1
15602,0.5510225397286844,1
28674,0.5510162078994627,1
6562,0.5510106933287213,1
19645,0.5509787448693431,1
14063,0.5509753302221724,1
7898,0.5509689944812544,1
14509,0.5509686235817727,1
16177,0.5509592898290331,1
30016,0.5508723974027382,1
11925,0.5508494764735556,1
30809,0.5508058071164208,1
1364,0.5507983596439945,1
12236,0.5507402453588839,1
13145,0.5507304042606418,1
19302,0.5507224290275353,1
24189,0.5507151754088393,1
19245,0.5506900290812952,1
16406,0.5506638916375934,1
2436,0.5506481967617421,1
28072,0.5506453508297675,1
19693,0.5505762683415579,1
13068,0.5505730230485723,1
25119,0.550513639000048,1
6329,0.5504912635740936,1
18454,0.5504729532586742,1
1204,0.550421987214254,1
16606,0.5504163140484029,1
16254,0.5504129066751715,1
5605,0.5504092736530901,1
11025,0.5504047002296989,1
1306,0.5503771605713228,1
22267,0.5503701299132546,1
29469,0.5503689962012929,1
1954,0.5503522604786264,1
17974,0.5503415470245532,1
16197,0.5503332423951508,1
20556,0.5503315132218934,1
25857,0.5503208329929482,1
26966,0.5503042676326013,1
26095,0.5502601396703062,1
22193,0.5502337746778041,1
12211,0.5502326811279596,1
13569,0.5502149233894987,1
21997,0.5502100293872156,1
3363,0.5502012504099966,1
24933,0.5501800297200746,1
2592,0.5501748403307106,1
15989,0.5501406673611988,1
11270,0.5501353748968493,1
15847,0.5500565309641395,1
1294,0.5500282378752184,1
4791,0.5500271192667779,1
13280,0.5500105514537524,1
17099,0.5499734722869295,1
9348,0.5499520328016514,1
8372,0.5499410237878377,1
20872,0.5499309758884364,1
14836,0.5499121014032244,1
19893,0.5498950015921265,1
14486,0.5498926981278506,1
1995,0.5498792521647348,1
12441,0.5498153101829337,1
9473,0.5497728171563458,1
19829,0.5497651582176271,1
8757,0.5497288841579889,1
1531,0.5497155443807142,1
765,0.5496763960045729,1
6756,0.5496750289914812,1
22299,0.5496379732989458,1
20453,0.5496372737089059,1
7670,0.549608766208846,1
9738,0.549603556888735,1
20304,0.5495416334689431,1
19446,0.5495171251250055,1
23917,0.5494869027615751,1
6513,0.5494818767750003,1
11801,0.5493903609135128,1
11113,0.5493880324637255,1
16703,0.5493637818221075,1
16031,0.5493362389130284,1
6407,0.5493110896293563,1
756,0.5492877414837498,1
26091,0.549265993872283,1
21125,0.5492569174250231,1
8107,0.5492557537367042,1
8819,0.5492418419342304,1
8780,0.5492403207114797,1
19003,0.54920990856649,1
3855,0.5491515911242613,1
16897,0.5491202382743318,1
14271,0.5490810428016327,1
12846,0.5490403777774264,1
1059,0.549021131403834,1
14236,0.5489585865928164,1
4438,0.548940013870341,1
7248,0.5489345221319326,1
10495,0.5489196902678607,1
19848,0.5489090960825126,1
18158,0.5489017945698345,1
9332,0.5488554612292448,1
1352,0.5488254268572524,1
10790,0.548796081715128,1
26337,0.548793016244931,1
10776,0.5487793554813163,1
27640,0.5487493956495987,1
9652,0.5487491995979618,1
30862,0.5487061729591209,1
16583,0.5486738385419954,1
4774,0.5486726097639224,1
16429,0.5485778235073453,1
29456,0.5485467084198019,1
13844,0.5485418010169133,1
13090,0.5485364909046603,1
13134,0.5485039628768257,1
2903,0.5484150863758182,1
48,0.548378124621373,1
22499,0.5483668636301187,1
27162,0.5483632528319073,1
14040,0.5483160747625657,1
29291,0.5481809700306638,1
16926,0.5481670223621874,1
12624,0.5481588311934943,1
24489,0.5481462667978787,1
29100,0.5481328616113279,1
2798,0.5481135091314833,1
29120,0.5481118989509847,1
17918,0.548102405065107,1
6789,0.5480880522313771,1
21243,0.5480513792015168,1
22720,0.5480496139123355,1
11283,0.5480013930580491,1
6553,0.5479847989170035,1
9411,0.5479615950031688,1
28894,0.5479585467665369,1
4416,0.5479456116974939,1
24849,0.5478772716045897,1
10326,0.5478714773386516,1
23191,0.5478679060723116,1
5106,0.5478067690296932,1
1837,0.5478066619731901,1
16964,0.547769522117324,1
14766,0.5477527552264274,1
1254,0.5477391639321184,1
20625,0.5477100247119571,1
4250,0.5476635064999171,1
28026,0.5476538857492169,1
21684,0.547630291487851,1
25070,0.5476057853554007,1
28911,0.5475949845513041,1
24899,0.5475896413265392,1
21294,0.5475894725893887,1
10006,0.5475709569399418,1
25398,0.5475343425074221,1
27400,0.5475336225881502,1
21116,0.5474959033587394,1
5910,0.5474824964569781,1
21649,0.5474693686162567,1
16762,0.5474302885099775,1
5726,0.5474220556125001,1
2343,0.5474061302991965,1
27540,0.5474028429886125,1
10846,0.5473800564979724,1
8099,0.5473726745030456,1
16620,0.5473525395238489,1
23659,0.5472938846390286,1
30475,0.5472678651858174,1
21326,0.5472585653262206,1
25913,0.547250885442681,1
13186,0.5472439745226972,1
9906,0.5472435275429135,1
23602,0.5472350439096457,1
23559,0.5472193052677897,1
30853,0.5471900257771961,1
18933,0.5471219723539822,1
3207,0.547091136248526,1
28326,0.5470875238753352,1
13251,0.5470675892924176,1
18461,0.5470470716203181,1
27826,0.5470371754148379,1
26470,0.5470080528345288,1
15540,0.5469975594310162,1
16731,0.5469522296969658,1
27359,0.5469341029588747,1
19076,0.546923369441649,1
8739,0.5469074838813303,1
10764,0.5469055291569916,1
19806,0.5469053164010734,1
6500,0.5468889340417488,1
9237,0.546843565456034,1
2627,0.5468393774108766,1
7040,0.5467847729428267,1
14092,0.5467769440138199,1
5529,0.5467603063599299,1
29726,0.5467387460152614,1
8143,0.5467126974348643,1
19201,0.546698154854309,1
882,0.546594494201745,1
3658,0.5465901065369798,1
29715,0.5465714943457172,1
10907,0.5465477328112732,1
19877,0.5465228032884624,1
20715,0.5465163234516751,1
25320,0.5465022970056992,1
3941,0.5464971719584457,1
540,0.5464892328617283,1
15161,0.5464715840512272,1
23585,0.5464328178202815,1
4513,0.5464262695466068,1
448,0.546377597218735,1
431,0.5463751505660487,1
19164,0.546371207502016,1
16450,0.546329374697669,1
5965,0.546324434648492,1
7583,0.5463062618462236,1
30361,0.5462699522207447,1
14485,0.5462449791103051,1
18653,0.5462074061225368,1
15005,0.5461876462937546,1
7826,0.546177098861115,1
10344,0.54615493524875,1
27863,0.5461520626784602,1
14647,0.5461092957836697,1
9161,0.5460756368281223,1
31165,0.5460480762542091,1
16837,0.5459962755501203,1
30733,0.5459869055141413,1
20768,0.54596702169876,1
6208,0.5458944460722788,1
26493,0.5458639291617657,1
25695,0.5458610381766648,1
12655,0.5458537410336007,1
2887,0.5458336843423546,1
1190,0.545765177374205,1
11692,0.5457338370296418,1
4386,0.5456682975580407,1
25038,0.5456618614191797,1
1348,0.5456591646731642,1
29172,0.5456385743745991,1
5118,0.5456212285553559,1
3290,0.5455766129670754,1
30427,0.5455626934622332,1
30327,0.5455438246828809,1
6776,0.5455396902932256,1
24422,0.5454247571417234,1
2305,0.545359249071318,1
24451,0.5452574291456348,1
8314,0.5451840276593768,1
10244,0.5451726444505554,1
25762,0.5451530879045041,1
29335,0.5451457267582392,1
19278,0.5451206190461308,1
23465,0.5450833114218359,1
13536,0.5450528119393733,1
28415,0.5450489077732289,1
29595,0.5450166724161606,1
1374,0.5449959892269746,1
20010,0.5449816212980614,1
30820,0.5449727740054424,1
14452,0.5449553339315314,1
26028,0.5448914348568537,1
742,0.5448169891201956,1
31294,0.5447944162673737,1
17249,0.5447847886412357,1
10331,0.5447269212124303,1
11251,0.5446580307130668,1
27373,0.544633918961848,1
25167,0.5445569282208828,1
5384,0.5445537673831647,1
17422,0.5444725823015675,1
29215,0.5443828002380098,1
8648,0.5443613762409548,1
12028,0.5443354481173309,1
18568,0.5443330555501612,1
25008,0.5443147543999252,1
19417,0.544310964069171,1
18359,0.5442783684242779,1
28866,0.5442236935040157,1
22688,0.5441381911495722,1
24174,0.5441168820188129,1
17767,0.5441142926195837,1
678,0.5440691075632762,1
10022,0.5440568983157507,1
11214,0.5440435724116683,1
13751,0.5440289735875834,1
25865,0.5439012588026584,1
1600,0.5438614138631727,1
24945,0.5438212927373041,1
12393,0.5438118117640764,1
21381,0.5438096189664663,1
28680,0.5438078852996829,1
13611,0.5437550002723676,1
1298,0.5437410880034618,1
22921,0.543727025326958,1
4680,0.5436751431843222,1
3397,0.543671586588157,1
25409,0.5436325254702372,1
9328,0.5436044193114822,1
569,0.5436027870773537,1
13007,0.5435536788413448,1
4109,0.5435515881848795,1
12904,0.5435437437343986,1
24484,0.543535226547563,1
10300,0.5435251265614038,1
5761,0.5435177251995575,1
30507,0.5435088812088155,1
2683,0.5434984278476344,1
84,0.5434453157054272,1
2399,0.5433658994176944,1
7100,0.5433523545712217,1
17695,0.5433495536336949,1
294,0.5433404008475552,1
27877,0.5433213774664355,1
28658,0.5433186214163489,1
15498,0.5433045662910616,1
23441,0.5433029979372452,1
136,0.5432990235101902,1
23542,0.5432800781078589,1
16568,0.5432775951745394,1
10589,0.5432726430325673,1
25315,0.5432470727418381,1
29477,0.5432376281905923,1
23388,0.5431864528291899,1
19895,0.5431634816812856,1
16387,0.5431486491595059,1
29515,0.5430966659536507,1
7702,0.5430162331468096,1
10710,0.5429884371485627,1
29391,0.5429813771202032,1
5343,0.542978807978783,1
12967,0.5429747375207821,1
14340,0.5429389707522312,1
16696,0.5429090666680917,1
21755,0.5429058068164617,1
22819,0.5428421492762214,1
30148,0.5428281053727019,1
21768,0.5428149286679101,1
24561,0.542794350674765,1
9318,0.5427562162506558,1
11631,0.5427191088053394,1
28574,0.5426986095065746,1
9756,0.5426776793947775,1
12113,0.5426018473360973,1
360,0.5425668941883312,1
8220,0.5425603309430224,1
26906,0.5425348620755711,1
25689,0.5425117567467354,1
10789,0.5424924606192074,1
17890,0.5424682095093135,1
5093,0.5424591993544423,1
9417,0.5424589436406211,1
8610,0.5423696725230508,1
20935,0.542360981147327,1
2047,0.5423475455550768,1
15785,0.5422956179705816,1
12323,0.5422815212408003,1
5595,0.5422674439254233,1
1491,0.5422536201373206,1
16795,0.5422147875591719,1
22730,0.5421751370720596,1
19227,0.5421703153101088,1
8866,0.5421510934342899,1
20533,0.5421461859185788,1
18296,0.5420966221157518,1
26347,0.5420658095502613,1
11563,0.5420059850708374,1
5285,0.5419815307489225,1
30184,0.5419794566235283,1
26223,0.5419667290359667,1
2704,0.5419516381865774,1
20395,0.5419230497430473,1
9613,0.5419191284959323,1
6896,0.5418517219015018,1
29144,0.5418270375688105,1
19841,0.5417927146197461,1
9368,0.541784550713932,1
26740,0.5417817479430292,1
9957,0.5416945786143149,1
28545,0.5416823379546082,1
9766,0.541666712721159,1
1814,0.5416623338218559,1
8249,0.5415965658828165,1
7758,0.5415820591160164,1
12882,0.5415749354453198,1
1090,0.541543937337509,1
12533,0.5415259831727655,1
15346,0.5415092626708342,1
19770,0.5414973447605551,1
23866,0.5414903522291139,1
30715,0.5414422459895364,1
24968,0.5414416356947507,1
29661,0.5413927201217127,1
18137,0.5413621852140842,1
11729,0.5413620879865895,1
30226,0.5413532848979162,1
14837,0.5413480328226525,1
15452,0.5412437939778375,1
2773,0.5411803918288515,1
8156,0.5411723093465975,1
17916,0.5411437601482088,1
11163,0.5411372069408297,1
25308,0.5410905374551015,1
31305,0.5410802098091335,1
17922,0.5410297501120587,1
4575,0.5410099099932997,1
17730,0.5409607635186388,1
11487,0.5409497031244892,1
22623,0.5409440105923905,1
625,0.5409368504805755,1
11326,0.5409315662823948,1
25881,0.5409204844023727,1
23094,0.5408424515246703,1
737,0.5408419438837105,1
28933,0.5407913036549649,1
15419,0.5407662660766358,1
11903,0.5407448838567219,1
20545,0.5407164495826458,1
22036,0.5407018893318515,1
4087,0.5406739734163737,1
29338,0.5406689603338902,1
22687,0.5406077935773321,1
19641,0.5405996893473156,1
28747,0.5405775150270409,1
30375,0.540543424023388,1
18322,0.5405150491329267,1
12063,0.5404694425653623,1
24495,0.5404650140079584,1
18355,0.5403851266784908,1
30561,0.5403139690016098,1
16724,0.5402923646734716,1
5582,0.5402859558631551,1
2487,0.5402643734795584,1
14865,0.5402158984846868,1
1804,0.5402124010849303,1
8300,0.5401990209776192,1
8100,0.5401951928570488,1
505,0.5401903517156448,1
13941,0.5401705095720432,1
27326,0.5401129610514321,1
16782,0.5400775966219783,1
2454,0.5400111662898318,1
15610,0.5399382423838661,1
10368,0.5398577863342059,1
13501,0.5398199644568824,1
11518,0.5397381866803148,1
12538,0.5397164446191021,1
8320,0.5397129290936421,1
8916,0.539662030269647,1
28413,0.5396620004955874,1
27447,0.5394778790136305,1
14327,0.5394710383063305,1
14245,0.5394154012705156,1
13829,0.5393788120807785,1
26277,0.5393467883958657,1
6787,0.5393396635979488,1
25741,0.5393361946531037,1
6640,0.5393192923931867,1
15587,0.5392798177947461,1
22001,0.5392010948959616,1
24112,0.5391561000509685,1
25494,0.5391540363967281,1
21689,0.5391374353942868,1
14962,0.5391213665296525,1
18661,0.5390658191359868,1
29191,0.5390314515994116,1
24529,0.5390222653722031,1
29042,0.5389916676451945,1
22650,0.5389733268939624,1
11271,0.5389718413934641,1
14006,0.5389617742859499,1
19561,0.538906277005799,1
30575,0.5389012679530899,1
15590,0.5388497494141842,1
1089,0.5387647578334892,1
16313,0.5386776265248616,1
19708,0.5386754566116617,1
13432,0.5386650074796657,1
5067,0.538631306063327,1
24746,0.5386196389963553,1
22888,0.538609556765355,1
12521,0.5385834654784791,1
12764,0.5385048845837843,1
6382,0.5384077290431063,1
28806,0.5384066215763464,1
1099,0.5383837141382808,1
8768,0.5383543627622128,1
25446,0.5383515888610612,1
20288,0.5383201038162725,1
21481,0.5382680401903813,1
23300,0.5381888307178154,1
18487,0.5379645531713123,1
4365,0.5379582045004321,1
14787,0.5378957636828604,1
20579,0.5378439996456243,1
31307,0.5378060905319136,1
10214,0.5377891862590364,1
6220,0.5377883085263118,1
13102,0.5377878917422838,1
30982,0.5377710893015307,1
14539,0.5377094045013755,1
11132,0.5376863844638519,1
8706,0.5376637283137239,1
24868,0.537604476823942,1
21483,0.5375417382766582,1
16423,0.5375283237678581,1
19035,0.537426236787647,1
16018,0.5374046990750908,1
1268,0.5373736015897876,1
11931,0.5373392012263968,1
3707,0.5373122757404823,1
14409,0.5373031649340212,1
12622,0.5373027554281719,1
25896,0.5371870654065034,1
3149,0.537174914157417,1
3854,0.5371077748250517,1
28784,0.5370643654468776,1
10592,0.5370374031242625,1
22227,0.537030729115276,1
25627,0.53700121610345,1
24386,0.5369656954066105,1
10270,0.5369609114124233,1
26081,0.5369380829594239,1
15311,0.5369352806333368,1
22209,0.5368471206518395,1
4156,0.5368435380519301,1
2261,0.5367731875249915,1
2723,0.5367493408602357,1
30097,0.5367482717883383,1
3780,0.5366698272021415,1
30854,0.5365622682358254,1
4822,0.5365310597108436,1
15169,0.5365283432352698,1
4232,0.536512969937501,1
18976,0.5364422060355882,1
15529,0.5364372315693582,1
13094,0.5364000050269496,1
2816,0.5363918058465733,1
25125,0.5363373744393083,1
16176,0.5363055535156157,1
20743,0.5363028562811586,1
17496,0.5362931633649987,1
4895,0.5362827044355083,1
2509,0.5362799535477694,1
27757,0.5362659124398466,1
2595,0.5362543343044786,1
5661,0.5362511883075629,1
14889,0.5362141560274505,1
8992,0.5360959122683261,1
3860,0.5360378727468554,1
5401,0.5359818227433704,1
23964,0.535969030311211,1
23157,0.535850506662991,1
19129,0.5358451871152717,1
27608,0.5357355471301373,1
18758,0.5357279608118688,1
24446,0.5356924526986119,1
25685,0.5356766154666731,1
20562,0.5356127244595242,1
4981,0.5355897012024923,1
8327,0.5355671381144254,1
18175,0.5355437956000102,1
30189,0.5355203409949956,1
26859,0.5355031082079659,1
4737,0.535489141644614,1
12482,0.53546733866582,1
25031,0.5354254200380695,1
28490,0.5353857186672982,1
18407,0.5353265547350626,1
20385,0.5352741601897364,1
28503,0.5352448242842808,1
10916,0.535232864638122,1
2269,0.5352189747891613,1
9531,0.5351243669012393,1
13534,0.5350879976522936,1
27773,0.5350041927264968,1
4434,0.5349864545994671,1
13232,0.5348564397846804,1
21445,0.5348059981678212,1
8475,0.5347597607552242,1
10608,0.5347597607552242,1
12273,0.5347529744073946,1
22727,0.5346483046402193,1
5921,0.5346325915462683,1
5377,0.5346247172538914,1
14528,0.5345468767975128,1
23092,0.5345312294940137,1
19252,0.5344542299179532,1
22762,0.5344189524303541,1
24568,0.5343294749329335,1
25895,0.5342275697775333,1
22992,0.5340956116304235,1
14325,0.5340820292899925,1
15304,0.5339849964489056,1
18013,0.533977997710776,1
19297,0.5339574393214418,1
8953,0.5339108873022027,1
14016,0.5338912414842535,1
5508,0.5337984896272447,1
26446,0.5337522099111667,1
11734,0.5337247199725005,1
5234,0.5336904944052432,1
29084,0.5336538732607652,1
17866,0.5336342058870487,1
21576,0.5335767842954626,1
25335,0.5334584786845915,1
13566,0.5334095692877376,1
6952,0.5333358813981913,1
23893,0.533308755352452,1
21777,0.5332101816610578,1
5577,0.5332032738238686,1
30591,0.5331932006587858,1
11893,0.533095812240383,1
15843,0.5329492650594873,1
29646,0.5328505998983055,1
26810,0.5328068083918426,1
10425,0.5326195652888558,1
27165,0.5325938750501344,1
26986,0.5325831048507328,1
10988,0.5325094909169878,1
23854,0.5324512729580544,1
25253,0.5323508608167272,1
11299,0.5323347570458091,1
2724,0.5322672805330914,1
3820,0.5321849556876224,1
9550,0.5321801462464795,1
17686,0.5321121251289906,1
13898,0.5320971462194135,1
12963,0.5320874452940354,1
19373,0.5319619583546537,1
15301,0.5319081172848694,1
6499,0.5316448888833692,1
1372,0.5316211808480724,1
3475,0.5315845624769087,1
29879,0.5315824489269079,1
17986,0.5315528642058824,1
25342,0.5315035362603904,1
18380,0.5315013748794272,1
28548,0.5314518543704557,1
23297,0.5313225457073486,1
19427,0.5312641829959572,1
28371,0.5311836963496199,1
6132,0.5311667234051536,1
12106,0.5311381321232647,1
5559,0.5309285266279571,1
16320,0.5309051227460544,1
4310,0.5308064801922076,1
2215,0.5307556856513046,1
5123,0.5307499651657794,1
27302,0.5307294641339185,1
12224,0.5305737186771713,1
22748,0.5303159689757978,1
23166,0.5302883619995875,1
5920,0.5301140872023147,1
3018,0.5300164625622364,1
28626,0.5298512691312911,1
24482,0.5298181260737989,1
13184,0.5298147465705463,1
26302,0.5297933029043123,1
30597,0.5296698691585925,1
3473,0.5296226053190344,1
4728,0.529582941714275,1
26649,0.5294200877306176,1
29566,0.5292278913820241,1
6418,0.5292243267238534,1
11095,0.5290209948582321,1
1015,0.5289751492938699,1
95,0.5289600938865197,1
14010,0.5289033153410041,1
10411,0.5288523766927998,1
25819,0.5287975720958185,1
25169,0.5287386647992343,1
27560,0.5287000384332776,1
18563,0.528616685122843,1
31028,0.5285563529171082,1
9191,0.5282826592317198,1
6022,0.528275731182916,1
2769,0.5282557554729413,1
24907,0.5282230213855529,1
12235,0.5281656999781168,1
2839,0.5281260055877406,1
19065,0.5280510715007379,1
22991,0.5279774514745378,1
6348,0.5278635950974374,1
6361,0.527689614919982,1
7413,0.5276533580699723,1
25572,0.5275896751433191,1
5510,0.527581947580874,1
403,0.5275651127986541,1
19079,0.5275426172984055,1
854,0.5273547073190564,1
25439,0.5271852541384634,1
22381,0.527100870288326,1
19061,0.5269288009901449,1
12741,0.5267879736553376,1
5799,0.5263781144736108,1
4756,0.526283277275215,1
21355,0.5261389771751527,1
21270,0.5259918127774643,1
29006,0.5259490074393584,1
12056,0.5259365699044009,1
30433,0.5259145202856046,1
27871,0.5257578837043505,1
14249,0.5257412002480563,1
17380,0.525651080455627,1
21030,0.5256382510841885,1
26373,0.525561464593318,1
29766,0.5255479418489712,1
26496,0.5255247496645323,1
26243,0.5254926941391853,1
7593,0.5254898765688705,1
21574,0.5254193209017816,1
2653,0.5253940322260733,1
30944,0.5253879405611752,1
4104,0.5252890896247782,1
28920,0.5251584431883944,1
18817,0.5251259999499868,1
13306,0.5249735472522015,1
25978,0.5249199905684443,1
17795,0.5249070744914038,1
3875,0.5248274130295788,1
16549,0.5248198744273632,1
15854,0.5246753308063759,1
7367,0.524577853979187,1
9629,0.5245689006051663,1
2527,0.5245606537671051,1
15979,0.5242827834545245,1
28479,0.5242326010729015,1
19364,0.5239040869727648,1
25625,0.5238688840151147,1
23603,0.5236308564940824,1
29893,0.5234113195896112,1
24275,0.523405332759766,1
2899,0.523311045929178,1
76,0.5231390219496611,1
27104,0.5228694516204747,1
14334,0.5228232993580422,1
21737,0.5228209677255832,1
26605,0.5228083462366869,1
759,0.5227407181854415,1
6610,0.5226793971115635,1
2753,0.5225896719518089,1
21852,0.5225421632865189,1
13028,0.5223717328556206,1
11383,0.5222502851059171,1
21155,0.5221349328074898,1
26683,0.5218953697473833,1
16318,0.5218792413696359,1
5397,0.5218349442349561,1
26269,0.521799825170492,1
3610,0.5217962884080252,1
20767,0.5216580177554985,1
23275,0.5216312432331707,1
30861,0.5215188411249478,1
1894,0.5214824037748392,1
4586,0.5214526387582914,1
7447,0.5213378511378002,1
30596,0.5212659988328224,1
7311,0.5212144207855054,1
23339,0.5211531485568873,1
30132,0.5211425587381417,1
10569,0.5210968750971194,1
21006,0.521083530173689,1
1880,0.5209483187778138,1
31258,0.5208141905010342,1
7315,0.5207191527113919,1
24020,0.5207097336248547,1
13797,0.520655501682618,1
4402,0.5205473455156787,1
27643,0.5205342689457345,1
30492,0.5204852058883349,1
14096,0.5203969534725037,1
2891,0.5203568688206641,1
8519,0.5203552481825969,1
13128,0.5203515487707274,1
21210,0.5203364137002059,1
2442,0.520265559181837,1
22755,0.5202632145976541,1
2063,0.5199389637546193,1
27945,0.5199209122083931,1
602,0.5199022557914184,1
9165,0.5198929227753134,1
30890,0.5198395778744931,1
15773,0.519642289476248,1
10027,0.5195156410855197,1
22923,0.5194925919659399,1
6581,0.5191382751673396,1
2556,0.5189929307339638,1
30486,0.5189707829439666,1
25946,0.518908134355014,1
23699,0.5188336380670087,1
8646,0.5186786507342445,1
27433,0.5186498054615829,1
7845,0.5185653106440242,1
29528,0.5183419530306592,1
14002,0.5180885790529947,1
11587,0.5180412811770313,1
18244,0.5180151924949716,1
12089,0.5179607075893422,1
12434,0.5178611157993148,1
24352,0.517857547441812,1
4801,0.5178480606857391,1
26893,0.517798530776235,1
15669,0.5177952647981197,1
2301,0.5177563110533471,1
1019,0.5177398729748794,1
29276,0.5176712176172604,1
3,0.5176503599088889,1
28974,0.5175701612935399,1
8344,0.5174795258592001,1
29502,0.5173664615376622,1
17754,0.5173208537080031,1
9882,0.5171875132772936,1
27587,0.5170855712738635,1
27099,0.5170615749653446,1
29124,0.5170400570055593,1
3861,0.5169386342499667,1
15214,0.5169345039842986,1
13415,0.5167685263863218,1
3219,0.5166913298115213,1
14374,0.5166526128402419,1
14022,0.5165287426642342,1
26754,0.5164006043232693,1
11000,0.5161262680970499,1
5729,0.5160794768899262,1
825,0.5160450780766382,1
19037,0.5159972592359058,1
27759,0.5159759933816743,1
11702,0.5159406924613743,1
272,0.5159308834306606,1
27774,0.5157756389331251,1
17959,0.5157392635863147,1
4446,0.5156703921418854,1
15021,0.5155960074063778,1
19764,0.5155494255369127,1
30671,0.5151167944649265,1
9592,0.5150740665450114,1
28853,0.5147744198381488,1
5637,0.5146725631418001,1
2465,0.5144979306592081,1
30548,0.51446643883704,1
1732,0.5143536881083499,1
18954,0.5143492054879142,1
3568,0.5143023032211752,1
18164,0.5142177580021978,1
9009,0.5142024802339492,1
7545,0.5141186339514846,1
9204,0.5141007638713241,1
24464,0.5140257813414957,1
14440,0.5137175919080819,1
21894,0.5136880817318867,1
17372,0.5132195986571546,1
24413,0.5131496078010555,1
1295,0.5131484995126165,1
29711,0.5131215203080719,1
28709,0.5131102000714952,1
24167,0.5130593867006725,1
19978,0.5130330893147859,1
7076,0.5130304682829222,1
21799,0.5128646011107925,1
13619,0.5127805771178129,1
21527,0.5123656868327383,1
23782,0.5119921699546323,1
14389,0.5119451514032896,1
17919,0.511914789327102,1
17665,0.511892129842429,1
21769,0.5118470478538677,1
30385,0.5117574305169948,1
2504,0.511756917463872,1
18358,0.5117184624922656,1
15918,0.5115257117194946,1
25033,0.5115243848281658,1
19497,0.5114828877361791,1
16808,0.5114572917680649,1
27492,0.5114349129758795,1
10028,0.5113938875963026,1
23792,0.5113136363899327,1
6792,0.511263077384128,1
14695,0.5112451105307362,1
28211,0.5112423447853287,1
18106,0.5112030770341045,1
1363,0.511116668203789,1
7063,0.510879003344209,1
8712,0.5105077291390788,1
10834,0.5104997637695184,1
25506,0.5104760214040834,1
4653,0.5103935661151027,1
8450,0.5103478064800993,1
16896,0.5102962987778957,1
12765,0.5102658576727659,1
17573,0.5099753500596561,1
491,0.5097636966824413,1
24616,0.5095978773288681,1
27929,0.5094944363403128,1
16908,0.5094441722897927,1
12858,0.5093261146598901,1
5736,0.5092825390950529,1
30858,0.5092444202750833,1
24014,0.5091180036477805,1
1042,0.5091041626426809,1
29948,0.5090505270882837,1
13170,0.508939936297833,1
23745,0.5088715008393981,1
29653,0.5088109991105633,1
12,0.5087347132524058,1
6670,0.5087248448086679,1
13042,0.5085343947491046,1
27049,0.508498483334772,1
26636,0.508368091678891,1
12710,0.5082022987690997,1
22399,0.5081781461707804,1
23494,0.5081475157921862,1
23351,0.5081039140132568,1
21249,0.507727076852146,1
18932,0.5076635560604754,1
5576,0.5075917222018059,1
26114,0.5075636298787893,1
28744,0.5072716635525238,1
417,0.5071642381366502,1
786,0.5069896508937297,1
19965,0.506789818351579,1
8167,0.5065908946413473,1
22083,0.5065579904551492,1
30556,0.5064950943220297,1
5383,0.5064635227946443,1
14793,0.5063926382978063,1
8671,0.506361894381533,1
11540,0.5063209931490692,1
1817,0.5061082958648664,1
27147,0.5060688019869167,1
18784,0.5059816193628128,1
21912,0.5059055857215647,1
4818,0.5058676450184736,1
15511,0.5058657275988074,1
16304,0.5057428931249518,1
25404,0.5057155189504481,1
19683,0.5056338638500552,1
10746,0.5054642863444048,1
27947,0.5054436092685335,1
6159,0.5051852437494029,1
13113,0.5050555126722164,1
7664,0.5050518283204051,1
5373,0.504821778758088,1
27612,0.5047006893385588,1
12819,0.5045115978682625,1
8396,0.5044427911337066,1
17322,0.5044246739514591,1
18955,0.5042953983911255,1
17364,0.5041272852027638,1
8001,0.5040373561483031,1
8613,0.50398403466898,1
28822,0.5039486397927624,1
27787,0.5036317004688302,1
11042,0.5034406061900233,1
16809,0.50331387671419,1
26780,0.5033016572655179,1
23732,0.5032353878674914,1
16081,0.5032233164288038,1
1382,0.5031398304221494,1
27164,0.5031187972887552,1
30542,0.5030949192903953,1
20647,0.5030082267106633,1
21246,0.5029176259816672,1
23103,0.5028772945083163,1
9900,0.5027942744560991,1
18452,0.5027613246097586,1
23019,0.5027496324709367,1
12457,0.5026649500423621,1
5199,0.5025114850891553,1
10815,0.5024697032532209,1
11020,0.5023797595934182,1
3770,0.5023782033802222,1
28972,0.5021818698782807,1
29165,0.5020785844051641,1
12206,0.5018912005153663,1
19394,0.5018659154458536,1
21977,0.5017183815074806,1
9737,0.501617132868882,1
5400,0.5015728005773026,1
25562,0.5014584674287926,1
18178,0.5013832160384286,1
10148,0.501102675221424,1
22632,0.5010529537558235,1
22590,0.5010326680737398,1
18375,0.5009194556704447,1
9895,0.5009095312471288,1
13243,0.5006887932340226,1
468,0.5006417674171026,1
8270,0.5006047359331947,1
11016,0.5005462870794798,1
23107,0.5005186842634611,1
18476,0.500411558961761,1
19592,0.5002746631090598,1
18524,0.5002536765050478,1
10117,0.5002514071177151,1
26910,0.5001550464123826,1
2559,0.5001349629776997,1
7352,0.5001128871690722,1
23383,0.50002716511458,1
7378,0.49989107723181136,1
356,0.4998833782620011,1
25132,0.4998462468941536,1
1733,0.49979564188794584,1
6832,0.4997896853559324,1
1819,0.4997598872730471,1
20571,0.49966467149589167,1
5094,0.4995705482013593,1
25056,0.49953747511866664,1
24501,0.49937999070535144,1
4903,0.4993601723607769,1
26923,0.4993429881299485,1
23223,0.4992703485408366,1
17739,0.4992425778702081,1
24776,0.49922612085610235,1
16649,0.49917045387088455,1
8986,0.49909618553706286,1
13079,0.49908409830173184,1
992,0.4990512581859838,1
27319,0.4990437085569785,1
25632,0.499039492459209,1
9153,0.49902285079450254,1
8721,0.49895912328867914,1
14176,0.4989390898974769,1
19131,0.49890242621334724,1
29176,0.49881321369165144,1
18486,0.49876084638470247,1
17574,0.4987530828011333,1
26874,0.498651175875233,1
25225,0.49857580897369586,1
1499,0.498524770688911,1
1110,0.4985045125731371,1
24448,0.4984595354451038,1
7472,0.4984532750451917,1
25535,0.4982511964304509,1
726,0.49821215426076215,1
13998,0.49819361550744545,1
7477,0.49812394202792554,1
20514,0.49811351622691985,1
28816,0.49803793530773954,1
2289,0.4979951387348126,1
7909,0.49796788850568696,1
19935,0.49791447844834835,1
28347,0.49790000130857304,1
10479,0.4978408900024596,1
28539,0.4977920399539045,1
12076,0.49768616360936596,1
18531,0.4976696896051553,1
16515,0.49761491807623537,1
13559,0.49760939627246437,1
25954,0.4976047231228261,1
20632,0.49756808284983733,1
4332,0.49753760014391835,1
7860,0.49750884489427344,1
30450,0.4974809751440859,1
9650,0.49738787153102004,1
17272,0.4973671909658959,1
10399,0.4973560567002016,1
28406,0.49735505214692677,1
9079,0.49727954201927793,1
14007,0.49716185547997177,1
15556,0.49711763327754,1
19591,0.4971020178517092,1
30974,0.49708870064521465,1
19793,0.49701888705805025,1
8142,0.4970019144891363,1
22452,0.4969932163265567,1
10180,0.49699158526198667,1
2935,0.4969875922733159,1
9673,0.4969774223442088,1
21078,0.496920399693235,1
21566,0.4969019957654033,1
4474,0.4968944020728508,1
9003,0.49676304324561626,1
16439,0.4967490694160489,1
6073,0.49671519044556756,1
10581,0.49668745392642377,1
7872,0.4966476235719234,1
1663,0.49659086049633694,1
30969,0.49653793863041884,1
7415,0.4964733351319131,1
18949,0.49645517593614436,1
1540,0.4964253294335784,1
23812,0.49635497015051805,1
25216,0.49624483920473833,1
24567,0.4960808804107392,1
29418,0.49603277818738106,1
27529,0.49596430610998865,1
8489,0.49595371817521255,1
28931,0.49586679029897857,1
14863,0.4958489594486488,1
15933,0.4958200975479876,1
18926,0.49561343104126754,1
23423,0.4955947168983867,1
2018,0.49557702357100736,1
531,0.49555016194863133,1
10888,0.4954690734385308,1
20402,0.49545327335514955,1
4022,0.49528331621066307,1
22855,0.4952741390144798,1
13880,0.4952641296739233,1
20709,0.4952088111204912,1
28738,0.49503472152234246,1
2169,0.49498417695616664,1
6740,0.4949759670112175,1
26575,0.49493989391152476,1
30707,0.4949221940009504,1
20022,0.49492162003968654,1
7601,0.4947997293968189,1
25198,0.49478176300706017,1
16741,0.4947460089935267,1
13672,0.49473485085074276,1
27294,0.49472091244008964,1
16224,0.49470268488101227,1
10167,0.49469881833071305,1
15686,0.49463398280290755,1
7280,0.49457579548057123,1
24349,0.49437781145742976,1
24558,0.4943384168493975,1
23518,0.4941918389868256,1
11584,0.493987244209885,1
11462,0.4939087490689263,1
22884,0.4938771656452661,1
23971,0.49371315237566804,1
16936,0.4936780449679335,1
4591,0.4936376093696484,1
23503,0.49357508831242697,1
17835,0.4934864644631596,1
13660,0.4934674323700628,1
15158,0.49334443777146963,1
28260,0.4933433458162208,1
11217,0.493294849104946,1
27401,0.4932457711502431,1
1615,0.4931262198380798,1
26467,0.49307655740659173,1
22967,0.4930340864664794,1
10596,0.49298216550775764,1
5228,0.4929258370620024,1
12640,0.49291105057958107,1
22221,0.4928766725316492,1
2147,0.4925934400437019,1
15408,0.4925653181144522,1
23095,0.4925246757026672,1
22243,0.49249648130244716,1
25050,0.4924378925219584,1
3511,0.49231565906547,1
21987,0.4922802400167054,1
22912,0.49225249016417927,1
5600,0.4922247122656458,1
19880,0.49222120670869335,1
7199,0.49207038990521,1
13915,0.49206819101930444,1
18997,0.49199889955279674,1
26421,0.49194597469718665,1
21858,0.4918287944034514,1
18986,0.4917876531430476,1
12231,0.49172897139926036,1
17156,0.4916981919848103,1
14618,0.4915926204356261,1
15461,0.49156497254823983,1
7677,0.49155703721632965,1
3402,0.4915374672480759,1
26863,0.4914448671491452,1
27623,0.4914341895557977,1
13127,0.4913315254693715,1
29553,0.4912833690556704,1
2535,0.4912480594154798,1
26049,0.49116517874886867,1
18285,0.4911093674730436,1
5593,0.49109977609769934,1
18491,0.4910829627666305,1
27801,0.4910781001425596,1
3526,0.4910266703455197,1
7440,0.4910258200314206,1
19748,0.49099804645942796,1
11436,0.4909915497749758,1
21888,0.4909179193793981,1
26249,0.49082787506645253,1
17120,0.4908200888960826,1
21115,0.49078933262043384,1
3157,0.4907865620281462,1
19229,0.4907703746470936,1
19685,0.4907645734193168,1
12701,0.4907635099871608,1
2996,0.49069233121792444,1
22180,0.49065090614356466,1
2752,0.4905746278531732,1
17636,0.49055252475917827,1
15403,0.49054441054153763,1
26723,0.49043399436539337,1
26556,0.49032347604918086,1
24487,0.4902860924406804,1
30576,0.49022928554783896,1
8228,0.4902061133392817,1
15614,0.4901527176574089,1
1313,0.49009642207934107,1
12689,0.4900780198814336,1
21062,0.49007014269660737,1
1310,0.4900165493693011,1
7837,0.49000096185490855,1
18622,0.48995090366641464,1
14673,0.4899349886469813,1
13800,0.4899298031031176,1
12242,0.4899266452232135,1
31128,0.4898872174274295,1
22541,0.4898109234730248,1
12723,0.48977590325340414,1
7596,0.4897727764640941,1
28296,0.4895718529164547,1
21899,0.489554057837164,1
5320,0.4895246372218459,1
24923,0.48948883573225205,1
7697,0.4894878929980839,1
23470,0.4894581988681598,1
4919,0.48942788059609815,1
30584,0.48936110084589934,1
15197,0.4892976891435081,1
9749,0.4892609441977907,1
20796,0.4891565767548542,1
19362,0.48910194518319355,1
23919,0.4890370174292558,1
2233,0.4890013500077835,1
9675,0.48895405539999914,1
1359,0.4889443689684861,1
21719,0.4888602174629152,1
21990,0.4888522549521469,1
25922,0.4887983477216149,1
17526,0.48873704041255445,1
26798,0.488736609143015,1
10555,0.4887116598992584,1
8018,0.4886790402095,1
23159,0.4886382686383813,1
28567,0.4883832557707228,1
13675,0.4883828009004923,1
24932,0.4882959306306062,1
8946,0.48820247104385495,1
19694,0.4881868319449903,1
20416,0.48818298229672263,1
3960,0.4881317057986264,1
11477,0.4881120656692442,1
9600,0.4880546963481108,1
17082,0.48804520651987265,1
8304,0.48799447686362896,1
7914,0.48798209863275327,1
382,0.48786905848614365,1
5969,0.48767204702794886,1
4489,0.4876187185111687,1
31010,0.48760104516653596,1
827,0.48753816901193764,1
13712,0.48751758923942906,1
5858,0.4874461519620061,1
26862,0.48742746365354533,1
11630,0.487407923767172,1
27736,0.48728091364059956,1
8794,0.4872806186541616,1
6268,0.4872443993605161,1
25155,0.4871622180724205,1
12029,0.48714650585936053,1
30819,0.48703610513027135,1
28302,0.4869624373411367,1
22645,0.4869451315219864,1
18813,0.4869271407485133,1
9016,0.4867905335945034,1
7996,0.486699020287667,1
24897,0.4866976112906915,1
9609,0.48668900744380905,1
16004,0.48663131850962904,1
14895,0.48653049312489555,1
10585,0.4865275829035539,1
19907,0.48648912944388445,1
29162,0.4862434315533423,1
20057,0.4861582502294969,1
22403,0.48615008023315404,1
16919,0.48612494409935786,1
2466,0.4861064502730428,1
29182,0.48599738188594116,1
1625,0.4859973327927382,1
17489,0.4859525629832,1
888,0.48594690190420636,1
20444,0.4859161431174071,1
10626,0.48586027335398946,1
7939,0.48580652879246694,1
4649,0.4857793224911965,1
23401,0.4857690907749841,1
22479,0.48567471088698383,1
29620,0.48562693752709735,1
8822,0.48557914158879384,1
19958,0.48552157057662376,1
11771,0.48543001061616686,1
8707,0.48535834906498254,1
29806,0.4853555188353589,1
9049,0.48533095283918465,1
20554,0.4853274731886475,1
21383,0.4852807356836928,1
6112,0.485257489073357,1
29187,0.48518277653549546,1
9143,0.48518071288594533,1
23519,0.48495108782382873,1
25880,0.48494379066512955,1
20570,0.4849024915393669,1
28789,0.48486448410641614,1
8509,0.4848549498187759,1
30816,0.48483980812080224,1
17421,0.4848075404415011,1
14624,0.4847835218099349,1
29625,0.48476277220490827,1
18940,0.4847611877158343,1
26999,0.4847593881749821,1
2901,0.48468416755283583,1
3697,0.48463625518709574,1
22255,0.4846012028654374,1
4418,0.4845529458878785,1
21652,0.4845444730881473,1
2351,0.4845172463182099,1
7203,0.4844956722571254,1
8940,0.48441653893118525,1
27743,0.48438565984582566,1
5043,0.48434085457585424,1
7302,0.48429935292852133,1
26701,0.48429823521841064,1
15289,0.4842714686351598,1
25128,0.48418808336328445,1
4195,0.4841879030330664,1
28497,0.4841770587852846,1
23046,0.484138351355789,1
2331,0.484128897625069,1
23170,0.4840942602734313,1
20748,0.4840867236846104,1
26581,0.4840707251014404,1
24034,0.4840649789315457,1
23228,0.4840487139165347,1
31220,0.4840174267178922,1
28951,0.4839935045890712,1
28973,0.4839918759292827,1
6861,0.48394370347400995,1
30705,0.483913980202427,1
29638,0.48383431854066766,1
10206,0.48383250507866443,1
3541,0.4838145827917646,1
24531,0.48375090123782427,1
23571,0.4837035528158168,1
9376,0.4836964779415328,1
23020,0.48361609656547216,1
8687,0.483602796759172,1
24686,0.4835515067466422,1
26674,0.4835332629851987,1
25501,0.4835127439421917,1
9896,0.48349897147070214,1
19732,0.48346208147701925,1
9131,0.48345818755591646,1
20760,0.48339616807289615,1
23730,0.483373091404872,1
4943,0.48336030111822725,1
24644,0.48327511954467567,1
6442,0.48313375120558155,1
2645,0.48311202664885633,1
10743,0.48309034996088457,1
3217,0.4829946366396188,1
16580,0.48288544463209737,1
24554,0.482880926177392,1
18498,0.48288012412628356,1
22540,0.4828607725599648,1
17278,0.48283364143252233,1
18200,0.4828210772549195,1
10395,0.48279591762588964,1
20725,0.4827590597357299,1
19849,0.48274560590652504,1
18324,0.48271536227511674,1
14862,0.4826894333835525,1
24993,0.48266977109017206,1
16592,0.4826351710029782,1
17077,0.4825987537855196,1
9827,0.4825811030251747,1
29710,0.4824379780528076,1
12217,0.4824164341531389,1
22737,0.48234044019268707,1
18957,0.48227747539554033,1
2970,0.4822542486669548,1
15305,0.48222734418591257,1
6058,0.4822139612785969,1
3291,0.48220730237179593,1
30015,0.48219290609015025,1
25752,0.48218827539775605,1
11262,0.48217306016983225,1
3702,0.48215444358867904,1
19569,0.4820943895479514,1
10868,0.48208250676970493,1
14860,0.48205251909159264,1
25329,0.48196322850030365,1
1900,0.4819240085486806,1
15297,0.4819006163597839,1
31270,0.48188282622336276,1
29336,0.4818725993302053,1
8917,0.48186380760254244,1
18919,0.4818081503572021,1
6530,0.4817080537167259,1
9993,0.4816526617814229,1
2219,0.48162589711757114,1
16867,0.48161879475391717,1
27796,0.48160363496247505,1
23706,0.48155688179702616,1
7701,0.4815524007146651,1
7490,0.4815423647949206,1
19951,0.4815206768124148,1
16532,0.48148299589063853,1
6686,0.48142678387728033,1
25872,0.48142284157935583,1
10887,0.48140849838499805,1
25944,0.4813944679950747,1
6025,0.4813815723001113,1
13438,0.4813807578824679,1
19945,0.4811611598055546,1
2441,0.4810900922470535,1
4129,0.48107538479079104,1
28212,0.48103151158468094,1
21059,0.4809139460837699,1
18232,0.4809018831048718,1
10170,0.480889071376913,1
22457,0.48088805002327134,1
23361,0.48083846890809234,1
18005,0.480797177637706,1
12587,0.48078945250958666,1
5977,0.4806602879532186,1
10652,0.4805855094470307,1
6480,0.480558128698083,1
18982,0.4805578211829198,1
19765,0.4805009988026091,1
11834,0.4804650659195292,1
28154,0.4802181319727843,1
28595,0.48021015172934045,1
16193,0.4801484395319479,1
29457,0.4801458939833197,1
1170,0.48008083912760346,1
5304,0.4800388151221503,1
30891,0.47998871596120063,1
31290,0.4798580652816254,1
13629,0.47984599960365415,1
29009,0.47980617247004537,1
9573,0.47975880821473316,1
792,0.47972481880556117,1
13433,0.4796673309485703,1
10138,0.47958238328265645,1
4509,0.4795745256467898,1
805,0.47956418857582933,1
28724,0.4795182708571338,1
2016,0.4795061948059059,1
14538,0.4794528306445043,1
20433,0.47945273095406604,1
9908,0.47943432549883785,1
8250,0.4794105899460029,1
21168,0.4794017833090145,1
10113,0.4793897926972489,1
4656,0.47936732363514173,1
11535,0.47933629841993947,1
5622,0.47928214810671965,1
30202,0.4792706227773791,1
3741,0.4791597211725672,1
9241,0.47915447731523547,1
25294,0.47911170425093913,1
3262,0.479108407273513,1
28495,0.4790535945771247,1
19172,0.47902151913494245,1
23962,0.47900152986020994,1
5798,0.4789610756361057,1
29735,0.47890036829552884,1
14960,0.47889018998694105,1
27306,0.4788847679620642,1
14913,0.4787907057055718,1
14737,0.4787614718843776,1
23393,0.4786996826957185,1
6437,0.4786609296110139,1
23146,0.47859219283240784,1
6693,0.4785614779683713,1
16794,0.47854486725732814,1
21647,0.4785277579881961,1
27610,0.4785124763784357,1
26170,0.47846180021256857,1
5815,0.47831474837331006,1
20233,0.4782659738178473,1
25182,0.4782278251112541,1
27975,0.47815823040581606,1
17582,0.47813199378490595,1
10955,0.4780890830200329,1
27777,0.47806460216806146,1
19599,0.4780022815259868,1
14631,0.47797820216803594,1
27031,0.4778947494271088,1
19777,0.47783275466000014,1
27705,0.47770059394147196,1
26153,0.47769642936630424,1
25761,0.47769204266210896,1
27903,0.47767161696664745,1
11874,0.4776580508686441,1
29075,0.4776265150556489,1
3110,0.4775972627923858,1
2267,0.4774986297929757,1
12958,0.47745665041335494,1
25227,0.47740413346153987,1
12693,0.4773086023198783,1
12733,0.47724903611617103,1
11794,0.477229425010131,1
9209,0.47721714973137574,1
2378,0.4771369718050268,1
27721,0.4771192170878834,1
1695,0.47709942748191686,1
16848,0.477070051153991,1
10682,0.47702381290778384,1
11754,0.47697168724596545,1
20492,0.4769261522110245,1
19070,0.47692358778214117,1
7880,0.4768988680309918,1
18857,0.4768965136510717,1
1534,0.47687247826524215,1
28811,0.47681019610234465,1
29513,0.4767996737145945,1
18808,0.476773718613204,1
19421,0.4767407744761114,1
22241,0.47667519070958897,1
1807,0.4766429969457444,1
6888,0.47654295528950835,1
10070,0.476541890302043,1
16826,0.47652724427659465,1
29755,0.47644460104794745,1
8887,0.47640103254908217,1
22854,0.4763921491663428,1
17449,0.476281338587277,1
6583,0.4762470515955289,1
24298,0.47624218328947643,1
20025,0.4761113879993693,1
27832,0.476042835135919,1
28061,0.4760240405770456,1
5112,0.4759760609382554,1
28500,0.47597216613751525,1
2646,0.4759556996847835,1
336,0.4759529597561535,1
20498,0.4759244854427746,1
7303,0.4757920541588372,1
28655,0.47575804715923664,1
22332,0.4757526038744053,1
13651,0.4757404144409751,1
25478,0.4757139887928061,1
6072,0.4756919206362096,1
29510,0.47567874008955163,1
8688,0.47567246351638603,1
17953,0.4756466694629515,1
12197,0.4756215736226739,1
6214,0.47559297125920885,1
23700,0.475528012275547,1
30640,0.47549396713850883,1
236,0.47545004262699847,1
1652,0.4754481300883533,1
23805,0.47544235196919277,1
9354,0.4754304009769743,1
24368,0.4753748909740089,1
27678,0.47532537078886905,1
21079,0.47526362723399446,1
12117,0.4752579260520654,1
25171,0.4751878703582021,1
10284,0.4751740497487489,1
14291,0.4751726018617512,1
3761,0.4751352387347736,1
22703,0.4751246389826321,1
7738,0.4750983005441492,1
17547,0.4750665499960598,1
25584,0.47505534693292534,1
27033,0.47500390140408194,1
6317,0.4749805612165514,1
22017,0.474962228679747,1
8634,0.47489230464545257,1
26945,0.47488903105168384,1
26175,0.47485321583810325,1
1912,0.4748119248683454,1
6061,0.4747762808761324,1
11664,0.47469446925343817,1
12329,0.474691788853043,1
2021,0.4746679827249811,1
1727,0.4746449731557526,1
20683,0.4746409312154104,1
2476,0.4746361427766193,1
12136,0.47456430121943677,1
14615,0.4745586615461981,1
18567,0.4744862436293787,1
18974,0.4744657604532053,1
12167,0.4744385658592716,1
22810,0.47439692336768424,1
2538,0.47432561139479723,1
1583,0.4743231683968939,1
16399,0.4742687245520235,1
29812,0.4742439173160163,1
15730,0.4742293108900118,1
5695,0.47420665948455776,1
19702,0.4741426232375695,1
2856,0.4740523951702105,1
2573,0.4740508653959793,1
6950,0.47399181651520245,1
19747,0.4739162193442424,1
24767,0.4739000173468972,1
3320,0.4738781626894568,1
12702,0.4738204402758182,1
12464,0.47373956065731787,1
14408,0.47365416930496906,1
16400,0.4736146749211823,1
9250,0.4736003835393997,1
682,0.4735951300527509,1
2585,0.47355203732787116,1
9330,0.4735263940410644,1
11489,0.47348454739410384,1
14892,0.47347355653146855,1
28464,0.4734271752169702,1
18549,0.4733567172847192,1
9880,0.4732750191078685,1
30477,0.47323224081427284,1
28922,0.4732286768262222,1
5780,0.4732025026031351,1
17647,0.47313061863631295,1
22747,0.47307106728004994,1
25484,0.47287429787021423,1
21242,0.4728466617347064,1
25778,0.47282016396689036,1
2583,0.4728016004897114,1
28571,0.47279388603989403,1
21453,0.4727818516924811,1
22445,0.4727009244744608,1
27894,0.47261135244917896,1
23426,0.47253748335323964,1
10921,0.47251544243517474,1
198,0.47224793457463865,1
21636,0.4722327510169886,1
2498,0.4722324678064859,1
18192,0.4720247805454204,1
2673,0.4720046079199383,1
10611,0.4719489495716684,1
7730,0.4718901983671707,1
17139,0.4718256908109677,1
1437,0.4717465479483659,1
14530,0.4717148626398948,1
11246,0.4716779917212868,1
12881,0.4716057556913597,1
17678,0.4715440297403159,1
9753,0.4715297117994923,1
4037,0.47144181610122926,1
9435,0.4713862586910005,1
20925,0.47138487591665196,1
19139,0.4712951680674638,1
28246,0.47127019775542484,1
30143,0.4712661086147631,1
10940,0.4712475325559349,1
15184,0.4711698219067755,1
30869,0.4711513554408336,1
13508,0.471121203570234,1
30141,0.47111099900433884,1
10340,0.4711025288308079,1
9668,0.47105060315448827,1
3624,0.47101044631903527,1
23254,0.4709835910473309,1
29350,0.47091451732015016,1
18370,0.47088369476187275,1
27473,0.4708434735095721,1
2633,0.47078848535758683,1
18953,0.4707672254770556,1
13408,0.4707592390365085,1
16072,0.47065876837608706,1
20269,0.47055486528268203,1
3579,0.4704873730129135,1
8271,0.4704225243864169,1
16122,0.47042129969146645,1
18153,0.47041544890414727,1
19484,0.4703964124813054,1
7031,0.4703146712635653,1
27890,0.47030902334998037,1
27675,0.47027164763133683,1
22340,0.47026681292820705,1
1584,0.4702642209796916,1
963,0.4702372257263363,1
22334,0.4702201114793178,1
14128,0.4701346289936399,1
25226,0.4700239278182764,1
2425,0.4699727323590291,1
15135,0.46976640591819013,1
9598,0.4697168480299135,1
29565,0.46967023028324556,1
22128,0.46952559762706664,1
11442,0.46951708373789003,1
22330,0.46945380187371766,1
18603,0.4694453492342322,1
18516,0.4694376984231816,1
15010,0.4694240141266167,1
24197,0.46933972573277666,1
22772,0.4693301509052807,1
16632,0.4692889640821736,1
22028,0.46928742581627786,1
19562,0.4692146913703062,1
13004,0.4691518805432321,1
978,0.46909150707736735,1
23645,0.4689116292198127,1
3611,0.46888656170415594,1
9163,0.4688341747453243,1
12349,0.46878465733322466,1
31083,0.4687094194542735,1
4045,0.46867066401184343,1
21363,0.4686465629744386,1
15891,0.46863469804575864,1
19225,0.4686294447541086,1
17480,0.4686137039903745,1
6423,0.46849327075020264,1
4834,0.4684890516664335,1
22813,0.46846763751781106,1
22860,0.4684648475177168,1
20306,0.4684422206643673,1
16996,0.4683494780719294,1
3385,0.4683184227873947,1
17238,0.46831177579602623,1
5254,0.46830045014225524,1
14652,0.4682975649398243,1
24261,0.46815805287840695,1
14744,0.468146898926514,1
25349,0.4681433862539596,1
13405,0.46809722104383134,1
20564,0.4680587101443238,1
26946,0.4680369333141611,1
11236,0.468006851386676,1
6744,0.4679614720920478,1
3171,0.46783251825796185,1
21312,0.4677588449507323,1
16918,0.46771631278089987,1
20979,0.46770109277174027,1
19072,0.4676485462151596,1
18408,0.4675685053868764,1
5390,0.4675537778542131,1
4294,0.4675225269416242,1
25124,0.46747011288227047,1
19573,0.46743459142160065,1
7970,0.4674141716149595,1
27152,0.46733361394904316,1
6993,0.4672861104851935,1
28330,0.4672790885056816,1
25616,0.4672733728368362,1
22000,0.46726386902930206,1
21443,0.4671482574954499,1
19503,0.4670531775912686,1
314,0.46704095551922714,1
10174,0.4670226253273434,1
18850,0.46697109454085717,1
2827,0.46696901822348375,1
2640,0.4669428519254612,1
6721,0.4668781237826073,1
30238,0.46686909089072515,1
27259,0.4668572260415413,1
3464,0.46678886222512683,1
22699,0.46676020879854135,1
11055,0.46671409700144684,1
31278,0.46670869866208764,1
13802,0.4667074007763718,1
2992,0.46670524100558064,1
4634,0.4666867313104634,1
2999,0.4666480547313737,1
14301,0.4666175647270962,1
26144,0.4666085380739393,1
15389,0.46660839787003555,1
4813,0.46660689389773197,1
4139,0.4665495398993265,1
17368,0.46654034804600464,1
8959,0.4664737985890068,1
16440,0.4664648464216575,1
14318,0.4664370663800096,1
8253,0.46639993686323256,1
4571,0.46639828529071264,1
20809,0.4663473351440427,1
10349,0.4661677750999803,1
11367,0.4661250501420679,1
16721,0.46610996740368216,1
16928,0.4660986778591827,1
8865,0.4660356449894313,1
18458,0.46601539178275364,1
11895,0.4660030001721864,1
2222,0.4659943254634177,1
11135,0.46598709031528,1
12918,0.46595354535592043,1
5823,0.4659381150968779,1
22520,0.46583861510432045,1
4707,0.4658066169850767,1
2201,0.4657894004881604,1
5086,0.4657694338237327,1
3675,0.46569539784452807,1
10430,0.46568341406970193,1
23955,0.4656654140928256,1
6357,0.46563777550490426,1
25062,0.46563645062430686,1
1855,0.4656184927012319,1
28187,0.46557852907674574,1
12295,0.4655444126450763,1
10977,0.4654918503673262,1
22934,0.4654353143631031,1
27662,0.4653783577674702,1
20704,0.4653396100968101,1
1847,0.46533011193792745,1
10994,0.4653116139228806,1
3111,0.4652158805091143,1
10792,0.46516668963681185,1
25410,0.46513324220407753,1
27670,0.465078701442017,1
29526,0.46503476147235473,1
25576,0.4650227484360858,1
28022,0.4650058062698576,1
27360,0.46497679513399315,1
12079,0.46495868068092705,1
25755,0.464905747619633,1
16340,0.46482641743113995,1
22611,0.4647713188830976,1
10190,0.46474911261983415,1
28998,0.4647369428291692,1
23915,0.4646880731867223,1
26907,0.46461304888126387,1
6668,0.4645578660458805,1
11371,0.46452087231089323,1
29649,0.4644953703693909,1
30219,0.4644581239533187,1
129,0.4644419285850795,1
30383,0.46444140857155636,1
13632,0.46439560605355745,1
5249,0.4643802458511244,1
31108,0.4643636522659685,1
28961,0.46436150330964393,1
1521,0.46434456628107307,1
21595,0.4641583838632086,1
5931,0.46413634306144486,1
13733,0.46409046014693084,1
6181,0.46408690368302496,1
23533,0.4640805182169303,1
20959,0.46407472872908934,1
19721,0.4640031815637994,1
4316,0.4639203102454119,1
14926,0.4638921688848909,1
11078,0.46385855239683493,1
11087,0.4638542732866246,1
12763,0.46384751781531997,1
11177,0.4638309029987585,1
10808,0.46380986156535464,1
17921,0.4637825030228489,1
19621,0.46372970758004184,1
8196,0.4635834745129773,1
29763,0.4634679166366367,1
6188,0.4634570444902641,1
5989,0.46338870812748134,1
12836,0.4633408458420067,1
9483,0.4632894758866852,1
6542,0.4631490100402011,1
11612,0.463112201639124,1
22284,0.4630702873055504,1
8641,0.4630649853203376,1
4501,0.4630417616107571,1
8096,0.4630229020594458,1
31201,0.46299842077982567,1
6916,0.46298375388379,1
11015,0.4629639773729574,1
14566,0.4629082477331257,1
27350,0.4628217651540416,1
18471,0.46280713142533386,1
636,0.46278581124288953,1
20021,0.4627141025561975,1
29506,0.4627041314564302,1
29475,0.46266174090883544,1
14205,0.4626069621478994,1
26572,0.46250001175638106,1
8854,0.4624609385214693,1
15623,0.462440513540193,1
7663,0.4624402454846905,1
26482,0.46242772149061445,1
3027,0.4623977962453008,1
6545,0.4622039288382557,1
6131,0.4621751273815806,1
11665,0.46214762461549613,1
30655,0.46208217562574605,1
19731,0.46206932481883006,1
22127,0.4620634691283159,1
22294,0.46198046959385947,1
6587,0.46180807319437667,1
10657,0.46172859490693574,1
27263,0.4617013504395707,1
11215,0.4616350341867478,1
8926,0.461603169852669,1
1725,0.4615602579790829,1
11562,0.4614525517366685,1
16670,0.4613900395813681,1
26591,0.46132196404603326,1
22190,0.46129088512874794,1
15283,0.46128855528244644,1
2105,0.46126086302694025,1
19873,0.46125656388406894,1
15763,0.46115318064377264,1
10885,0.4610171121615733,1
25097,0.4609085639819569,1
17936,0.460895011771479,1
6106,0.46084147660493924,1
24696,0.46077766180816815,1
15967,0.46075830686266883,1
7144,0.4607486965722034,1
12562,0.4605827272442388,1
29459,0.4605693780109928,1
26722,0.46053908667822635,1
5902,0.46052339113498975,1
14667,0.46050900595186034,1
15105,0.46049433944272655,1
14644,0.4604123789907697,1
1376,0.46029268397461803,1
27689,0.46025281452660094,1
13234,0.4602188992206013,1
30193,0.4600973703672428,1
24390,0.4600529434561548,1
30080,0.46003749390904347,1
22659,0.46000495706378025,1
18774,0.45997502166239806,1
4279,0.4599669518756684,1
3412,0.4598690705544183,1
8629,0.45986152575949274,1
4358,0.45985499067742686,1
30232,0.45981247833345334,1
8608,0.459724620556787,1
15902,0.45972126148064324,1
26220,0.45971241339564217,1
21509,0.45966801759951087,1
10149,0.45966227705508833,1
2605,0.4596558206567395,1
228,0.4596349180834369,1
28756,0.4596294728885118,1
29351,0.45960178646424404,1
14580,0.4596012575300537,1
18312,0.45958510728352225,1
12330,0.45956266877764707,1
4292,0.4595431101974897,1
17047,0.4595134380936707,1
23316,0.4594906162257407,1
24857,0.45936646336785764,1
3772,0.4593494625029958,1
11694,0.45934479809766054,1
28754,0.4593249246800881,1
20496,0.45927508668695916,1
5842,0.4592477024332313,1
13644,0.4592369013478644,1
24199,0.4591868430130669,1
5381,0.45910222754151353,1
6351,0.4590689193829839,1
11313,0.45906750843500604,1
28366,0.45895195628663804,1
2207,0.45891996429391185,1
12031,0.4587393538793172,1
1073,0.4587289982725708,1
2117,0.45870887035327557,1
13157,0.45869448627941006,1
27676,0.45869046093442806,1
26600,0.4586170649466082,1
25861,0.4585883771333076,1
8058,0.45854747315801025,1
13256,0.4585381174329671,1
6400,0.4585313375404578,1
21287,0.4585157655342044,1
21901,0.45849710036478847,1
4009,0.4584872318018444,1
30757,0.45847715289200247,1
28543,0.45843125729690226,1
8104,0.4583866428452752,1
11369,0.4583807615350579,1
22228,0.458371712224818,1
19239,0.4582840505598297,1
15421,0.4582744414619438,1
9317,0.45826965930963504,1
17179,0.45826725042602395,1
12651,0.4582489099043898,1
13865,0.4581733002877166,1
16462,0.45814601863111404,1
19570,0.45814414900231254,1
15319,0.458127637883338,1
2882,0.45808120296916366,1
7993,0.4580336232013788,1
10101,0.45801244411470693,1
7973,0.4579865293575754,1
2335,0.4579335004095396,1
7760,0.45781603966958234,1
10274,0.4577572528566743,1
24987,0.4577109822522102,1
31292,0.4575155441616768,1
14543,0.45748148339099237,1
12397,0.4574050830333084,1
28877,0.457384104157425,1
14309,0.4573098656305675,1
18423,0.4572264383617567,1
23716,0.4572140584387966,1
27770,0.45716471337590997,1
7585,0.45714762128639863,1
28438,0.45713351945000125,1
30664,0.4571211338727077,1
17436,0.4570960969237862,1
7938,0.45707736401583804,1
15680,0.4570678552500973,1
9466,0.45704135849809413,1
20967,0.45700980136892155,1
13260,0.4569168313950779,1
20524,0.45683212348302615,1
12912,0.45679771099594907,1
2380,0.45678140712095255,1
10698,0.4567629562349235,1
8740,0.45674843959531236,1
29614,0.4567319895384018,1
27013,0.45671559454955696,1
12471,0.456688603705178,1
8092,0.4566681158272171,1
10127,0.45664741458505637,1
24231,0.45664291957291353,1
25525,0.4565633417474635,1
4993,0.456519773551209,1
21217,0.4565184813369499,1
5834,0.4565122524516436,1
7779,0.456496632094056,1
31099,0.4564829159591234,1
28149,0.4564795146689818,1
14786,0.45642641155976127,1
23294,0.45642636868605463,1
7878,0.45640314847983965,1
12999,0.45639279879969963,1
28160,0.4563608172632844,1
4950,0.4563494118323206,1
15954,0.45632774490075123,1
17360,0.45629266269302365,1
23804,0.45622143832453693,1
361,0.45617576405797655,1
30328,0.45613952066920027,1
2393,0.45612348103699346,1
24592,0.4561013610097131,1
1102,0.4560982868566684,1
25842,0.45607992659828517,1
27076,0.4558884719460024,1
27744,0.45578984402240413,1
385,0.45567733975270697,1
14601,0.4555668955214772,1
18204,0.4555631919316055,1
12255,0.4555285596737751,1
7518,0.4554886591082519,1
23630,0.4554716872993463,1
22725,0.45546963867128754,1
16951,0.4554384850225876,1
4947,0.4553951491931351,1
12497,0.45539037813177763,1
26340,0.45538061857453577,1
7162,0.4553590563414391,1
17984,0.45535437431503195,1
10999,0.45530258501759596,1
23368,0.45528127065212565,1
24253,0.4551945669046769,1
19330,0.45517879452175036,1
3962,0.4551555759808748,1
5388,0.4551029828618922,1
14948,0.4548891938307326,1
23457,0.4548605062535305,1
30004,0.45485207540451245,1
23677,0.4545510296857905,1
497,0.45452373788330647,1
4029,0.45451956622295386,1
14447,0.45449238825600624,1
2130,0.45441051057660586,1
3899,0.45439363506971736,1
11071,0.4543316206908788,1
28342,0.45429023670355745,1
17306,0.45427487651553217,1
9774,0.4542534688044047,1
2910,0.45423515061223424,1
22754,0.4541929928978977,1
12859,0.4540175754006565,1
1921,0.45398663757388563,1
4914,0.45392588184547655,1
4031,0.4539088691858626,1
6225,0.4538904411923238,1
7630,0.45384539894911446,1
27982,0.45380345028468744,1
7904,0.4537679536203382,1
16975,0.45371006688207927,1
9252,0.4536365876966216,1
25947,0.45362425049336635,1
15806,0.45360518590524473,1
5946,0.4535920519024389,1
30725,0.4535208564061617,1
16168,0.4534670244526427,1
1325,0.45346145744770994,1
11451,0.4534240950119234,1
21329,0.4533513488174431,1
4658,0.4533155678233769,1
3602,0.4532959871022822,1
13951,0.4532754030879269,1
16995,0.45325667723344415,1
16813,0.45323122144228095,1
31042,0.45313198944539834,1
27429,0.4530488065935859,1
20728,0.4530062751270592,1
18041,0.45298370007008815,1
2066,0.45297683476782397,1
17957,0.4529011989087282,1
27596,0.4528925611204949,1
22097,0.4528692551673722,1
126,0.4527284411505599,1
4266,0.4526940992548948,1
2106,0.4526924339232545,1
1154,0.45268683389668274,1
2491,0.4526234088374327,1
26196,0.45261526075610203,1
3403,0.4525756865660331,1
11608,0.45257460059380933,1
15200,0.45255802846616666,1
2044,0.4525291406065309,1
28701,0.45251955276955563,1
19280,0.45248049508239163,1
26238,0.4524708345431742,1
25120,0.4524451825626358,1
24629,0.452433181325876,1
9984,0.4523403635303065,1
8962,0.45223074655572204,1
5633,0.4521055696182209,1
487,0.45209646400663234,1
9441,0.45208817474167196,1
9050,0.45205153765977285,1
30528,0.4520110378069452,1
4732,0.45198911657702184,1
26052,0.4519520574137346,1
25787,0.45194989543260505,1
1043,0.45193599050556627,1
18217,0.45191610391771175,1
25697,0.4519091574208643,1
6163,0.4518748442170489,1
19502,0.4517908093812564,1
4425,0.4517893777489724,1
30443,0.451626456160021,1
7947,0.45154700950474114,1
64,0.4515073753661731,1
12374,0.45143507768623736,1
26843,0.45134643286508785,1
8069,0.45133340123315363,1
21014,0.4512283037186387,1
11068,0.45122393736530086,1
24607,0.4511721669839553,1
30940,0.4511501169036315,1
23644,0.45114920887372656,1
14953,0.4511002953637731,1
20439,0.45096842230594514,1
29746,0.45092925613134566,1
26532,0.45090972120452444,1
7793,0.45090526438105405,1
4488,0.4507921253349445,1
21710,0.45078911399189175,1
26846,0.4507612150327715,1
14699,0.45075918706910334,1
24471,0.45075619064958,1
8894,0.4507028366547711,1
15762,0.45068988134259874,1
16987,0.45067553408707617,1
24823,0.450615245528139,1
22704,0.45060120486375665,1
23739,0.45050635048259124,1
16095,0.45044608522120244,1
1967,0.45042909395702246,1
15478,0.4502535553194847,1
29523,0.4502280675106013,1
5487,0.4502179970356376,1
19886,0.45020827549452114,1
14536,0.4500690799429527,1
8546,0.4499911664375715,1
604,0.44994063394851175,1
9758,0.44983792339506334,1
9075,0.44982569750464063,1
30449,0.44978908856264843,1
12923,0.4496673614434392,1
26418,0.44966423634843855,1
9313,0.4496072592810838,1
15628,0.44960468746587706,1
16391,0.4495922062506619,1
28261,0.4495821586532925,1
13013,0.4495272945245146,1
26955,0.4495261513272248,1
4230,0.4494491803761186,1
17447,0.44939232597324896,1
4318,0.44937413370925455,1
16593,0.4493534150096079,1
5442,0.44935092851267894,1
27515,0.449343848392986,1
24634,0.4492576668050476,1
9498,0.4492424389704488,1
29929,0.44915903529604784,1
17920,0.44914341172107414,1
3500,0.4491331382777841,1
8017,0.449105412677889,1
26058,0.4490478380508117,1
8078,0.44904432265610333,1
19579,0.44899956648839373,1
18526,0.4489510525744542,1
21857,0.44894190449669175,1
22075,0.44887465228896667,1
6595,0.44881279566539567,1
20593,0.4487501030654893,1
16019,0.44872766940976405,1
29652,0.44870608393332323,1
20567,0.4486646622295028,1
17810,0.44865522563716437,1
11425,0.44865152318869883,1
14085,0.448633080012104,1
29869,0.4486090871852857,1
20971,0.44859759083093725,1
9968,0.44858633109844215,1
24427,0.4485684870961222,1
4313,0.4484796502063795,1
23199,0.4484137005940954,1
13803,0.4484124235879532,1
19311,0.44840647171223347,1
1432,0.4483880747446419,1
19033,0.4482915970925017,1
12444,0.4482787188077881,1
21229,0.4482605952212036,1
25808,0.44817582303983833,1
13699,0.4481677060902314,1
25905,0.44815744701212895,1
21123,0.4481506039296174,1
4308,0.44811654491702113,1
4040,0.44807571092299014,1
19002,0.4480047620001257,1
26401,0.44781640133605494,1
19847,0.44780803507652966,1
11907,0.4477066315277121,1
21529,0.4476628527538549,1
9052,0.4476472630560149,1
5255,0.4476386858260384,1
3733,0.44761016802059556,1
31187,0.4475949110599416,1
18386,0.4475338336619821,1
15919,0.4475013226459888,1
7037,0.4474744171374946,1
23650,0.44741466920156453,1
23084,0.4473990897776168,1
218,0.44736242371799695,1
30149,0.44730133898758306,1
581,0.4472523908119392,1
17655,0.4471841195412765,1
23684,0.447111205203916,1
28525,0.44704321156492666,1
23181,0.4470152057645311,1
16600,0.4470107296102124,1
24915,0.44698626024132176,1
3926,0.4469689913727893,1
19495,0.4469365446680692,1
25242,0.44693248831495164,1
9001,0.44691657174428234,1
23320,0.4469009352414385,1
7892,0.44685013630547243,1
20419,0.44682556351163244,1
12908,0.44681490494129794,1
8290,0.4467379131656358,1
18399,0.44670328533656234,1
15017,0.4466987265829124,1
14186,0.44667893884285964,1
9295,0.4466278551031595,1
26877,0.44661483555456577,1
28110,0.44656899665048555,1
151,0.44655830285192827,1
4976,0.44654293592388716,1
21952,0.4465134952624279,1
3199,0.44649517320170273,1
29532,0.4464552827239548,1
3599,0.44644882252951573,1
23933,0.44639211223606945,1
20497,0.44637166032360165,1
23405,0.4463259654568759,1
16342,0.44628566578290885,1
28266,0.4462329794843597,1
31186,0.44621349845647595,1
1672,0.4462098559621357,1
19612,0.44615972812562027,1
30532,0.44608112155478225,1
22832,0.44602404092284614,1
2994,0.4460235942732009,1
13708,0.44598797507176363,1
4524,0.4459254553846748,1
386,0.44589221535870943,1
19717,0.44581397012818613,1
6676,0.44580721577165655,1
19317,0.4458024762966991,1
14418,0.44579816043290654,1
2656,0.44570785892162845,1
2604,0.4456379324921586,1
18402,0.44562026049723275,1
29722,0.44556331381087355,1
24047,0.44554108203481574,1
17914,0.4455107876933225,1
26531,0.44544116111892307,1
25686,0.445433392845588,1
19738,0.44542756240826553,1
2191,0.44541922914016785,1
23693,0.4453542767011276,1
19094,0.4453347072385969,1
10026,0.44531596754252656,1
30605,0.4452964792691849,1
9678,0.4452536549844753,1
4793,0.44518521687102675,1
14457,0.44518327126781737,1
16887,0.4451550606831397,1
22345,0.4451518274227834,1
26671,0.44514937670953586,1
29385,0.4451318704926815,1
25081,0.44509980042527536,1
27582,0.4449738592749317,1
12880,0.4449717316683203,1
29131,0.4449314632061852,1
20780,0.4449124424925647,1
23208,0.4448865358022649,1
4877,0.44487907037385777,1
10721,0.44484891552003747,1
25468,0.44482144550826375,1
13511,0.44481841861156984,1
25499,0.44480039878986566,1
2505,0.4447218466855528,1
1388,0.4447111837335536,1
17527,0.44470861893964303,1
9991,0.44467380955235525,1
16317,0.4446350802189599,1
30781,0.44456847323653603,1
694,0.4445021018419776,1
122,0.44448269403335994,1
19207,0.4444140834584347,1
1507,0.44436655089149135,1
6402,0.44436315872771764,1
13259,0.44434740428201247,1
11057,0.4442936411774965,1
8568,0.444255774957851,1
15709,0.44421725138643064,1
22005,0.44420589006823247,1
27388,0.4442016915855955,1
3765,0.44414154500288994,1
23078,0.44410878997472025,1
18126,0.4440652322970824,1
11391,0.4440209519284658,1
10893,0.4440150204514651,1
25467,0.444008371235876,1
27277,0.443995747094078,1
10166,0.4439803405553782,1
518,0.4439520628828156,1
1353,0.44384768358320614,1
13688,0.44380246694563796,1
30622,0.44379520857214033,1
24338,0.4437929930821541,1
15874,0.443678195713734,1
30098,0.4436571583287732,1
24418,0.44363013395144546,1
27199,0.4435968293051489,1
16812,0.4435953891824,1
7609,0.44355611930985217,1
11235,0.4435221572514713,1
13450,0.4433925087011202,1
25291,0.4433910429926827,1
11103,0.44338192085145584,1
24882,0.44336795567483706,1
11492,0.44334521076995353,1
10862,0.4433350096894519,1
8744,0.4431891415426658,1
31144,0.44313175021206475,1
18048,0.44310217712157235,1
1949,0.44308457854469746,1
23544,0.44307574076439415,1
16162,0.44307446402753364,1
2025,0.44299846647296454,1
12158,0.4429938467017562,1
30792,0.44295927076810737,1
30935,0.4429458790954943,1
985,0.44294587706280636,1
16263,0.44293760781999886,1
10919,0.44291054349733355,1
1278,0.4429073041104181,1
19264,0.4429027407498179,1
1943,0.4428896762456804,1
23495,0.4428882341485039,1
13717,0.44288800387293625,1
23690,0.44286943082095226,1
2165,0.442845574301683,1
5314,0.44283168726055405,1
13866,0.44278321480041904,1
18325,0.44277144797070195,1
4299,0.4427157541852068,1
17427,0.44271207039861216,1
16531,0.44269927138452353,1
8311,0.4426761301904986,1
30841,0.44265842792621624,1
6780,0.4426561191623483,1
1609,0.44261856080398226,1
1092,0.44261171189522863,1
7142,0.44260602154588397,1
4259,0.4425860480178709,1
30190,0.44257665593464374,1
13507,0.44257197160070616,1
7724,0.4425553911060646,1
6223,0.4425525177252576,1
3259,0.4424991845300051,1
9403,0.44242540927609975,1
11444,0.44241287623194636,1
22803,0.4424124706300943,1
30560,0.442343635698045,1
12102,0.44234252489271697,1
2885,0.4423324829864128,1
10543,0.44229687401962686,1
7252,0.44226554467241685,1
29887,0.44225966668888367,1
19707,0.4422382968595288,1
30261,0.4421875764349118,1
17356,0.4421506539480006,1
16447,0.4421325681839238,1
3015,0.4420869025486763,1
7535,0.4420358116450607,1
17133,0.44196941190419897,1
4024,0.44194154301026495,1
15191,0.4419249504047519,1
3839,0.44187650589895605,1
16830,0.4417877777480949,1
19957,0.44175715801708854,1
14772,0.4416715278228771,1
17929,0.4416633331370431,1
23302,0.44165852843513165,1
733,0.44165003570025163,1
5398,0.44164264011018145,1
28264,0.44159845495922023,1
23000,0.44151799104658496,1
23380,0.4414729956838549,1
18922,0.44144721015773425,1
24184,0.4414100512957572,1
8422,0.44137745763874875,1
18777,0.441362613661186,1
21019,0.4413520672351074,1
3652,0.44131560272572323,1
4615,0.44128267476499544,1
29170,0.4412549167065608,1
10985,0.44124508214883873,1
17831,0.4412347003986083,1
17012,0.44117418022159144,1
2313,0.4411473270724584,1
28898,0.4411035291319642,1
29492,0.4410643056664062,1
13567,0.4410602664904432,1
29129,0.4410206701585917,1
3499,0.44093042531420873,1
8731,0.4409016431710562,1
4216,0.4408661152422112,1
24808,0.44084365686060556,1
18473,0.4407731007560877,1
19531,0.44072752100498264,1
25392,0.44054625818767484,1
25733,0.4405187957520895,1
7418,0.44049325482488627,1
17747,0.44041973610755875,1
5131,0.4404077963623337,1
17543,0.44037934727701655,1
13066,0.44031304417089323,1
1704,0.4402828963186586,1
7120,0.4402560003715378,1
10901,0.44024752441060194,1
16871,0.4401725080145508,1
6116,0.440138612107483,1
11437,0.44012036689445644,1
20634,0.440046743673005,1
26354,0.4400308915640258,1
19539,0.44002202870361046,1
6007,0.44000211570708453,1
19966,0.43979030092459176,1
6895,0.43978658046620106,1
27055,0.43975704287267736,1
10236,0.43974357772854356,1
1123,0.4396280763182853,1
20063,0.43960544312695815,1
20834,0.4395997223649262,1
8524,0.4394538296609231,1
15599,0.43941398187416325,1
3062,0.43940401785051236,1
13627,0.43938998076569463,1
22289,0.4393795246348759,1
11703,0.4393568953903857,1
7487,0.43932682989978666,1
1127,0.4392992346363014,1
14655,0.43919807383623116,1
29791,0.43917781990190163,1
10293,0.439126377005924,1
138,0.4391068633689562,1
13109,0.43897663377349416,1
7325,0.43896188124025154,1
28375,0.4389578261924613,1
8956,0.4389173012761588,1
20181,0.4389039097652813,1
25609,0.438888614921126,1
16702,0.43888347925688187,1
14692,0.43879774145191947,1
8896,0.4387965541940976,1
28856,0.43878487078750306,1
27045,0.4387810977035418,1
30166,0.43874423192772327,1
23796,0.4387138915804053,1
4207,0.43868908517001837,1
5054,0.43867636954325634,1
11998,0.438665129997263,1
30744,0.4386015238880532,1
15266,0.4385350537264827,1
14880,0.4385093525893199,1
16276,0.4384841687745266,1
10976,0.4384512570347323,1
5244,0.43838942281022286,1
3994,0.4383890614747955,1
13631,0.4383647727537393,1
22697,0.4383275325582802,1
24677,0.43825174312109433,1
12498,0.43822773430336126,1
19442,0.43822440361560394,1
22749,0.4382019113026956,1
23197,0.4381995618576859,1
12212,0.43819468588765104,1
4628,0.4381941642897565,1
29754,0.4380562346222391,1
10082,0.43800587364964166,1
12030,0.4379829291854974,1
13143,0.43797191421386666,1
11517,0.43793549046566244,1
16839,0.4378632413794954,1
13442,0.43776711191553497,1
4770,0.4377252431866237,1
25284,0.4377156050214094,1
7468,0.43770021595419545,1
10559,0.43764144282939976,1
12226,0.43753921118749806,1
1720,0.43753833139505416,1
22247,0.43752086605672214,1
19443,0.43747503307813546,1
1180,0.4374528214251609,1
23988,0.4374238537846431,1
16265,0.4373782328903553,1
9031,0.4373599211255897,1
28619,0.4373594911850703,1
3063,0.4373331651733156,1
9388,0.4373127229779286,1
15964,0.4373119879142013,1
7986,0.43730052202158665,1
16216,0.4372922378410029,1
10323,0.43720728791066255,1
31246,0.43720109230759285,1
22643,0.43715886461870085,1
7405,0.43715845143817766,1
26511,0.4371312319608466,1
19838,0.43710701356944637,1
24682,0.43702109846132176,1
13764,0.43701280366114653,1
28402,0.43697734371088637,1
10234,0.4369623231891472,1
4368,0.43695758944309704,1
3308,0.4369377670166786,1
26048,0.4369142735770104,1
14977,0.43681749599957764,1
19176,0.4367803572170314,1
11867,0.43677073209150175,1
6158,0.43670702557025903,1
16527,0.436677795672527,1
11319,0.43667453922778754,1
30936,0.4366598626843523,1
21299,0.436648634091653,1
29081,0.43654861346366153,1
4111,0.4365482013629224,1
11365,0.4364728974156849,1
11507,0.43645636539282073,1
11505,0.4362636401833896,1
19511,0.4362085828792004,1
18432,0.4361355911390154,1
2149,0.43612888970302843,1
699,0.43612785376355817,1
11334,0.43612737448394534,1
3479,0.4360993634766323,1
29031,0.4360588492391657,1
27290,0.43601155335494673,1
9324,0.43599899368610906,1
21376,0.43599830642766596,1
14714,0.43598697319312685,1
1248,0.4359858671399301,1
18323,0.4359803253395959,1
25196,0.43592796071538514,1
7547,0.43587375611949397,1
2371,0.43585386619328453,1
21961,0.4358404201051263,1
584,0.4358259319046369,1
2241,0.43576758199360943,1
28197,0.4357466463154025,1
21586,0.4357251570059072,1
1565,0.4356817408003129,1
29156,0.4356455825289157,1
26298,0.43562506489253744,1
3203,0.4356047202585327,1
3005,0.43560063953791767,1
3158,0.4355943991287083,1
24580,0.4355658622394657,1
27647,0.4354582828003377,1
30435,0.43540516328111245,1
22367,0.4353688757744807,1
11777,0.4353608515921784,1
8686,0.43526557413730205,1
15955,0.43525369073439807,1
1591,0.43524289851636133,1
17160,0.43522182257099523,1
12647,0.4352077767885255,1
15822,0.4351999379150309,1
11248,0.43519209668213676,1
12850,0.43517573591336933,1
29089,0.43517380502914754,1
8702,0.43513873351330806,1
26797,0.4351081556430374,1
24027,0.43509948985888997,1
11376,0.4350946252458222,1
9008,0.43508420219751537,1
1122,0.43505259953185826,1
24488,0.4350446887423437,1
26707,0.4349594746535786,1
26744,0.43495491851696444,1
20987,0.43492044719668976,1
24777,0.43481255466599544,1
28093,0.43480117325662293,1
25310,0.4347539021466476,1
3064,0.4347102324075495,1
1762,0.4346695488336382,1
30585,0.4346339859873089,1
9866,0.4346129707666587,1
6788,0.43449780973469665,1
8457,0.434497259086224,1
2474,0.43448619063963334,1
1161,0.43445637369508494,1
5611,0.4344476428064957,1
19970,0.4342567402722662,1
22535,0.43424278123947957,1
11927,0.4341521192575188,1
17761,0.4341420988789031,1
9847,0.4340842138559353,1
26665,0.43404407244492965,1
25411,0.4340274734149842,1
21963,0.4340182228370685,1
30162,0.43401792010277845,1
22327,0.43401455231238356,1
28180,0.433938937941974,1
27550,0.4339215675832549,1
13901,0.43392139781995537,1
3869,0.43390235670922706,1
8619,0.43390213345830864,1
20506,0.4337798404811543,1
27420,0.43377431379653814,1
16030,0.4337656921375205,1
3896,0.4336878232945046,1
17951,0.4336701340843811,1
22928,0.4336687159901295,1
17669,0.433645760716979,1
21039,0.43364022999215474,1
16511,0.43360528383218233,1
6334,0.4335370476548653,1
29051,0.4335001023080821,1
14687,0.43341560280099906,1
25307,0.43338914003226864,1
27829,0.4333857977665885,1
8225,0.4333783773506793,1
24705,0.43334567257219986,1
3043,0.43332677088789107,1
31102,0.43327508491026584,1
14951,0.43325368625503363,1
26100,0.4332459713246969,1
15038,0.4332349010163863,1
14680,0.4332328857264392,1
28795,0.4332263577215819,1
14046,0.43319625531738704,1
14442,0.4331833491060199,1
1440,0.4331816080309893,1
1405,0.4331477619690819,1
20120,0.43309684612255145,1
17058,0.4330760682959006,1
11290,0.43307251170456856,1
2396,0.43301767615830444,1
7428,0.43294623450451125,1
2895,0.432910571063275,1
12476,0.4329047417723009,1
7913,0.43288789943153405,1
4659,0.43286727482826537,1
16037,0.4327673578989384,1
94,0.4327578511837336,1
7699,0.4326728426883655,1
25104,0.432663411760965,1
918,0.4326496102063802,1
13982,0.4326265511287747,1
26003,0.4326113425605484,1
9685,0.4326067322774378,1
470,0.43259710186495254,1
1109,0.4325917920720899,1
16334,0.4325706130063422,1
8607,0.43253759396770525,1
17357,0.43252295350418973,1
12478,0.4325196329654953,1
1744,0.43250127931740423,1
26918,0.43245913182263185,1
23239,0.43245225029800805,1
15381,0.432424812739194,1
15367,0.43239810861274214,1
27483,0.4322621665101043,1
9361,0.4322290999551416,1
21969,0.43212575388437785,1
13191,0.43210264408060584,1
23048,0.43210142624382564,1
8942,0.43207936562809546,1
9930,0.4320616290581992,1
12151,0.43204540547927467,1
29109,0.43202774510662967,1
13284,0.4320174033821399,1
14021,0.4319867994531262,1
30459,0.4319725775932749,1
4974,0.43196120261957416,1
17505,0.43194870683969605,1
31041,0.4319377396223442,1
2461,0.43185099391965326,1
29951,0.43184743871544407,1
8338,0.4318419767455808,1
3916,0.4317956126667483,1
25161,0.43179062703938115,1
25693,0.4317673251217461,1
20284,0.43175363322258514,1
13181,0.43175089649490034,1
24455,0.4317478276871322,1
16843,0.43174157580865435,1
15433,0.4317233035421291,1
10835,0.43171841943143674,1
26394,0.4317026299684159,1
25493,0.43160270065182976,1
9442,0.4315404538826506,1
25622,0.4315393815192216,1
17781,0.4314983177331726,1
24474,0.43146871434432155,1
28882,0.43146140582588627,1
17528,0.4314025116559656,1
18439,0.4313653831930565,1
4053,0.43134664978053416,1
28265,0.4312853341764822,1
13583,0.4312383041820837,1
14856,0.4312235027594374,1
28607,0.43120906132143455,1
19642,0.4311865736460297,1
21278,0.43118627591683845,1
6910,0.431181418144477,1
4383,0.4311194790318806,1
7390,0.4311036556284391,1
25722,0.43102631476563624,1
7198,0.4310090962978851,1
150,0.43098117785392165,1
14342,0.4309499446470662,1
3679,0.4308722259378567,1
15333,0.4308560712675187,1
15787,0.4308392141173066,1
22394,0.43079409021784765,1
14201,0.43078908649139735,1
20262,0.43075732085068424,1
26544,0.43074455341857193,1
15442,0.430725784129986,1
8697,0.43071831957095846,1
7808,0.43070011099430855,1
2188,0.4305758483739636,1
27634,0.43052426770162766,1
12564,0.43051305599162026,1
18191,0.43050363689407456,1
29201,0.4304764809106003,1
19036,0.43044530012649945,1
23952,0.4304156109938053,1
11093,0.4304009109591948,1
11464,0.43038146620173223,1
8571,0.43037393781325517,1
22039,0.43035582143858186,1
16743,0.43022096060270704,1
16056,0.4301968907343199,1
921,0.4301702175373787,1
20580,0.4301571688522663,1
13771,0.4301434783912477,1
25107,0.4300719886689472,1
12952,0.4300452642654476,1
1232,0.43003396814216344,1
19080,0.4300291314780316,1
6313,0.43001915679617825,1
26567,0.4300041860505959,1
23165,0.42997668177137366,1
5793,0.42993776143733703,1
12490,0.429918900156478,1
9518,0.4299102232128498,1
7289,0.42990678714346264,1
9034,0.42989331233625777,1
30026,0.429891593137645,1
1785,0.429872491563981,1
19162,0.42987057078050817,1
25025,0.4298091094019694,1
14024,0.42978816409861337,1
10375,0.4296999004731283,1
23088,0.42966757381828125,1
15864,0.4296604600171549,1
6059,0.4296304452416023,1
12022,0.4296262672970023,1
21052,0.4296259054384358,1
4815,0.42961241395943994,1
11249,0.42960684319157233,1
10973,0.4295109780120452,1
16681,0.4293940074596266,1
1737,0.42937576760164026,1
20631,0.4293336749148682,1
13664,0.4293208227507496,1
13218,0.4292977820065337,1
9888,0.4292916832241619,1
10062,0.4292428659838236,1
15490,0.4292239418165159,1
25339,0.4291942012295216,1
18224,0.4291710800420201,1
19761,0.42915944871873885,1
19178,0.42915002597868296,1
25428,0.42911423876314486,1
21293,0.42910994335123365,1
7081,0.42909490198145855,1
15508,0.42895111852542334,1
3898,0.428932517325099,1
8846,0.4289143660892244,1
14396,0.4289018522085443,1
18434,0.4288713026680281,1
26154,0.4288257916540054,1
21431,0.4287464371701119,1
31245,0.4287207171612718,1
31252,0.42869215699035473,1
29539,0.4286863296558171,1
29552,0.42866371246673773,1
5245,0.4286557818325302,1
17464,0.4286442565199991,1
26151,0.4286423910970329,1
30089,0.4286278257470275,1
15359,0.4286019941166479,1
19361,0.4285971260129892,1
30998,0.42859123925629355,1
10181,0.4285889398701886,1
24512,0.4285707772034171,1
2548,0.42853099297260727,1
7104,0.42846841427276894,1
18499,0.42845909853090736,1
19917,0.428429535760625,1
5121,0.4284286839252938,1
30360,0.4284284585021446,1
17530,0.42830700538520217,1
7846,0.42828628208530445,1
1240,0.4282851086695758,1
3188,0.4282465276170174,1
27618,0.4281790260704966,1
25813,0.42817386293333476,1
13986,0.42815048211300655,1
21518,0.42814601686107523,1
16974,0.42808414688018454,1
1708,0.42807771256360916,1
22098,0.428059591630334,1
10832,0.428012014377512,1
29054,0.4279903219127796,1
19306,0.42797255061397393,1
19020,0.427947219246337,1
8938,0.42794015671297736,1
4952,0.427898145717112,1
7790,0.42788424533092284,1
29238,0.4278693394289459,1
26540,0.4278320594510997,1
11923,0.42778470854183626,1
11856,0.42776747128470655,1
31256,0.4277223190798104,1
9214,0.4277217287760012,1
2913,0.42771603873875547,1
6303,0.42767342349396664,1
17398,0.4276679566448894,1
1121,0.4276076064326051,1
30645,0.42760469728614503,1
2059,0.4275768036772047,1
1478,0.4275538538919661,1
5190,0.4275305275748298,1
3296,0.42750194706837513,1
21410,0.4274625685900258,1
156,0.4274396202307742,1
3378,0.4274279270857523,1
14515,0.427424102272508,1
24901,0.42740425011786654,1
27963,0.42740154423003207,1
5012,0.4273946808357798,1
29669,0.42738151212523257,1
6316,0.4273351454559899,1
23682,0.42733031890152673,1
17910,0.42732447895314496,1
31009,0.4272974088214213,1
22030,0.42729223143495587,1
20542,0.4272918777600623,1
25620,0.4272692972400165,1
19584,0.4272568550954315,1
14259,0.4272527785629082,1
5338,0.42724515542085906,1
1444,0.42724075356365043,1
29484,0.4272322390077353,1
793,0.427230026397231,1
30365,0.4272277359976128,1
11576,0.4272183736427678,1
15462,0.4272022297173443,1
18433,0.4271560046271189,1
5041,0.4271255198498621,1
23768,0.4271247412841403,1
28431,0.4271228180045783,1
18006,0.42712143910939704,1
20831,0.4270967148687434,1
30301,0.42705191668103204,1
29981,0.4270339223087924,1
17940,0.42703372842029663,1
13775,0.42698134910453456,1
6712,0.4269631290411302,1
6455,0.4269375468756532,1
24238,0.4268439699724066,1
2519,0.4268371711625524,1
17309,0.42678258392108165,1
27342,0.42677242640757335,1
1868,0.42673693002535856,1
9855,0.4267341764244816,1
1163,0.42673117486654166,1
2151,0.4267309565608428,1
11151,0.4267117178607349,1
8023,0.4266991176637543,1
22009,0.42669576631763656,1
12986,0.4266939866214459,1
26848,0.42668069530688535,1
27300,0.4266603291705913,1
11261,0.4265955035749883,1
23938,0.42659274081626825,1
13527,0.42658676852078464,1
9701,0.42657586879138165,1
26647,0.42656118419949496,1
8957,0.4265541579428007,1
1657,0.42653873488199273,1
19119,0.426530782816981,1
21641,0.4265174869681568,1
5210,0.426487118389591,1
31189,0.426437610261304,1
27849,0.4264337886416883,1
677,0.426427395979181,1
12771,0.4264260905818823,1
21413,0.4264036037479149,1
16587,0.42638008845695785,1
8600,0.42637020086326943,1
7592,0.4263687074226384,1
457,0.4263656133956216,1
5217,0.4263113092829698,1
13418,0.4262928083005287,1
1004,0.42626510136466783,1
14090,0.42623187562352605,1
17235,0.4262274699427977,1
17604,0.42621771287538607,1
28055,0.4261692917724858,1
28526,0.42616374517491457,1
21158,0.42616333313338123,1
16530,0.42615839799032246,1
6752,0.4261532870837753,1
2452,0.4261203220984349,1
25211,0.4261114000349431,1
18889,0.42609730488366293,1
24083,0.42609444939233176,1
13750,0.42608072072201936,1
6544,0.42607901606921944,1
20586,0.42603483692569083,1
2030,0.4260323621500477,1
9035,0.42602679471705973,1
7600,0.4260222589398463,1
24833,0.4260214833173086,1
20348,0.4260162342095628,1
13161,0.4259952349463584,1
6238,0.42599377782887304,1
24094,0.4259764486986753,1
9608,0.4259667858323553,1
5451,0.4259577018925672,1
30807,0.4259255999274162,1
644,0.4259189531625148,1
4742,0.42590520451732944,1
25502,0.4258755625403022,1
1706,0.4258631110616229,1
24193,0.4258532758582432,1
28117,0.42580426331635707,1
30975,0.42579656873598615,1
1512,0.4257888330130267,1
29479,0.4257626244660443,1
27728,0.4257393034768882,1
25377,0.4257093358325219,1
26056,0.42567407153926723,1
4385,0.425668148414406,1
23927,0.42566793973874717,1
16562,0.425662546724793,1
14769,0.4256024883129108,1
27767,0.42558911632753754,1
25549,0.4255736550401007,1
17121,0.4255542452689019,1
10029,0.42552047968896906,1
24304,0.4255079185721267,1
28411,0.4255056539265856,1
14419,0.42548531575715565,1
6593,0.4254682627759629,1
10488,0.425410077918028,1
30793,0.4254051010077569,1
12474,0.42538152744962604,1
23127,0.4253670098268529,1
9226,0.42536455088697567,1
6798,0.4253152916674944,1
24152,0.4253039061434263,1
6104,0.4252918489335076,1
8778,0.4252645611011625,1
6287,0.42525056090753344,1
3408,0.42523334797315665,1
23274,0.42522112155161046,1
17923,0.4252100686383309,1
2520,0.4251952665482155,1
11622,0.4251862409882278,1
6816,0.42510850435635716,1
17498,0.42507437003828047,1
15645,0.42507436977311014,1
15561,0.4250514081991424,1
26380,0.4250423997252386,1
16281,0.4250195511816136,1
23188,0.4249951556923721,1
28085,0.42497983858967187,1
14473,0.4249468726076555,1
8302,0.4249362296754844,1
18283,0.4248501587436243,1
15455,0.4248280211945351,1
8915,0.4248053372195464,1
4699,0.42479829895648813,1
29736,0.4247707329353784,1
28633,0.4247234572931328,1
16413,0.424712655768074,1
14952,0.4246083252883801,1
11541,0.42459911514392423,1
13404,0.4245849063004768,1
10503,0.4245752265278667,1
5454,0.424546891385033,1
14070,0.42454334402529575,1
28840,0.4245171981230861,1
3390,0.4244739166220483,1
27578,0.42446556656680623,1
7212,0.42444319651810664,1
26115,0.42443606175729753,1
29108,0.42442233741349816,1
10364,0.4244221929886095,1
11600,0.4244205129851699,1
28461,0.4244170505240399,1
13263,0.4243992589902543,1
20153,0.42437832395604963,1
18710,0.42435852861160117,1
13589,0.4243583993754634,1
28776,0.42434835899134304,1
9485,0.42432838082057023,1
6055,0.42431529561473785,1
3279,0.4243042164138244,1
22421,0.4242598477516629,1
24836,0.42424590141336294,1
20836,0.4242421476728401,1
13987,0.42424137815810803,1
11086,0.42422588239109615,1
565,0.42422214871885994,1
25289,0.42419918445207805,1
25046,0.4241796984965977,1
25729,0.42415506219917454,1
15269,0.4241408766316876,1
13503,0.42413513679334724,1
8636,0.4241157001250226,1
30222,0.424087325875789,1
21968,0.4240826014689523,1
27115,0.4240500408532116,1
5952,0.42403941337981577,1
9841,0.42402709216277157,1
28760,0.4239488966095292,1
9469,0.4239339459620591,1
3153,0.4238950491142574,1
30065,0.42385746292508586,1
16089,0.42379691216111487,1
14768,0.4237773106975138,1
6862,0.4237668702529408,1
22940,0.423761087459038,1
22594,0.42373284400272254,1
12753,0.42366668331581026,1
13103,0.423660665032009,1
17952,0.42365930313829986,1
3846,0.42365823743177883,1
11241,0.4236430674149196,1
5348,0.4236393686778514,1
15163,0.4235982171797405,1
15092,0.42356556256802635,1
1926,0.4235205247526673,1
11088,0.42351158321572896,1
17055,0.42348755556629025,1
15579,0.42346546300706445,1
27812,0.42344077639649774,1
27964,0.42343490362995484,1
20862,0.4234126941430742,1
9505,0.42340664147585977,1
25966,0.42339823071582466,1
454,0.42338448202947715,1
3233,0.4233608574875716,1
6894,0.42332396328706656,1
12695,0.4233159748386866,1
14818,0.4233003110285918,1
8977,0.4232775075965587,1
25224,0.42327032425123096,1
21538,0.42320863636383504,1
27192,0.42319849690961114,1
24527,0.4231902908187638,1
21180,0.4231603882199993,1
19059,0.4231291692815934,1
16767,0.4231063752846523,1
31055,0.42306958497991154,1
19954,0.42306076955307104,1
5666,0.4230505375824144,1
17461,0.422988414582653,1
20273,0.4229823553333999,1
4151,0.4229528166747001,1
11920,0.4228932857355825,1
18364,0.42289169187045106,1
15386,0.4228764997157966,1
10534,0.4228610859236089,1
13303,0.4228266942719376,1
28078,0.42279607732437335,1
31341,0.42274621374900756,1
17733,0.4227293076732666,1
7004,0.4227152879235346,1
12115,0.4226852264355081,1
23623,0.42268104907866866,1
15532,0.42267137519493453,1
10649,0.42266211092145417,1
7492,0.4226424663618598,1
24179,0.4226306179975966,1
309,0.422625727074169,1
1378,0.4226192074146443,1
15229,0.4226087821716466,1
23232,0.42260538949092846,1
29996,0.4225971612520697,1
23586,0.4225936379869569,1
24736,0.4225823732945651,1
29743,0.42258020409841524,1
2500,0.42255486241663776,1
11847,0.4225495909802781,1
4264,0.4225463750167428,1
30876,0.42254233666434327,1
19754,0.4225305131288208,1
28824,0.4225286733546861,1
7161,0.4225188218285122,1
3759,0.422510870085358,1
18311,0.4224791915455903,1
30726,0.4224739241658764,1
30343,0.42246392277089,1
18613,0.42245151355012034,1
21861,0.42243142915728016,1
20236,0.4223986610085816,1
8380,0.4223464945292134,1
16039,0.4223295589718852,1
17283,0.4223117489699266,1
3140,0.42230136030106374,1
5556,0.4222968965159311,1
8355,0.4222935682662613,1
25700,0.42229171265897186,1
16613,0.42228619880139073,1
4872,0.4222751289749374,1
28834,0.4222658955706455,1
24505,0.42224737872846196,1
28107,0.4222162191606041,1
14285,0.4222018971957208,1
21433,0.4221769920655756,1
31054,0.42211914834063013,1
4724,0.42211648605176677,1
7057,0.42209774640956005,1
14651,0.42206670378022787,1
27356,0.422055925505177,1
9359,0.4220288745706833,1
26996,0.4220225837076041,1
10979,0.4219821287947452,1
9663,0.4219717838528402,1
11211,0.4219567031550258,1
26132,0.42195525650660315,1
20489,0.421936847938186,1
3424,0.4219361234885817,1
12894,0.4219346657382411,1
6133,0.4219271130144886,1
28845,0.4219237649440828,1
17034,0.42191265227358504,1
5656,0.42190421113135135,1
13531,0.42190344880830954,1
6680,0.42187063037513034,1
18589,0.42187053834078336,1
3565,0.42183957619797324,1
18508,0.42183477436099537,1
15440,0.421791746313849,1
12767,0.4217867270078615,1
3676,0.42177525706949787,1
21013,0.421766013744312,1
10870,0.42175109177505526,1
2141,0.4217283194003064,1
28116,0.42172716084267486,1
19726,0.42169605281343225,1
6028,0.42168934684588955,1
12665,0.4216204928289432,1
21727,0.421581426526926,1
26398,0.421520473826666,1
3876,0.42148967631233,1
3170,0.42146871332494923,1
6524,0.42145509225605005,1
19323,0.42143678373055965,1
19816,0.42143180299772715,1
30235,0.42138960172123446,1
15715,0.42138552786105116,1
28578,0.42137872148940064,1
9185,0.42136634290515285,1
12232,0.4213480681171685,1
2821,0.4213380043990282,1
19646,0.42132003793138284,1
9352,0.42128778684658763,1
8717,0.4212840541128627,1
1719,0.42128249359898895,1
19742,0.4212740743650514,1
6899,0.42121475169335604,1
28926,0.42113762672818483,1
31118,0.4211275060089751,1
265,0.42111422439454016,1
1023,0.4210908502464411,1
8084,0.42108556958300997,1
29835,0.4210770228252392,1
22111,0.4210258798290452,1
11043,0.42098616710989306,1
21552,0.4209732965293802,1
18975,0.4209723491183475,1
28924,0.4209652451683287,1
20098,0.42089579663890686,1
18485,0.42086889204555555,1
23534,0.4208660162375789,1
12791,0.42086497302254844,1
6519,0.4208614064450858,1
2742,0.4208481158556072,1
5822,0.42082320905004056,1
3530,0.42080575558242617,1
18221,0.420802470764443,1
30163,0.420778367259919,1
7027,0.4207746895784631,1
16237,0.42076383659635075,1
29179,0.42074381728349086,1
24186,0.4207433531219616,1
23547,0.4207414158442486,1
20984,0.4207324597757752,1
5922,0.4207113629705948,1
12012,0.4206950125962409,1
1882,0.4206803107111538,1
13897,0.4206799874623157,1
7614,0.42067676334074866,1
9884,0.42067476387245706,1
8802,0.42067458076623043,1
29609,0.4206729908990795,1
25204,0.42067115396230015,1
14623,0.42066649633843656,1
15313,0.42066218952582085,1
23272,0.42065979899318817,1
2788,0.4206347776392214,1
1146,0.42061056956265136,1
5943,0.42059634336349944,1
14846,0.4205872447767193,1
19372,0.42056381619605226,1
5597,0.4205591650048527,1
2239,0.42054238866947663,1
7911,0.4205421385947855,1
10535,0.4205412595581941,1
18037,0.4205193613255102,1
30818,0.4204938523166043,1
13968,0.4204623289179822,1
10820,0.4204570657456431,1
5743,0.42043022359695237,1
12019,0.4204255884755691,1
30237,0.4203343115546253,1
7024,0.42029973966921186,1
1222,0.42027816703408993,1
23673,0.420276040498009,1
29464,0.4202669020366776,1
12191,0.4202668162057989,1
1544,0.42022090797934736,1
18983,0.42019673160289395,1
17152,0.42018269601052244,1
31266,0.4201801224291286,1
267,0.4201626965731004,1
15569,0.42015652634446743,1
19794,0.4201374003159753,1
1214,0.42012967695068215,1
5696,0.4201271560762032,1
10065,0.4201260357046628,1
29196,0.4201221198721546,1
5455,0.4201199642112485,1
30512,0.420080095845142,1
99,0.42006418579095034,1
17411,0.42004135883321697,1
16131,0.42000673413451467,1
29508,0.41998380638910837,1
9553,0.41998337194946045,1
14634,0.419976094601914,1
21978,0.4199571582642516,1
26896,0.4199551149595269,1
26524,0.419947954081819,1
25257,0.41993454128964025,1
29688,0.41993289468392125,1
24950,0.41992536537038466,1
1459,0.4198953577640607,1
1905,0.41988140307953886,1
29748,0.4198588417978611,1
3243,0.41985667313145414,1
17568,0.4198463832871879,1
13014,0.4198268391783861,1
29901,0.419822811049058,1
4873,0.41980731503739965,1
2591,0.4198044726865752,1
14461,0.4197768764873521,1
11824,0.4197699451392172,1
14803,0.4197479982652023,1
29949,0.4197376373854826,1
12144,0.4196980131424484,1
8872,0.4196746389287067,1
19089,0.4196552371723748,1
22123,0.4196376905994146,1
25637,0.41959632495266225,1
27020,0.4195875657065966,1
19582,0.41957961246377456,1
29666,0.4195358796320045,1
12175,0.4195134729975864,1
26651,0.41950431824313555,1
18369,0.419483298248757,1
10039,0.41948058302273206,1
4612,0.41943668833611314,1
17590,0.4194356418280888,1
2826,0.41941829679637804,1
20355,0.41941433754985513,1
9927,0.4194106151449171,1
24255,0.4194057959519213,1
17591,0.4193533201339061,1
13643,0.4193502859591398,1
11188,0.41932444150594506,1
15672,0.4192726458014843,1
14711,0.41924398629422405,1
1055,0.4192019677820915,1
2272,0.41919470147721083,1
1982,0.41919470147721083,1
20716,0.4191834818481045,1
23259,0.4191540071853766,1
6992,0.4191445551294201,1
501,0.4191337034040273,1
1438,0.41913276136168376,1
25475,0.41912206266594504,1
15818,0.4191062776942062,1
13920,0.4190803859330714,1
13369,0.4190776728243806,1
15922,0.41907564757790566,1
9667,0.41905943767248205,1
9073,0.4190525444135445,1
25715,0.4190429335287098,1
22375,0.4190313332824612,1
12313,0.4190297306194918,1
11977,0.41899644745906284,1
8280,0.41898766059535136,1
6045,0.4189717004070378,1
23310,0.41894038355082236,1
26303,0.41893783096349124,1
29760,0.41893588320504976,1
20816,0.418929990104263,1
29283,0.41891406863347064,1
24076,0.4189042597769802,1
14313,0.41889033777114265,1
25932,0.41887724836875784,1
25539,0.4188623903292982,1
2224,0.41881811539945263,1
17622,0.41878948182967773,1
6617,0.4187645915590451,1
20267,0.4187606346150669,1
20965,0.41875364432721907,1
980,0.41874552567252216,1
12843,0.4187427854636875,1
4929,0.41873789003134293,1
3257,0.4187331029972485,1
21335,0.41873201616130346,1
23923,0.4187256935123695,1
10154,0.41870369620120557,1
16244,0.41867419093805064,1
5080,0.41867262465469823,1
5816,0.41864311435902496,1
19380,0.41863773440515095,1
1467,0.41862036906593814,1
8612,0.41860526541104043,1
13366,0.4186028608064737,1
28058,0.418592755296551,1
26015,0.4185907401325676,1
28773,0.4185860629799415,1
14790,0.4185557710291925,1
27019,0.4184876554864705,1
24258,0.41848675949635455,1
19370,0.4184747633563833,1
8432,0.41846850937547614,1
15264,0.41846512539192865,1
13996,0.4184506675479529,1
27845,0.4184477353659848,1
29690,0.4184108932393738,1
7813,0.41839376753289903,1
10861,0.41836578087293125,1
12779,0.4183528854025493,1
1264,0.41834903464462625,1
18687,0.41834818490883413,1
28280,0.4183394978273526,1
30636,0.4183063342496862,1
31104,0.4182961177683308,1
30634,0.41829345346872837,1
1045,0.41829301471042646,1
3986,0.4182752725530504,1
21171,0.4182745305439722,1
20968,0.4182652697507999,1
11459,0.418226865936569,1
598,0.41820948108511347,1
639,0.4182038186311163,1
17323,0.4181971984791574,1
13199,0.4181967803172181,1
30396,0.41819527616084884,1
1828,0.4181905872845467,1
3601,0.4181904733282119,1
16148,0.4181542112052401,1
31230,0.4181422980782629,1
19254,0.41813810803289525,1
2862,0.4181157900306735,1
23176,0.4180934949918681,1
25476,0.4180912446906136,1
19887,0.41808692166447387,1
15820,0.4180698816625084,1
26654,0.41799812674707776,1
30812,0.4179784640225619,1
8433,0.4179408626813947,1
24182,0.4179408626813947,1
18779,0.417938737323303,1
8875,0.4179193507588277,1
20706,0.4179042104282906,1
18881,0.4178946636071519,1
2319,0.41789346354352525,1
4955,0.4178755482253689,1
22207,0.41787256062581446,1
11579,0.4178370572271442,1
24892,0.41782254086504717,1
10693,0.4178224118635414,1
19704,0.4178199282456301,1
10463,0.41780354775620965,1
13315,0.41779736939710993,1
13082,0.4177955191610472,1
16992,0.4177833262054125,1
29255,0.4177571035021488,1
25641,0.41774104776934023,1
31005,0.417713147202723,1
424,0.4177077254649351,1
16784,0.4177076332978449,1
15755,0.417695632621019,1
18729,0.41769175855162105,1
26254,0.41768763737872633,1
25437,0.4176855028910957,1
2929,0.41767804106134143,1
12800,0.4176726533065983,1
30194,0.41766309621430286,1
3984,0.41765302919520664,1
12749,0.4176335424006765,1
23091,0.41762905872886447,1
12287,0.4176210294793093,1
6886,0.41758060932551805,1
3575,0.4175801167648045,1
12965,0.4175784545706636,1
19544,0.417567590458606,1
15330,0.41756332377335315,1
16994,0.4175590636967075,1
17889,0.41755249630088576,1
5766,0.41754346154282707,1
5370,0.41752346202302887,1
26258,0.4174993425423431,1
15101,0.4174750355391331,1
28099,0.41745720575169853,1
13620,0.4174363974570898,1
27239,0.4174226967675157,1
4701,0.41740675819329787,1
2699,0.4174017410766329,1
29977,0.41739717956558414,1
17462,0.4173965621981954,1
14873,0.4173868607006057,1
8877,0.4173821986295977,1
7854,0.4173814003390155,1
13192,0.41732326096678757,1
17290,0.4173077129499398,1
1738,0.41730652097477205,1
19133,0.4173045893782369,1
20986,0.4173015052569765,1
21126,0.4172772435031264,1
24058,0.4172766945955415,1
6664,0.4171843060385836,1
6109,0.4171706809082139,1
1082,0.4171664419503203,1
21548,0.41715478482638263,1
23064,0.4171522237420504,1
5515,0.4171346480819178,1
13368,0.41712857739285475,1
13304,0.41709578126889724,1
31059,0.41709352757297674,1
15609,0.4170928344113042,1
18697,0.4170904489042573,1
5268,0.417021936796345,1
15545,0.4170147291148493,1
4969,0.41700359185525043,1
24430,0.4169869781400869,1
12896,0.41698595643209274,1
10387,0.41697613089896857,1
10671,0.4169574534862678,1
30756,0.4169570253559659,1
17334,0.4169305922183411,1
9258,0.4169265885160989,1
22301,0.41692516229440996,1
11034,0.4168898750450684,1
4471,0.4168661175633559,1
15916,0.4168402157943008,1
3132,0.41683897099725753,1
31049,0.4168376766566872,1
29665,0.41681183547351,1
10523,0.4167988222062914,1
14123,0.4167951461439589,1
31310,0.416794036869361,1
15840,0.41679250007833474,1
357,0.4167923054770602,1
4504,0.4167761869679951,1
30620,0.41676586405039123,1
12000,0.41676401013177056,1
24346,0.41675665370967957,1
31146,0.416716554007183,1
6021,0.4167160408853386,1
23958,0.4167126548658135,1
4181,0.4167126548658135,1
15770,0.4167116202581218,1
22504,0.41670360547282065,1
28443,0.4166987147312878,1
27577,0.4166773113352249,1
9259,0.4166660765387332,1
12385,0.41665227328073473,1
25818,0.4166367940819186,1
1036,0.41662943810576364,1
29840,0.41661342944474006,1
25949,0.4165949245117301,1
25524,0.4165928103541738,1
27719,0.4165738554824494,1
2427,0.4165496926304769,1
4019,0.41653207806548415,1
27537,0.41652801085847474,1
11506,0.4165103914989428,1
25362,0.41649416501995207,1
21138,0.4164890672070667,1
5008,0.4164617629404946,1
5363,0.41641668131552173,1
22555,0.41641665455156335,1
17369,0.4163890293394764,1
21424,0.41638476811728625,1
29309,0.41637525470185893,1
16284,0.4163618390859314,1
12649,0.41633976082640034,1
6483,0.4163390919402339,1
22210,0.41633683505753305,1
2013,0.4163307621550162,1
28940,0.41630619537125796,1
1872,0.4163038511104455,1
25995,0.4163012836403465,1
6165,0.41629647203437964,1
8224,0.41627584286233504,1
15351,0.4162727310603031,1
31043,0.4162591534680394,1
15280,0.41625454251503385,1
17463,0.4162454931755316,1
30259,0.41619382917730346,1
24569,0.41617904438336917,1
7354,0.41616612956051563,1
3651,0.4161362821502052,1
17157,0.4161277767780358,1
29399,0.41612630214393165,1
3892,0.41612152842177386,1
26440,0.4161201454231579,1
16972,0.4161066117899474,1
26876,0.41608658963184814,1
1686,0.41607905601190154,1
22024,0.41607195390343293,1
14398,0.4160714730465672,1
27484,0.41604103425911004,1
9172,0.4160366318719809,1
7628,0.41601511003375996,1
16772,0.41599959109100465,1
2445,0.4159989234163548,1
2101,0.415993986321474,1
5603,0.4159630880125548,1
15149,0.41594055039581357,1
9321,0.41593338410909425,1
28673,0.4159294668547671,1
22263,0.4159142777091138,1
23654,0.4159023003766875,1
16501,0.415899738830664,1
27424,0.41587062346832826,1
17212,0.4158554472746555,1
814,0.4158180542544614,1
27037,0.4158140570689514,1
25633,0.41577218641916763,1
27595,0.41575599753446774,1
23263,0.4157546583095644,1
10931,0.4157212496606089,1
8795,0.41569007053842083,1
17310,0.41566677315412315,1
1239,0.41559882620937505,1
10396,0.41559600672378244,1
14494,0.41553469909984386,1
12344,0.41553172479305045,1
18019,0.41552231189152244,1
10996,0.4154979846557076,1
29244,0.41548939914706695,1
15261,0.4154805574558974,1
9881,0.415475027728344,1
13615,0.4154507350794832,1
14376,0.4154214945809118,1
4848,0.41542028039913903,1
18842,0.41537748490272636,1
9959,0.415371294817827,1
30848,0.4153557495284148,1
8638,0.41532899186818073,1
10059,0.41532190499975014,1
15243,0.41531304034967975,1
12024,0.41531057942454275,1
31275,0.41530489642508683,1
18739,0.4152987639617444,1
1030,0.4152960245407625,1
11009,0.41528938212507005,1
18804,0.4152876673705229,1
19931,0.41528757479832173,1
6501,0.41528354349508734,1
11607,0.41528083843783337,1
9931,0.41527892524691107,1
9059,0.41524074796945043,1
4370,0.41522865978652135,1
13744,0.4152150583647623,1
19968,0.4152025068378111,1
5678,0.41519256371690894,1
9624,0.41518769879582385,1
18671,0.41518036382963464,1
23284,0.41517315541258354,1
29580,0.415170744126737,1
20091,0.4151706619334749,1
6779,0.4151296921760915,1
29332,0.41510763018735986,1
15533,0.41510731877806173,1
2766,0.41510010009583675,1
18848,0.4150707820115732,1
14087,0.41506390677628824,1
18055,0.41505113302045066,1
18328,0.41502265692123186,1
27119,0.41501786721599965,1
29567,0.41500113433323477,1
12969,0.4149990665327228,1
27824,0.41496128350797257,1
11851,0.41493977866289145,1
30533,0.4149292678772373,1
23685,0.414922291364163,1
22978,0.41492024484061657,1
12222,0.4149142961425226,1
29706,0.41490781141651306,1
29259,0.41490250298454123,1
3226,0.4148796431469844,1
19253,0.4148745286787848,1
4820,0.4148722940306473,1
23823,0.4148535663179063,1
23774,0.4148372626464911,1
11463,0.4148312135890645,1
21724,0.4148312135890645,1
22110,0.4148259636064535,1
12865,0.41482546016973454,1
20835,0.41481927744107067,1
3965,0.41478486855527846,1
8722,0.414779819538317,1
18095,0.41477573707742627,1
22102,0.41477479132745715,1
6671,0.4147521758783974,1
2416,0.414739879043256,1
9535,0.41473670690265385,1
22071,0.41472745792998145,1
18846,0.41470300447814273,1
1250,0.41470296122617334,1
22836,0.41470161386181636,1
17884,0.41468811568104047,1
26362,0.414684224211669,1
10342,0.4146797674261592,1
21403,0.4146432962480759,1
17200,0.41462327838749813,1
11341,0.4146165655784598,1
13692,0.4146017702709824,1
10946,0.4145835270362575,1
16415,0.41455753787293914,1
22473,0.4145215002458002,1
7357,0.4145155994561735,1
26624,0.4145091062788675,1
13156,0.4144853104764577,1
28390,0.41447520439611213,1
26663,0.414473692014485,1
26032,0.4144662810866471,1
25343,0.4144430348040323,1
5307,0.41443695016512316,1
6650,0.41443093116537133,1
16032,0.4144257620389072,1
21364,0.4144115177818685,1
12133,0.4143862260454595,1
2741,0.4143783446440113,1
19,0.41437768695260985,1
28899,0.41437532022612883,1
29851,0.4143476272078258,1
5169,0.4143385072085074,1
27716,0.41433549043952594,1
8382,0.4143309387286169,1
20158,0.4143027846609914,1
8805,0.4142934575460475,1
7353,0.41429315216063045,1
16299,0.41428132619467206,1
3000,0.4142785649192762,1
4529,0.4142547624112625,1
14441,0.41425156227166376,1
26029,0.4142441065480738,1
17087,0.41419293030070287,1
7180,0.41418854049458786,1
20343,0.41417815989278606,1
21767,0.41417471797233674,1
7059,0.4141389762856178,1
19620,0.414131182899138,1
16661,0.4141212288156328,1
21469,0.41411254469662045,1
10966,0.4140809717489231,1
25859,0.41407831713941434,1
31023,0.4140582275779579,1
2453,0.41403903154841076,1
14402,0.41401796374125455,1
24818,0.41399828086296764,1
24350,0.41393453539983177,1
10568,0.41387483964827715,1
5488,0.4138433046904364,1
8773,0.41383568653524344,1
2900,0.4138289955211291,1
28804,0.41382004450422044,1
26566,0.4138176995023629,1
26769,0.41380944268565484,1
29963,0.41379728327657406,1
26941,0.4137949759454394,1
15162,0.4137895271508119,1
28432,0.4137881508162288,1
4566,0.41378776620112184,1
28183,0.4137623684723561,1
11481,0.4137544987308239,1
15751,0.4137532346354388,1
10908,0.41374097779887536,1
29315,0.41373035185419527,1
21350,0.4137227654642471,1
15650,0.41371412700201304,1
3281,0.4137134302253341,1
26306,0.4137085356234054,1
29245,0.4136929103215452,1
9210,0.41368340989588953,1
28594,0.4136693752567298,1
12802,0.4136530964490137,1
2288,0.41364211921015065,1
3830,0.41363280428602794,1
19834,0.41362633311909547,1
24658,0.41361675023425404,1
28523,0.4136126153505706,1
3374,0.41360912865767885,1
27078,0.4136072096442861,1
23354,0.41360576086453327,1
22070,0.4135952806633134,1
9489,0.41358621995802075,1
25640,0.4135478024242563,1
11213,0.41354108059492556,1
4305,0.41350590348302796,1
18193,0.41349689303595677,1
10993,0.4134785687173214,1
1338,0.4134671466949652,1
27734,0.4134612631502489,1
20131,0.413442066174755,1
8534,0.4134320720934731,1
3242,0.4134205766975032,1
11902,0.4134177337745365,1
3936,0.4134107005418583,1
21622,0.4134051433384219,1
24457,0.41339360815019766,1
22972,0.41337599128822405,1
6056,0.41335288986919083,1
9689,0.4133341921963869,1
11297,0.4133218498781062,1
28901,0.41331868268761063,1
4175,0.4133081748815306,1
25118,0.41330010098684866,1
31264,0.41330004208488236,1
22696,0.4132548264460598,1
20644,0.4132545178735285,1
17079,0.4132516354311297,1
235,0.4132495927852476,1
9051,0.4132461535244487,1
4353,0.41322809656424164,1
19515,0.4132231390389158,1
24467,0.4132219647076979,1
8102,0.4132134083033164,1
23352,0.41320982835680814,1
5412,0.413180724299551,1
21773,0.4131765120355896,1
15290,0.4131764773421372,1
20365,0.41309370078487595,1
28711,0.4130875144409828,1
24445,0.4130728032640401,1
7231,0.4130633911769809,1
2469,0.4130420021861165,1
5844,0.41301723200116824,1
4455,0.413013602732966,1
7622,0.41301197543643,1
29562,0.41299439073960015,1
29628,0.41298815995419036,1
27988,0.4129875051316783,1
14694,0.4129505154767819,1
13887,0.4129406971755685,1
22768,0.4129309034868207,1
13579,0.4129183506639017,1
27661,0.41291644587524223,1
9400,0.41289320333848145,1
19750,0.41288415469197015,1
29971,0.41288227773285263,1
1316,0.41287488497766356,1
2792,0.41287236683876766,1
20244,0.4128719336524651,1
9720,0.41286908611916134,1
26947,0.4128234098971171,1
27579,0.41279589894212054,1
5528,0.41279287277409826,1
800,0.41278069974656645,1
22491,0.41275932412161914,1
3067,0.4127437819911448,1
17899,0.41274249800348367,1
23840,0.41273467213137166,1
2122,0.4127339502664464,1
4100,0.41273380877189836,1
16264,0.4127192961065035,1
25243,0.4127143421943344,1
14445,0.4127104204923063,1
26894,0.4126812877113673,1
20228,0.4126789117219507,1
8496,0.41267732422851866,1
868,0.41266603582228606,1
7549,0.41266411671086994,1
3274,0.4126609946183223,1
19655,0.4126584808475151,1
21661,0.41265375960685036,1
15121,0.41263118229983037,1
24983,0.41262695062671206,1
11172,0.41260276197515494,1
5879,0.4125722327009001,1
17540,0.41257128997414616,1
17741,0.41256217541709167,1
8007,0.4125494958903658,1
8841,0.41254678129354105,1
18797,0.41253495434462584,1
17073,0.4125134626277194,1
9825,0.4125041252343409,1
2348,0.41250233112624507,1
10992,0.4124980097346666,1
26250,0.4124788845216754,1
10932,0.4124497326035613,1
30732,0.4124462854781853,1
7661,0.4124376671641248,1
20076,0.4124374105167963,1
24219,0.41242679313408304,1
1132,0.41242009761313875,1
6406,0.4123915949151642,1
18939,0.41237199335515684,1
4237,0.4123227519573669,1
1537,0.4123117425317082,1
15698,0.4123109598758383,1
12299,0.4123090513619966,1
552,0.4122900095346189,1
17999,0.41228776310808213,1
3819,0.41227888640482374,1
19735,0.4122607930703275,1
1205,0.4122596306312262,1
21340,0.41223512278316027,1
5457,0.41223248136993795,1
3528,0.4122299978263685,1
919,0.41220333269888493,1
22816,0.4121838096010194,1
15723,0.41217356966077257,1
5859,0.4121602572565778,1
17788,0.41214620051316186,1
31297,0.41214620051316186,1
7530,0.4121439689780319,1
6620,0.41212236872106994,1
24168,0.412100292782201,1
1201,0.41208246917137975,1
27646,0.4120657485501467,1
3201,0.41204537619589826,1
21741,0.41203901359165,1
22988,0.41203493830433435,1
8036,0.41202174825138366,1
8862,0.41201851380003246,1
4312,0.4119855434904963,1
2422,0.41198039304005185,1
28650,0.4119751614107384,1
18906,0.4119689234626132,1
889,0.41194522998348015,1
29522,0.411936589967034,1
20081,0.4119184946949261,1
24875,0.4119182300077751,1
14269,0.4119175932515222,1
20186,0.41191640316774103,1
13220,0.41191526716203897,1
21128,0.41191365326458773,1
18063,0.4119105178685937,1
6388,0.41190699245988655,1
19941,0.41185925185138883,1
26391,0.4118499336418938,1
27920,0.4118405696156174,1
4486,0.4118401301750292,1
5863,0.4118168932494964,1
6095,0.4117968150721321,1
18279,0.4117797098119411,1
26536,0.41172496579836726,1
7830,0.41170463733128443,1
5050,0.41166530215153135,1
21811,0.41165787640284635,1
27043,0.41163679093458205,1
20469,0.4116308438843015,1
5512,0.41163035177757723,1
5058,0.4116253772389911,1
15777,0.41162189622827033,1
27236,0.41161620688421885,1
30282,0.41160865158109916,1
1489,0.4116012983793133,1
16916,0.4115896922258158,1
5677,0.4115859416265395,1
25654,0.4115833560745658,1
14668,0.4115820046380888,1
6207,0.41157573935810765,1
29282,0.41155703604475463,1
2674,0.4115271670908397,1
22396,0.41151667044273793,1
13544,0.4115099643376803,1
4866,0.41149553254410587,1
12973,0.4114864832983557,1
16747,0.41148503375533857,1
12054,0.41148237095214557,1
5973,0.41146574585514534,1
30546,0.4114609653656304,1
31267,0.4114385876674843,1
2245,0.4114285887854819,1
5857,0.41142558823345565,1
24335,0.4114218694529296,1
19543,0.4114165307554534,1
27116,0.4114103159568756,1
11208,0.4114078379542267,1
18709,0.4113998121364913,1
22939,0.4113852312905919,1
28349,0.41135327038131225,1
3995,0.4113226011393498,1
29246,0.41125916170246235,1
21405,0.41125883872323477,1
7542,0.411229846466264,1
4702,0.4112296951832308,1
7558,0.41122168238041623,1
8897,0.41119366326595397,1
30196,0.4111918789074626,1
15518,0.4111865564338759,1
19374,0.41118297541700705,1
2506,0.41117081291616825,1
8595,0.41116154627069157,1
24869,0.41115893455923774,1
21427,0.4110893889474962,1
7862,0.4110678660368377,1
22646,0.411060353221899,1
27396,0.4110594248583814,1
16064,0.4110590316466525,1
31125,0.4110507456948915,1
12034,0.4110290004953611,1
3387,0.41101748111826225,1
11683,0.4110084973679471,1
1143,0.4110015036799826,1
23924,0.4109971915194132,1
26233,0.4109895092414999,1
21812,0.4109880094358895,1
27514,0.4109612922474124,1
10510,0.4109486351707188,1
22792,0.41094858818544844,1
19701,0.41093997230735746,1
19925,0.41093552908629194,1
8323,0.4109238380724708,1
12045,0.4109223065321313,1
2858,0.41091501217532667,1
7223,0.4109140107180416,1
29739,0.41089189606407595,1
5898,0.4108193585210179,1
15948,0.41080730248213015,1
12458,0.41079355058877454,1
31011,0.41078279674119267,1
10894,0.4107227381796891,1
20591,0.41072020880244103,1
21225,0.41071390690366755,1
22968,0.410697541082576,1
27334,0.4106863777250473,1
29577,0.4106719141476844,1
1375,0.4106676072061721,1
5516,0.4106620453955393,1
20008,0.41065757522312796,1
26850,0.4106294006140473,1
18266,0.4106287788267371,1
20685,0.41058627199789244,1
9845,0.41058523710799155,1
1179,0.41056569557842787,1
8423,0.4105359987884379,1
30692,0.4105311267599059,1
30808,0.41051544625114283,1
29397,0.41050742982567917,1
18389,0.41049452308156714,1
27058,0.41048713954787636,1
5461,0.41048343397617587,1
2661,0.41047635438623664,1
10499,0.4104594288047398,1
29554,0.4104070286281003,1
2618,0.4104011480203515,1
9805,0.41038946945061694,1
16868,0.4103350980891929,1
12886,0.4103324533503119,1
4355,0.41032532868183597,1
15308,0.410310367767378,1
3778,0.4103103230968443,1
10212,0.4103090769243758,1
12751,0.41030686748173456,1
16750,0.41030128016025197,1
15810,0.41029125491586954,1
7646,0.4102885990855077,1
6552,0.4102866762527854,1
3577,0.4102808087983114,1
21185,0.4102709555789854,1
4642,0.4102582610308623,1
5821,0.4102370569307848,1
21544,0.4102198737926962,1
9528,0.41020232172782334,1
30976,0.4101941447069495,1
15465,0.41018786100772375,1
8133,0.4101840107570529,1
18643,0.4101605216141489,1
6704,0.41015600753126874,1
22231,0.4101538801719663,1
9060,0.4101500491103474,1
27723,0.41014521208759896,1
28155,0.41014470418516447,1
7168,0.41014032414320184,1
19659,0.4101378141098186,1
21631,0.4101378054254014,1
5481,0.41013087541787735,1
1247,0.41013028520173606,1
16345,0.410114973773167,1
16368,0.410063882249987,1
4597,0.4100498239539613,1
774,0.4100207170283204,1
28481,0.410016136089216,1
26079,0.40998644246863825,1
6043,0.409972806729604,1
29349,0.4099722373589363,1
24670,0.40994462145010735,1
24183,0.40992158101569054,1
30519,0.4099209639048824,1
12088,0.4099170128550246,1
20528,0.40990881871917123,1
8789,0.4099046731173216,1
30946,0.40988774213440193,1
14436,0.4098775240194512,1
16870,0.4098651452837529,1
25220,0.4098528668433988,1
25866,0.40984969857679665,1
22678,0.40983952527645345,1
2390,0.40983501255374627,1
28723,0.40983226292634045,1
7605,0.40981463926507977,1
3571,0.409807865873181,1
6608,0.409807850120295,1
29602,0.40980364774567163,1
11741,0.4098010032177898,1
10804,0.4097815947334877,1
20173,0.40977797981844705,1
19276,0.4097775015375608,1
19050,0.409754968236118,1
30549,0.40975466682682904,1
18493,0.40974356773727044,1
3982,0.40973864032500407,1
19185,0.40969682217121545,1
21964,0.40969204506627294,1
19184,0.4096841264376013,1
14045,0.40967366012911455,1
12516,0.40966411003772685,1
2658,0.40966244667873203,1
6629,0.4096622257122593,1
1662,0.40965163711784014,1
2920,0.40962541705118843,1
16077,0.40962490721086153,1
20991,0.4095974073338999,1
17641,0.40957285246158526,1
19565,0.4095673690281817,1
8951,0.4095630329456199,1
4716,0.4095584247400119,1
3346,0.40955169188009294,1
21617,0.4095359259001669,1
17980,0.4095279251256343,1
18609,0.40949145551599725,1
25309,0.4094827962553966,1
15120,0.40944889546855395,1
24887,0.4094375113361844,1
23799,0.4094319915482024,1
22798,0.40941708270702226,1
14185,0.40941226932863123,1
11865,0.40941226268343556,1
1707,0.4094111288746497,1
15963,0.4094086018441875,1
24951,0.4094065008115502,1
29169,0.4093712381639355,1
17815,0.409352834169172,1
10923,0.40934304267131316,1
12507,0.40933794013386055,1
13603,0.40931232399504347,1
10193,0.40928290463906736,1
19078,0.4092790170445002,1
14262,0.4092613612367433,1
22529,0.4092606977274476,1
7117,0.4092588798991707,1
20295,0.40924905583038557,1
28013,0.40924777702537396,1
4154,0.4092136595451938,1
20969,0.40920663290555453,1
25453,0.409165699214652,1
8667,0.4091583967073543,1
5243,0.4091575616982673,1
19242,0.4091513610986717,1
13264,0.40913833763726154,1
21392,0.4091270715657599,1
24412,0.40909331304840263,1
9522,0.40908140312200364,1
15646,0.4090756794170192,1
14834,0.4090360304119299,1
16470,0.40902404238703965,1
19999,0.4090124306286523,1
18859,0.4090077985954948,1
14211,0.40897209689618264,1
26130,0.40896823877471017,1
15102,0.4089667612772442,1
23744,0.40896011541220945,1
22393,0.40895856927264446,1
30557,0.4089581019949042,1
29833,0.4089576863717588,1
20705,0.4089473039263978,1
29619,0.4089242059635373,1
13532,0.4089103650111419,1
4559,0.40889362723505635,1
26655,0.40885245206820103,1
5476,0.40884665517482754,1
12716,0.40880905713179194,1
30053,0.4088024119711576,1
3617,0.40879642345707495,1
25047,0.4087931174941988,1
18644,0.4087819055165749,1
17478,0.4087808194516608,1
21937,0.40877508552917974,1
10557,0.40876882910916224,1
2860,0.40876704868766395,1
11918,0.4087669550797852,1
26554,0.40875521564200185,1
24316,0.4087483373250509,1
72,0.4087419911826496,1
9056,0.40873758469142046,1
30268,0.40872695822305743,1
29773,0.40868539225747436,1
13505,0.40867051143716965,1
6481,0.4086642878359232,1
7188,0.408662013237578,1
15132,0.4086492174323454,1
29318,0.40861519855489836,1
12129,0.4086111267296227,1
4473,0.40860586617396905,1
2621,0.40860141771999525,1
22500,0.40856993950894166,1
21313,0.4085608676207713,1
10840,0.40854627696117723,1
14853,0.408520122321572,1
5375,0.40850955699810365,1
30114,0.4084982526971516,1
19174,0.40849257326889005,1
23911,0.40848441368238075,1
12951,0.40847661803206037,1
26010,0.4084737930039293,1
16910,0.40846563291751664,1
2746,0.40845118781459705,1
3594,0.4084506414414454,1
30479,0.4083983383634137,1
21570,0.4083825841669605,1
29211,0.4083656882931194,1
29895,0.4083633268860046,1
18588,0.4083622431993528,1
26074,0.40835476612992844,1
29024,0.40835466639514834,1
8867,0.4083542620503475,1
3354,0.4083424484304266,1
7107,0.40833904572978474,1
257,0.4083382631308551,1
8961,0.4083224681301115,1
19557,0.40830054183118286,1
11709,0.4082564481078979,1
28712,0.40825382595688015,1
20466,0.40823378875107735,1
23292,0.4082286163859677,1
28623,0.4082116320709974,1
14495,0.40820904917046946,1
14246,0.40820767173560557,1
27431,0.4082069949476322,1
977,0.40820363643230245,1
4396,0.4081834956942131,1
19857,0.40818187356911023,1
28427,0.4081650279694109,1
29426,0.40814492708352307,1
23629,0.40814398685446285,1
28378,0.40812969949482253,1
1064,0.4081097355532382,1
4268,0.4080948717867566,1
7631,0.4080926301361366,1
4062,0.4080805539085943,1
927,0.4080790572742674,1
16749,0.40805612365931543,1
25810,0.40803423342073225,1
26348,0.4080290147828583,1
31295,0.4080218678102864,1
22389,0.4080000627322876,1
4842,0.4079909766030159,1
18759,0.40797014242698,1
31306,0.40796680463274787,1
19800,0.4079632827139208,1
19102,0.40795754550190255,1
19008,0.4079466521828451,1
1026,0.40794584084941093,1
24372,0.4079212886806289,1
21274,0.40791518619483996,1
441,0.40790296736821313,1
4832,0.4078772224001594,1
11757,0.4078759067864893,1
24900,0.4078722041903963,1
17296,0.40787205447526015,1
5782,0.407871585706242,1
4927,0.4078656236376268,1
4492,0.4078602149090203,1
1682,0.4078528875094496,1
21314,0.40784757230679375,1
27249,0.4078423362752654,1
1400,0.4078212754755201,1
27609,0.4078011929017017,1
20215,0.4077908208281659,1
30683,0.4077543069594607,1
11311,0.40775230461271567,1
25071,0.4077446413190095,1
4710,0.40773800906334906,1
6267,0.4077243849025454,1
14137,0.40768886315766406,1
7873,0.4076813985721517,1
10845,0.4076812502929022,1
30962,0.40767569997527103,1
18372,0.40766453640156297,1
9964,0.4076585377485273,1
29323,0.4076070267279182,1
31276,0.40759432850290755,1
30504,0.4075838588162142,1
24662,0.40758354026696336,1
2119,0.4075466636342685,1
31088,0.40754412556802255,1
10864,0.40751550600776504,1
18062,0.4075062653592421,1
6800,0.40746810850153103,1
20504,0.407461065685807,1
16053,0.40745575373834675,1
26253,0.40744970944967507,1
20472,0.40744160915237965,1
14823,0.4074304506743884,1
9557,0.4074288279126618,1
23675,0.407416971207576,1
30868,0.4073912662541471,1
30440,0.4073895955516747,1
9212,0.4073858181285294,1
26593,0.40738320267607686,1
15677,0.40738003477067575,1
29285,0.40737327064436907,1
11817,0.4073669903704091,1
25486,0.4073668249116464,1
24514,0.40735879412326126,1
26807,0.40735848581042305,1
22419,0.40732229376837426,1
6642,0.40730717302115244,1
2087,0.40730711985687906,1
10971,0.40730692921049216,1
31082,0.40729265469283243,1
23697,0.40728295809836773,1
30984,0.40727935807544424,1
10941,0.4072602053823238,1
3438,0.4072582467268683,1
27594,0.40723506719885927,1
29412,0.40722263695434796,1
9090,0.40719893605677604,1
25361,0.40715347752914866,1
12123,0.40713483556739627,1
17859,0.4071339894239409,1
15364,0.4071322816662829,1
23687,0.40713223193757864,1
8985,0.40712692216983565,1
16248,0.4071054029483121,1
18342,0.40710096805308654,1
17744,0.40709593645138825,1
2781,0.40707835830156325,1
27933,0.40701087063836267,1
21493,0.40699840804268433,1
21362,0.40699683642852663,1
6944,0.4069891827927063,1
27881,0.4069790353641391,1
4660,0.40695524388446974,1
23721,0.40695250275258765,1
10253,0.40691788433621034,1
15497,0.40690235036177574,1
17325,0.406894242891259,1
21107,0.4068848355347731,1
29558,0.4068774774622574,1
10350,0.4068377655233214,1
7778,0.4068138239177198,1
19136,0.4068029561846228,1
11404,0.4067903641181573,1
26042,0.4067843781479489,1
14915,0.40678221030360734,1
21512,0.406769627890695,1
20758,0.40676808953316607,1
3560,0.4067356081123452,1
8272,0.40673451726114057,1
27133,0.40673400166102863,1
15084,0.40673279498741605,1
4581,0.4067220668046816,1
700,0.4067037534806525,1
30105,0.40669290369943506,1
8180,0.40668804207528103,1
18543,0.40668455904350603,1
264,0.40668114362297564,1
1646,0.4066646673736037,1
14415,0.4066471790678981,1
17822,0.40663991892664414,1
19792,0.40663452676198714,1
24890,0.40663243760537254,1
6129,0.40662780182944613,1
5317,0.40661699610442986,1
14252,0.4066074213265141,1
27439,0.4065970490712541,1
26016,0.40658709369740337,1
6075,0.4065767439398181,1
398,0.4065691960313146,1
28491,0.4065656219338478,1
13026,0.40656050869807686,1
107,0.4065537854129002,1
13337,0.4065228493063296,1
10073,0.40649559996891427,1
1419,0.4064902707881658,1
12707,0.40648540454755333,1
26180,0.4064821489031949,1
22161,0.4064729162156116,1
1224,0.40644639455552684,1
28955,0.4064376820382865,1
8653,0.40642109196788945,1
20268,0.40641390299854047,1
26872,0.4064087578817912,1
19546,0.406403000087434,1
21514,0.40639742150265357,1
14646,0.40638318439781423,1
6441,0.406369663203652,1
2064,0.4063663051349783,1
26045,0.406338714377013,1
22959,0.4063370818686177,1
9458,0.40633206099246033,1
18803,0.4063197095367038,1
30370,0.4063041379780676,1
2571,0.4062726387571105,1
11679,0.4062519839023122,1
24056,0.4062446323973575,1
3427,0.4062418389811204,1
10476,0.40622981446765877,1
2426,0.40622874661223646,1
23639,0.40621317273396407,1
27282,0.40620359795604843,1
29703,0.4061888790411134,1
24587,0.4061746658326987,1
6525,0.4061717714916337,1
836,0.40615641397481655,1
20446,0.4061474745820879,1
22752,0.4061345960193353,1
19149,0.4061288977151264,1
4940,0.4061276530562935,1
28355,0.40609796342001375,1
9264,0.406091727661446,1
3053,0.4060807217671236,1
13344,0.4060537468538738,1
25452,0.4060400869165065,1
25960,0.4060332045341361,1
26025,0.4060203598827433,1
20214,0.4060158397184641,1
11137,0.40600413891743303,1
6395,0.40600010352673155,1
1860,0.40599873917655116,1
4788,0.4059970745619204,1
26558,0.4059804330456138,1
4382,0.4059624525661292,1
28242,0.4059561564109279,1
24967,0.4059440915532544,1
27322,0.40594065903583804,1
1927,0.40592761435364366,1
8161,0.40590830531292554,1
31181,0.4059013829212171,1
421,0.40587307659978755,1
3631,0.40585377301212405,1
192,0.4058499993827138,1
10700,0.4058488093737968,1
4136,0.4058233709030298,1
6679,0.4058075350870813,1
5980,0.40580398431934184,1
4674,0.4057953914440136,1
26403,0.40579198634708596,1
306,0.40577151187009763,1
18472,0.4057697798502391,1
16814,0.4057182076366462,1
23692,0.4057067054304136,1
22771,0.40569752319654456,1
28644,0.4056937805650352,1
13152,0.40569350757129385,1
1752,0.40565522471699356,1
21390,0.40564995591156,1
25980,0.4056422510304636,1
12199,0.4056411501321002,1
23814,0.4056262662589377,1
20051,0.40561836726220235,1
14608,0.405582222115045,1
25387,0.4055790973923582,1
13965,0.40554538271850055,1
7512,0.40554524278030873,1
12959,0.4055441449652665,1
8777,0.40551650543362683,1
18869,0.4055155821337236,1
23869,0.4055155495799721,1
19581,0.40550527396472275,1
24974,0.40549937551881443,1
5052,0.40548844684570073,1
26065,0.40548279443733015,1
21669,0.40547472824400144,1
25013,0.40547364917424594,1
23329,0.4054709788442704,1
31032,0.4054594267018008,1
6315,0.4054551329655902,1
12127,0.4054545633867267,1
22430,0.40544885014558224,1
13204,0.40544791667430824,1
3380,0.40544113255669356,1
4937,0.4054371806015321,1
11200,0.4054343350201459,1
3095,0.4054301683732187,1
19088,0.4054199171673199,1
27883,0.40540648743687846,1
8928,0.4053950183717296,1
26991,0.4053696689728506,1
4786,0.40536562477076266,1
8187,0.40535025245762596,1
6477,0.4053462544248883,1
797,0.40534284300618745,1
27481,0.4053135209642514,1
3799,0.4053098567201583,1
7169,0.40530418102631677,1
5038,0.4052874836219462,1
11096,0.40527558977632533,1
3619,0.4052625143313059,1
7263,0.4052574896249861,1
6700,0.40525701379977164,1
16902,0.4052342531839813,1
30298,0.40522464428704164,1
29845,0.4051958980645419,1
16765,0.40519476767197654,1
5587,0.40519421663542643,1
20752,0.40519388430975695,1
29624,0.4051864986470979,1
22605,0.4051859250769441,1
30880,0.4051546423242934,1
24206,0.40515148914629834,1
22552,0.4051257160112971,1
11131,0.40512102122284593,1
19087,0.4050679061952871,1
1745,0.4050508110913173,1
15216,0.4050010095514468,1
27951,0.40498743139720256,1
27041,0.4049807854053462,1
28808,0.4049771593056814,1
19456,0.4049737991060003,1
25419,0.40496746702564335,1
25837,0.4049447726873122,1
2316,0.4049414926680208,1
5205,0.4049376064682292,1
23182,0.40493270276638266,1
5545,0.404929384135011,1
21597,0.4048875230056742,1
18554,0.40484480600322487,1
434,0.404839283823342,1
7029,0.4048139739838296,1
21993,0.40480362501608474,1
4840,0.40479674593972104,1
1476,0.4047938468411647,1
12948,0.404744187367954,1
28016,0.40473662387886306,1
20275,0.40472795599095707,1
21897,0.4047140582082118,1
6386,0.40471124214111853,1
23631,0.4046840786256734,1
22300,0.40467860075104606,1
17395,0.4046723831085835,1
8110,0.40466600704500194,1
23793,0.4046457377981501,1
6244,0.40462081827026325,1
8576,0.4046135064811811,1
29594,0.4046042379047384,1
25235,0.40459096748191264,1
23460,0.40458736110832133,1
4183,0.40457148923883396,1
7113,0.4045682934838183,1
23747,0.40454536372824135,1
11110,0.40453947241739724,1
20292,0.40453019239049853,1
4201,0.4045191065745775,1
20219,0.40449768618018717,1
29974,0.40448639167593453,1
30987,0.4044510907712717,1
12119,0.40443476791180494,1
19933,0.4044068121195169,1
30959,0.4043679544324277,1
349,0.4043401783484351,1
5773,0.4043364059279182,1
19971,0.40433506590828194,1
31007,0.4043252442930736,1
10687,0.40432232572494364,1
11538,0.40431933998942904,1
852,0.4043000336311184,1
10295,0.4042899228340881,1
3168,0.40427775382817316,1
15443,0.40426299918654124,1
17564,0.4042529710485072,1
25223,0.40425083851471383,1
8352,0.40423850708995823,1
25269,0.40422587642352764,1
20436,0.4042236559023514,1
2814,0.40421753860199944,1
15752,0.4042052701606763,1
18295,0.4041888311393889,1
8508,0.4041816690988453,1
17437,0.4041463322709711,1
30254,0.40412624348325976,1
25108,0.4040977676373066,1
3186,0.4040955411659634,1
2209,0.4040926378299235,1
17886,0.4040893803897824,1
28106,0.4040880358933903,1
14735,0.40408700861899777,1
26014,0.4040675362960113,1
15086,0.4040668129287986,1
9626,0.4040567134671537,1
12082,0.40404331568055035,1
15083,0.40403266202617305,1
10313,0.40402657884698145,1
21157,0.40402624468130144,1
12570,0.40402148822514117,1
25805,0.4040093726865305,1
5430,0.4040039710482332,1
30403,0.4040002868597945,1
3653,0.40396352870745345,1
25436,0.4039334062373806,1
369,0.4039322548922611,1
20287,0.40389303127772075,1
28253,0.40388423349147623,1
22600,0.40387520472976063,1
21554,0.4038734214983638,1
10421,0.40387141353114236,1
19210,0.4038670567418837,1
7992,0.4038631671301577,1
1461,0.40386101123742607,1
5469,0.40384595571020027,1
14931,0.40384459517229776,1
545,0.40383629631238965,1
13711,0.4038336543115378,1
19719,0.4038325064177264,1
3125,0.4038289720676904,1
2990,0.40380997067065094,1
4127,0.4038065054443228,1
6986,0.40379129941225245,1
5845,0.40378245328708195,1
31123,0.4037744454485708,1
22118,0.4037706991102899,1
8261,0.4037668097953172,1
9844,0.4037635320944687,1
25918,0.40375554989391593,1
15342,0.4037540518867797,1
14887,0.40374870671575025,1
28521,0.40374462215452567,1
22606,0.4037265643028631,1
26513,0.4037097316998464,1
6856,0.4036779949854486,1
5070,0.40366594586679333,1
22674,0.4036563662625961,1
13765,0.4036554809327731,1
23882,0.40364795609601467,1
18688,0.40363904305373177,1
28063,0.40360848611120714,1
20866,0.40359596902101486,1
20430,0.4035938508866107,1
3595,0.4035522367709817,1
25022,0.40355153797628474,1
11819,0.40353235757831096,1
21366,0.40350948744122256,1
27080,0.40350691111636955,1
14027,0.4035047827786994,1
2481,0.40350089531803124,1
3815,0.40347960241432945,1
16577,0.4034778162751963,1
320,0.4034516717276514,1
19526,0.40344954636277636,1
3119,0.403426643065759,1
839,0.4034116466321869,1
14371,0.4034088774315851,1
21220,0.4034012665553254,1
30350,0.4033507357013358,1
15436,0.4033476926250666,1
7237,0.40332347271262875,1
4157,0.403321383699051,1
14074,0.4033192933384662,1
19475,0.4033151732834746,1
16823,0.40329320707439487,1
19883,0.4032907773291376,1
8990,0.4032892076515505,1
25095,0.40327707970397825,1
8856,0.40325931749506155,1
27666,0.40322841282233773,1
11904,0.40319027868387514,1
8289,0.4031574201897687,1
13777,0.40315725893292104,1
11089,0.40314096550878054,1
25311,0.40312294179560226,1
970,0.40311422935717833,1
28299,0.40310634152339553,1
29664,0.40307625675069625,1
7721,0.4030527252203192,1
7759,0.4030438403353213,1
25772,0.4030387428770525,1
12396,0.4030191472640313,1
12547,0.4030165599809934,1
18936,0.4030151964605933,1
15043,0.40301255787318674,1
18505,0.40301026796615097,1
26218,0.4030052423466426,1
1897,0.40300364234267927,1
30506,0.40298949535972967,1
4538,0.40298198396478313,1
22763,0.402979827335733,1
15249,0.4029663079606552,1
4340,0.40294056945941314,1
13858,0.4029267424016756,1
12207,0.4028934612091786,1
7678,0.4028909630705248,1
18705,0.4028856799922419,1
31106,0.4028688988714557,1
23061,0.402846207487803,1
4772,0.4028405394932323,1
13772,0.40283526792445684,1
25482,0.40282874988321693,1
24783,0.4028096146484016,1
21298,0.40279653492293677,1
22508,0.40279583314091505,1
18748,0.4027696182371148,1
25151,0.40276852836623855,1
3517,0.4027502318666676,1
5692,0.40274927152658413,1
27441,0.4027449636719519,1
8429,0.40272832451290896,1
5064,0.4027206118081611,1
16691,0.40271944594779013,1
1098,0.40270808939013797,1
558,0.4026789255071099,1
21045,0.40265737291004755,1
25623,0.4026269460999458,1
13346,0.4026232492382917,1
7164,0.4026210949360025,1
28884,0.4025963000025438,1
7667,0.40258894934510925,1
11889,0.4025809390552916,1
20307,0.40257929949492166,1
12637,0.4025767484355538,1
17821,0.4025765250688525,1
22138,0.4025729699441068,1
15079,0.40252278224139965,1
15706,0.402522592506763,1
28446,0.4025184294586811,1
30288,0.4025091978885469,1
26979,0.4025054448838377,1
22859,0.40247001741196603,1
15953,0.4024605627794437,1
20357,0.40243061567261007,1
6140,0.40241276204400306,1
9852,0.40240238198220374,1
4717,0.4024017631333845,1
3604,0.4023978670475554,1
25719,0.40239590016363375,1
7533,0.40239535582832375,1
15317,0.4023554718635241,1
23573,0.40235252863280513,1
14198,0.4023500904250905,1
318,0.4023412098828749,1
22358,0.4023391373517225,1
12576,0.40233832092845856,1
168,0.40230949672791483,1
26973,0.40229727009116895,1
13637,0.4022860075272561,1
5222,0.40226846453136816,1
17913,0.4022681526550597,1
17608,0.4022581438170246,1
28663,0.4022429141971976,1
24963,0.40223501386198407,1
26384,0.40222296810938657,1
3800,0.40219483564541975,1
25639,0.40219374859301416,1
21029,0.402191337953432,1
28485,0.40219109850158424,1
18996,0.4021769266517625,1
1977,0.40216947487047144,1
29445,0.4021652675191397,1
10516,0.4021525055155378,1
7974,0.40213920198910097,1
3956,0.40213322556397335,1
24343,0.40206769423014904,1
10087,0.4020498748330887,1
6030,0.402038335315414,1
7711,0.40202633238678087,1
1582,0.4020186837271955,1
20134,0.40201370809710035,1
21121,0.4020048627945001,1
12020,0.4020012197309212,1
23899,0.4019997593644931,1
22159,0.4019849505344929,1
17155,0.4019834501797683,1
30340,0.40198024538937893,1
21197,0.40197727138359896,1
26324,0.4019653547374576,1
28350,0.4019561525365923,1
23234,0.401953350411369,1
8560,0.40194875341333797,1
20487,0.40194301323384496,1
8823,0.4019413092873699,1
13896,0.4019373351487112,1
18393,0.4019247478952306,1
23381,0.4019189327559756,1
7089,0.4019185128948352,1
24601,0.40191445557158134,1
21895,0.40191428974381965,1
17209,0.4019088706492137,1
26316,0.40189911896105657,1
4269,0.40189843470926606,1
19538,0.4018817551360665,1
21002,0.4018591667521009,1
23346,0.40185314717531495,1
20849,0.4018470826099867,1
20693,0.40183730498401665,1
5257,0.4018297675720078,1
8181,0.40176572307542757,1
14604,0.4017586970534521,1
9409,0.40174379903829904,1
15239,0.40173209793239273,1
3482,0.4017244837424972,1
30502,0.4017026795805277,1
7608,0.40170090479851484,1
27333,0.40168681719920796,1
135,0.4016652049668512,1
14529,0.4016627376526625,1
681,0.40165015295870715,1
8387,0.40164502892783477,1
28193,0.40163366850123444,1
9057,0.40162952944466723,1
11342,0.4016228037889282,1
19923,0.4016158877486689,1
15,0.4016069163419482,1
10863,0.40158586502538796,1
31109,0.4015720248942712,1
18435,0.40156417943217987,1
10632,0.40153943208126286,1
11184,0.40153780664504746,1
1932,0.40153265447173425,1
16718,0.4015234113738851,1
29778,0.4015165750637174,1
26963,0.4015151434010508,1
4141,0.4015147091152153,1
15232,0.4015068669865951,1
4563,0.4014900884630499,1
10001,0.4014721349997437,1
27185,0.40146866889730576,1
14117,0.4014650481268045,1
17176,0.4014609134512761,1
6255,0.40145524426774837,1
14103,0.4014371049076147,1
4905,0.4014108526009121,1
22926,0.40140672543341366,1
14043,0.40138523275874954,1
30839,0.4013800288208714,1
26519,0.40137189689853153,1
29066,0.4013685671338736,1
26159,0.4013582644315198,1
17187,0.40134198919026703,1
17228,0.40129968312206865,1
29316,0.40129958676175126,1
31013,0.4012772749628652,1
22074,0.4012732543465076,1
6954,0.4012648037332783,1
26278,0.40125809747420377,1
12776,0.4012352401699384,1
2756,0.4012280857584939,1
7503,0.40122693398777676,1
25063,0.4011942774882444,1
4420,0.4011878938582429,1
28561,0.4011787889148332,1
4519,0.40116279865121207,1
30366,0.4011529939936297,1
29208,0.40112535938923727,1
9615,0.4011145872934359,1
30072,0.4010899865116864,1
16047,0.40108953804484343,1
13648,0.40107036161538573,1
11047,0.40106560015879217,1
15621,0.40105976453873443,1
5938,0.4010593758379028,1
22458,0.4010576789633178,1
26930,0.4010519267641488,1
7414,0.40104779260348555,1
4998,0.4010462511849593,1
27884,0.40103747397846057,1
12069,0.4010362312722106,1
27545,0.401035843471957,1
24822,0.4010319142589892,1
17587,0.4010299580791071,1
25069,0.4010196385460145,1
22599,0.40098606360395805,1
698,0.400985167743334,1
11978,0.40098006540615166,1
31048,0.4009782810250691,1
10401,0.40097321486523063,1
5030,0.4009600313958012,1
14282,0.4009489561430293,1
2793,0.40094731336373324,1
3677,0.40093405933991105,1
447,0.4009275661513889,1
292,0.4009183364406367,1
2042,0.40091509369423906,1
667,0.4009105444936287,1
28015,0.4009023771423873,1
29618,0.40090006369428743,1
18163,0.4008794460322436,1
17190,0.4008752778853395,1
2308,0.4008293892698252,1
27534,0.40082915911320977,1
21877,0.40081006895667315,1
26255,0.4007902507894737,1
27706,0.40078774532695827,1
17273,0.4007657764795966,1
4146,0.4007628227583628,1
4187,0.4007549578776418,1
30422,0.4007325907838181,1
5127,0.40072820056164327,1
21905,0.4007204629221463,1
20372,0.40071028866037794,1
2203,0.4007074764979418,1
23835,0.4007024576627182,1
24530,0.4006849855690227,1
5273,0.4006748931749266,1
17101,0.4006547765251798,1
27738,0.40065375940856013,1
25067,0.4006490344123801,1
26360,0.40064511493008614,1
20584,0.4006405234484183,1
1570,0.40063202412098486,1
5282,0.4006221070022547,1
6589,0.4006186322762626,1
14912,0.4006184550923317,1
26333,0.4006052585490991,1
9857,0.4005956951348148,1
6891,0.4005892367495874,1
19084,0.4005872839943918,1
28436,0.4005844902305997,1
10407,0.4005792120095572,1
19223,0.40054552332208915,1
11379,0.4005427461605564,1
1769,0.40053236021245925,1
7288,0.40051665940093123,1
28777,0.40051394964231213,1
16581,0.4005034788894796,1
24392,0.4004952997045046,1
29495,0.4004918233308845,1
12709,0.4004852342589501,1
23196,0.40047274464618154,1
6296,0.400459125777598,1
8222,0.4004383386893934,1
8043,0.4004335793780472,1
7884,0.400431499465625,1
5874,0.40040348762123246,1
3647,0.4003934481140113,1
30567,0.40038968420898624,1
6875,0.4003733554158034,1
1404,0.40037143806345205,1
9322,0.4003528345245651,1
17513,0.4003502980280104,1
15604,0.40034604199438206,1
2152,0.4003276670267764,1
27095,0.40031467377603586,1
1987,0.40030341045945045,1
15026,0.40029918977030887,1
28318,0.40027921480846657,1
16806,0.40027257205767713,1
12603,0.400238223442424,1
20901,0.400229613640418,1
7127,0.4002265860603573,1
15867,0.40020827034302053,1
15907,0.40019921026066696,1
14674,0.4001853234617642,1
22249,0.4001812049166908,1
13753,0.4001642096951608,1
13747,0.40015989278749503,1
18761,0.40015774682249644,1
2173,0.4001571116961921,1
12633,0.4001451170384097,1
18623,0.4001367943586402,1
18044,0.40012623876009157,1
30801,0.4001229936882869,1
20939,0.40008842427806957,1
17216,0.4000866907265322,1
10305,0.40006276504706023,1
465,0.4000571480398443,1
5434,0.4000243183822804,1
21302,0.4000242691477676,1
27456,0.40000746788894653,1
15982,0.3999978196718157,1
17069,0.3999940538167647,1
19778,0.3999862554662512,1
28844,0.39997119431966,1
15758,0.399970297856734,1
8011,0.39995986589890564,1
28335,0.399959833719358,1
950,0.3999498728794267,1
10990,0.3999488926118632,1
4924,0.39994111737834037,1
28408,0.3999374775744663,1
31174,0.3999315439789774,1
7137,0.3998806540735825,1
14720,0.39988056047702636,1
25806,0.39987514410611225,1
21947,0.39987492992408313,1
532,0.39985672356318824,1
1259,0.39985273783488195,1
15463,0.3998319429946385,1
27296,0.3997964063690796,1
29939,0.399772617641283,1
20175,0.399756330674093,1
12526,0.39974794555557785,1
24871,0.3997266186553091,1
28465,0.3997253841874816,1
19481,0.3997193741347895,1
24940,0.39971371440667963,1
29704,0.3996649629440664,1
18334,0.399650043395112,1
28370,0.3996147234981004,1
30160,0.39960587479091425,1
638,0.39959482060137913,1
26772,0.3995627921025084,1
20327,0.3995585101069839,1
974,0.3995329785575732,1
1508,0.39952264415670447,1
29648,0.39951402162646,1
12470,0.3995098920996425,1
18514,0.3995007376757046,1
9308,0.3994961609686653,1
28337,0.3994896169349835,1
22877,0.3994843599517117,1
5765,0.3994827956232184,1
28270,0.3994749636222478,1
12898,0.39945934125036336,1
24139,0.39944839395827053,1
29197,0.3994470270561055,1
28751,0.39944498875338014,1
23981,0.39943113970270366,1
10779,0.3994272404062901,1
16290,0.39942140131129916,1
21758,0.3994041962181484,1
9863,0.39939294207741405,1
4681,0.39938180706895393,1
1157,0.39938003621983414,1
13778,0.3993729287699721,1
6718,0.39937000806177003,1
29227,0.3993461048266718,1
29355,0.3993401306733646,1
3931,0.39932891854862523,1
4523,0.39932646531484367,1
29388,0.39931648997543,1
23514,0.39931352062509384,1
21137,0.39929236114606353,1
30376,0.399287489759142,1
16278,0.3992845472222592,1
26312,0.3992778151421008,1
28838,0.39927168486881404,1
15306,0.3992544863938662,1
30139,0.3992357016801482,1
8307,0.3992245388823672,1
30480,0.39922277150362695,1
12131,0.3992210676700175,1
12140,0.399188152694948,1
2306,0.3991691577050159,1
16753,0.39915743655107067,1
4448,0.39914419364340703,1
203,0.39912884643877894,1
87,0.3991287258641188,1
8936,0.39912309762564424,1
25666,0.39910393091094726,1
16862,0.39910368770381033,1
18798,0.3990923173208655,1
7461,0.3990710125804565,1
14905,0.3990666712557774,1
12876,0.39905109705935693,1
8086,0.3990438374661528,1
11358,0.39903147480335355,1
17353,0.3989759091206387,1
24635,0.39893618093587213,1
9614,0.39893513277947723,1
18196,0.3989295250787198,1
26287,0.3989057377328518,1
12111,0.39889293672395465,1
5881,0.3988836292395713,1
984,0.39887336490721614,1
3131,0.398842525717353,1
348,0.3988136266069438,1
296,0.39879675503184275,1
9198,0.398795757611997,1
26241,0.39878199879848497,1
28656,0.39877894271719877,1
18597,0.39876761088846246,1
23096,0.3987653863396213,1
29076,0.3987590859033612,1
12778,0.3987469647239081,1
12035,0.39873817323546645,1
26601,0.3987075885773155,1
24515,0.39870103267966284,1
24442,0.3986953378987464,1
14257,0.3986818902963858,1
17599,0.39867027581363684,1
4417,0.3986696915084571,1
15799,0.3986453535423237,1
8411,0.39863100208097735,1
30120,0.39861137577759465,1
8476,0.3986072380245662,1
19545,0.3985695359569202,1
6569,0.398559955685144,1
21600,0.39854909941861294,1
22315,0.3985486011638529,1
17872,0.39853544201604246,1
28236,0.39853351457502195,1
15754,0.39852475611068333,1
17257,0.3985226918473337,1
25400,0.3985164982250955,1
3856,0.398498375025138,1
29941,0.3984721556692347,1
16026,0.3984602381565216,1
25375,0.3984594009055044,1
27047,0.398457280744536,1
18186,0.3984495182588032,1
11298,0.39844134882215015,1
1355,0.39844037831209056,1
26564,0.39843402393513444,1
29476,0.39842887481292144,1
7960,0.3984228075142595,1
2391,0.398413434845623,1
1434,0.39837836131740545,1
4356,0.3983739584083416,1
13329,0.3983690264662579,1
29415,0.39836729500759754,1
3102,0.3983598595395663,1
3371,0.3983514764087684,1
16351,0.39833150917837473,1
30617,0.3983082675749626,1
26992,0.39829905271614835,1
18637,0.39829406042493565,1
2199,0.3982925125810406,1
18238,0.3982915429245096,1
8549,0.39828758611423437,1
15875,0.3982687983638404,1
8106,0.3982674187207398,1
6424,0.3982515487906702,1
12319,0.39823533097181923,1
23506,0.39822782626326436,1
25538,0.39822061428587324,1
7620,0.3982096421144042,1
24588,0.3982054440512435,1
7455,0.3982048157195579,1
20782,0.3982025683313282,1
19900,0.3981957294333436,1
9976,0.39819243186597275,1
20897,0.3981631063405237,1
6259,0.39812924468454897,1
28698,0.39809258594332175,1
22156,0.3980816221613532,1
29050,0.39806149927122403,1
23564,0.3980336264607307,1
23126,0.39803052340352774,1
7038,0.3980148749650936,1
6191,0.3980091143600334,1
17675,0.3980018455363006,1
16635,0.39799740251457394,1
22465,0.3979730632318589,1
3650,0.3979605126445741,1
325,0.39794986337102534,1
4713,0.39793737136769747,1
11446,0.3979333161790954,1
30526,0.39791506749120337,1
18060,0.3979097179629412,1
23557,0.3979041920402588,1
8997,0.39789894436810364,1
30161,0.39789423771077714,1
15151,0.39789325926385966,1
9190,0.3978837847811469,1
15063,0.3978823766625931,1
27914,0.3978783608547695,1
9282,0.39787609094549703,1
24934,0.3978550556188079,1
9846,0.39784247403859785,1
27965,0.39783887606180934,1
3325,0.397836084222196,1
5797,0.39781678284650895,1
13624,0.39780851380213667,1
18460,0.39778392630532544,1
3510,0.3977803663796051,1
26853,0.397778692445864,1
4410,0.39777330506770203,1
31182,0.39776629733979957,1
30719,0.3977534906437497,1
11882,0.39774627332344925,1
10048,0.39771057604252064,1
2554,0.3976937942491249,1
2630,0.3976858887447743,1
12978,0.39768435870245283,1
3206,0.397673037098391,1
12239,0.39766990899569116,1
5568,0.3976564202674314,1
13817,0.3976502404168397,1
14582,0.397649737724256,1
3295,0.3976431289882163,1
2502,0.397642667281262,1
2273,0.3976281267661633,1
17340,0.397626038367406,1
2695,0.3975948372915677,1
15357,0.3975897879906978,1
1928,0.39758438801721074,1
6369,0.39756248699353947,1
2496,0.3975200151409709,1
29931,0.397490187384915,1
6973,0.3974850808976246,1
29557,0.3974840150795798,1
26318,0.3974613028785627,1
10881,0.3974541550821686,1
30653,0.3974171508574261,1
13228,0.39737641440761284,1
3333,0.39733196754449346,1
12004,0.3973240915469085,1
21563,0.39731692900449916,1
15638,0.39731420132082357,1
30128,0.3973082398047804,1
21909,0.3972932887280633,1
11567,0.39728901527632715,1
21319,0.397283079355929,1
10640,0.3972607167052217,1
19031,0.3972490908896631,1
25054,0.39724474809266785,1
10008,0.3972418349625606,1
12527,0.3972355753455074,1
18948,0.39723426059926403,1
11804,0.39723099345712787,1
14112,0.39720870598107205,1
7370,0.39719858017584075,1
439,0.39718281334990296,1
12333,0.39718152452662325,1
27107,0.3971707938645717,1
23068,0.39715084992012367,1
266,0.39714569838421615,1
23253,0.3971413349279969,1
2423,0.3971385514408169,1
15878,0.39712309342882984,1
23546,0.39709996218981714,1
4291,0.3970883995258772,1
20243,0.39706376527089055,1
17408,0.3970616365288098,1
12820,0.3970020572594199,1
22782,0.39699999893991617,1
197,0.3969897915970329,1
28918,0.39698858132315346,1
24494,0.396977496810983,1
10034,0.39697293430143543,1
29321,0.3969693275447645,1
26449,0.39692590455772586,1
27928,0.3969196284281717,1
26422,0.3969008929521665,1
24124,0.39689083361301486,1
18038,0.3968837644651436,1
24909,0.39686815910320555,1
30637,0.39686798522847605,1
22495,0.39684901343970447,1
13233,0.3968385232050708,1
111,0.3968307607027571,1
23759,0.39682123495449717,1
10021,0.3968076164947447,1
20029,0.396798910802112,1
11387,0.39679078694074776,1
22461,0.3967905523831429,1
29071,0.3967828849041412,1
16833,0.3967812285794022,1
4769,0.39675510602756703,1
30948,0.39670955132771246,1
4018,0.39668096537050174,1
19064,0.3966764506597818,1
18566,0.3966635683850262,1
11026,0.39664692034059407,1
12043,0.39664466216419747,1
9912,0.39664081591152117,1
27517,0.39662900948649266,1
3622,0.3966060562485398,1
28325,0.3966054725451562,1
12436,0.39655732409890354,1
13382,0.39654878148336387,1
2905,0.39651712626466673,1
25029,0.3964814035898884,1
17147,0.39646995198301466,1
23315,0.39646305969311446,1
16948,0.3964606725005943,1
17860,0.3964458015463714,1
4076,0.39643662977090854,1
20534,0.3964246253682866,1
12756,0.3964225610611538,1
21939,0.3964006888602295,1
4017,0.39639924244575264,1
6230,0.3963614990483,1
26350,0.39631987482166425,1
24878,0.39630026949975083,1
11929,0.3962965981643879,1
23689,0.3962908888188851,1
18907,0.3962863787080866,1
30299,0.39627900557506024,1
18892,0.3962788715237386,1
18672,0.3962768245078718,1
20231,0.39626469885229115,1
8738,0.3962568100109257,1
15625,0.3962467683912914,1
14383,0.3962350580962504,1
6350,0.3962269469478406,1
3606,0.3962120840922404,1
3331,0.39620300302168276,1
5379,0.39620290829688065,1
4870,0.39618109630981,1
20516,0.39616315194592067,1
16112,0.3961366572054073,1
7504,0.39610543233575446,1
22694,0.39608685322307996,1
28622,0.3960473894385504,1
4273,0.39602926691166934,1
2569,0.396023282805973,1
23053,0.3960050329136252,1
11835,0.3959936958350319,1
21850,0.395991291850234,1
9247,0.39598075080553213,1
23422,0.39597981452316533,1
23612,0.3959484681434362,1
10871,0.3959300254502191,1
6750,0.39591739698070294,1
21271,0.3959142027376671,1
18331,0.3959056582906906,1
8747,0.3959017200173511,1
24973,0.39589761992475336,1
5727,0.3958575306702092,1
17433,0.39585394408402164,1
14001,0.3958506850989346,1
28306,0.3958469347269519,1
13582,0.3958437760888663,1
13908,0.3958200354109826,1
31235,0.3958180071644086,1
12795,0.39581442836722425,1
24556,0.3958061329764048,1
14513,0.39580598545959406,1
4176,0.395802757905185,1
2949,0.39580152007476666,1
31116,0.3957885881430447,1
30829,0.39578691706995367,1
15131,0.3957794325637261,1
8267,0.39572667114481197,1
30444,0.3957210531763716,1
24859,0.3957162966656298,1
26776,0.39569912766892384,1
17833,0.3956932118635509,1
24542,0.395687745551476,1
8312,0.39568756238267333,1
30979,0.3956849360256268,1
11315,0.39568154368208847,1
4206,0.3956453052852508,1
12942,0.39562933488567364,1
27752,0.39560063402245754,1
9989,0.3955993541750588,1
4511,0.3955665078851889,1
13724,0.3955649497756819,1
666,0.3955463461789281,1
19145,0.3955436555035846,1
29950,0.3955125367960363,1
23067,0.39550309764590097,1
11984,0.39547937801540994,1
28796,0.395471215228452,1
21484,0.39546594465591733,1
24048,0.39545819681943845,1
26434,0.3954392303495192,1
2097,0.39542504818269786,1
26639,0.3954185472382161,1
30631,0.3954104740326738,1
18368,0.3954094863252409,1
18760,0.3954093281549243,1
27486,0.3954083110186609,1
22016,0.3953908368095183,1
18570,0.39538304082551873,1
9420,0.3953812340811016,1
29575,0.3953423913622235,1
26183,0.39533315631654714,1
8116,0.3953148163197604,1
9097,0.3952862386996032,1
1556,0.39528058576031677,1
3127,0.39528014896483543,1
23554,0.39526718661782245,1
11721,0.3952655213885538,1
18010,0.395256220575601,1
13414,0.39525092983490545,1
6751,0.3952484347879507,1
30062,0.39524833658235325,1
22769,0.3952437417417008,1
15053,0.39522894562769123,1
2325,0.39521574541364807,1
8024,0.39520866516293035,1
23472,0.3952081762278739,1
30359,0.39520536232914916,1
18467,0.3951996412543996,1
24254,0.39518674606415466,1
27711,0.39517714004251225,1
4906,0.3951575415215971,1
21396,0.39515028616266085,1
29894,0.3951373084655816,1
29654,0.3951054525308809,1
2758,0.39509469258539864,1
19926,0.3950750855448697,1
6900,0.39505959460817325,1
13872,0.39504021771045295,1
8703,0.39503449163439264,1
6920,0.3950246490298963,1
12021,0.3950208267921018,1
24202,0.39501049924711046,1
7932,0.39500308091605196,1
16783,0.394988551009663,1
11524,0.394941114672437,1
26457,0.39494029940179187,1
1777,0.39491667796765456,1
28455,0.39491410072156574,1
15379,0.39490962427623016,1
12742,0.3949073206415627,1
3695,0.3949021801699219,1
13465,0.39485885190976766,1
6531,0.39485301084112556,1
28657,0.39484696583042145,1
2252,0.3948332482603461,1
15401,0.3948217483882573,1
10025,0.39479861297503666,1
21998,0.39478806413732903,1
29587,0.3947555091031355,1
10141,0.3947428304295383,1
1893,0.3946999551174886,1
28865,0.39469943449314415,1
120,0.39469337631929713,1
11166,0.3946855377559009,1
19106,0.39468506866961484,1
20708,0.39468375567358444,1
2069,0.39466558731325657,1
25464,0.39465503065881885,1
27177,0.394645298005015,1
31152,0.3946216500236448,1
8208,0.39461702217429084,1
8042,0.39461409296303196,1
14979,0.39458143883081226,1
30922,0.39457952510442323,1
5833,0.3945654059356929,1
24065,0.3945653409873813,1
11429,0.3945567414379456,1
23097,0.39454981263034256,1
5647,0.39454344249142037,1
496,0.39453970200783656,1
16392,0.39452430943501676,1
19294,0.3945163622888802,1
28009,0.3945082209846397,1
14059,0.39450332418014633,1
1691,0.39449684147037517,1
2275,0.39448052669830014,1
30353,0.39445162826846425,1
11747,0.39444409765544575,1
8871,0.3944326614121508,1
16307,0.39442208412201013,1
19571,0.39441618700466075,1
19853,0.3944063478648998,1
20479,0.39439870301093377,1
20737,0.39439535358862166,1
21161,0.3943821755063012,1
10169,0.3943694419798559,1
7934,0.39434751839050086,1
2725,0.3943203356193009,1
10235,0.394297203882233,1
26363,0.3942825656990879,1
18400,0.39427130172021757,1
10731,0.3942637336757782,1
11639,0.39425401887800055,1
24415,0.39425300735338625,1
7848,0.39425237154218623,1
17965,0.39424405442408106,1
19874,0.39423602573534466,1
8259,0.3942325913820707,1
2206,0.3942203093629735,1
1911,0.39421385551317656,1
20668,0.3941843474964768,1
1257,0.39417878513711246,1
8367,0.3941582737826661,1
8458,0.3941479297020868,1
9233,0.3941465730704444,1
23939,0.39413740054327684,1
15957,0.3941230876561981,1
7574,0.39411314367147904,1
4089,0.39410609795169577,1
6305,0.3940977668678225,1
26001,0.3940585010273876,1
29946,0.39404640528412066,1
24867,0.39401466588377654,1
27500,0.3940090892681614,1
20941,0.3940022195753359,1
1557,0.39399589753131825,1
14622,0.3939864314202033,1
25098,0.3939858473749494,1
14244,0.39398512222500465,1
12077,0.3939264567933399,1
4059,0.3939022413649083,1
24627,0.39389765046503816,1
30604,0.3938839228894247,1
13425,0.39387696781247217,1
10225,0.3938460450268637,1
28167,0.3938444031914808,1
15906,0.3938435539253855,1
13856,0.39382670257692176,1
18580,0.39382056104871865,1
13246,0.393817628143777,1
21596,0.3937759511114162,1
8009,0.3937401291798335,1
27207,0.3937292297827854,1
19682,0.393718783971575,1
20250,0.3937118419475022,1
26559,0.39370668616430504,1
1802,0.39370467394158576,1
8442,0.393700634155361,1
25528,0.39369310602764995,1
24109,0.39368154965390323,1
19154,0.39367366934685094,1
8792,0.39365163422701704,1
17735,0.39365051920809613,1
2847,0.3936419943113262,1
1850,0.39364061676132567,1
25058,0.3936238408376626,1
29210,0.39358594158776994,1
22414,0.3935768896975727,1
93,0.3935620850856047,1
22494,0.3935502617959058,1
19489,0.39354149271881406,1
26184,0.39352018269390354,1
7363,0.39349535121345264,1
22892,0.3934948508454664,1
8507,0.3934817010747491,1
26437,0.39347539577190127,1
7961,0.39345945257173226,1
8626,0.39345329661722034,1
4252,0.39345068074244005,1
9570,0.3934469588039605,1
16180,0.3934444379657623,1
7551,0.39340889801498663,1
27499,0.39338509759168955,1
29471,0.3933840602118685,1
5188,0.39338057422295286,1
6514,0.3933787281579986,1
10449,0.39337399477675766,1
6887,0.3933717397814453,1
10909,0.3933674907849449,1
8873,0.39328211864073803,1
790,0.3932229160262823,1
8379,0.3932117611988319,1
28178,0.39320032020963325,1
31017,0.3931878997915191,1
10433,0.3931736512428039,1
27378,0.39315815672291005,1
5017,0.39314218156650893,1
17867,0.3931408519401263,1
23419,0.3931302553641477,1
3480,0.39311403083560603,1
17285,0.39310816611996324,1
720,0.3931015152374251,1
18693,0.39310139650692205,1
25304,0.3930929939252753,1
30771,0.3930922555268047,1
2565,0.3930766509869105,1
1619,0.3930726725072269,1
26435,0.3930638769163962,1
21308,0.3930565968659886,1
3434,0.39305403381432996,1
2722,0.39302530482655834,1
14274,0.39301308919297356,1
4179,0.39300775589351394,1
2659,0.39300064113907335,1
13207,0.3929997196469305,1
28986,0.3929761219553488,1
7942,0.3929435134770018,1
23286,0.39294143463846437,1
25878,0.39292375781725863,1
2957,0.3929141156006509,1
19772,0.39290320530651646,1
24742,0.3928941513202784,1
30613,0.3928854437908666,1
3113,0.392874387931899,1
5812,0.3928273720189365,1
7328,0.3928080555868289,1
16325,0.39279018303389507,1
20719,0.3927797794810099,1
28428,0.392770856487323,1
7731,0.3927649430508648,1
923,0.39276230180819366,1
28743,0.39276147082982105,1
22006,0.3927612335923999,1
21454,0.39273824801338414,1
10662,0.3927381720935211,1
14980,0.3927211894052561,1
20337,0.39271892414582793,1
30125,0.39269162372756466,1
22391,0.39266900117774517,1
4598,0.39265407407640074,1
9065,0.3926426586611034,1
5225,0.3926136812940881,1
22068,0.3926127912994915,1
18832,0.3925739801180443,1
1318,0.39253892770490206,1
19523,0.3925205747996051,1
6242,0.392518872005348,1
21331,0.39250641669971165,1
3632,0.39249049384578405,1
23876,0.3924871107654072,1
16048,0.392478498618963,1
21339,0.3924745006964388,1
27205,0.3924705475588969,1
15323,0.3924562346399738,1
17362,0.3924302971742183,1
28649,0.392429275887132,1
21144,0.39241706273088695,1
29230,0.39238346820942005,1
24000,0.39237208819693975,1
6410,0.39236032342814975,1
7222,0.3923494878544226,1
21117,0.39233503061283515,1
25430,0.39230713031453024,1
13430,0.3922851920544502,1
18835,0.3922817213857849,1
12873,0.392246499871217,1
18165,0.39224301806403233,1
31162,0.39223519870429596,1
4913,0.392233957624112,1
22903,0.39221518920959625,1
1332,0.3922039938771898,1
256,0.39220287231196793,1
4330,0.3921466556069728,1
23808,0.3921160322156199,1
22631,0.392107720024744,1
29921,0.3921068556420058,1
8893,0.3920760424110267,1
3576,0.3920755626231884,1
15670,0.3920745731985891,1
23145,0.39201917488705695,1
20823,0.39201523594712356,1
15382,0.3919988960321802,1
546,0.3919983973027798,1
1666,0.39199696133325906,1
13474,0.39198224895119504,1
20086,0.39195664175508677,1
20319,0.39192899556330213,1
18396,0.3919243959733785,1
20978,0.3918609358290961,1
19356,0.39185752741208124,1
29039,0.39184903354856504,1
23251,0.3918468088633806,1
17780,0.3918447835922908,1
27012,0.39184309264964573,1
22489,0.39181860468433216,1
17662,0.3918112931275899,1
9340,0.3917747969752311,1
29642,0.39175443757646095,1
18767,0.3917267460830247,1
30681,0.39172627255263415,1
14881,0.3917171585711752,1
19249,0.3917128497845159,1
9983,0.3917077895743738,1
11723,0.39170342091492044,1
26107,0.39169472078626827,1
18652,0.3916249011013981,1
5503,0.39160035752818934,1
6527,0.39158606887477304,1
3509,0.39156818587940306,1
7548,0.39156319498672576,1
7811,0.3915594341979604,1
23515,0.39155841883313663,1
10556,0.3915515172236047,1
21583,0.39153924606097734,1
27556,0.3915243487365882,1
3905,0.3914846292446013,1
30208,0.3914803561703763,1
12604,0.3914529411582158,1
4851,0.3914363642059861,1
30720,0.39143125406257545,1
29001,0.3914278309491766,1
7651,0.39141407473780737,1
28499,0.39136526698821983,1
5806,0.3913565404535049,1
14685,0.39132927828146985,1
8696,0.3913256279221432,1
16573,0.39131590965618507,1
2070,0.39128732368398694,1
9109,0.3912770747673793,1
24784,0.3912753473463206,1
22619,0.3912352037168103,1
15502,0.39122426948743455,1
9419,0.3912213858389139,1
1113,0.39120418601401824,1
4965,0.39119533661980105,1
21268,0.39116854581370974,1
1958,0.39113740210203285,1
20101,0.39113728252120694,1
30658,0.39111674464822427,1
16962,0.3911160353297271,1
27931,0.39109938836899216,1
14921,0.39108963311657274,1
29226,0.3910867876475039,1
10461,0.39108165930445543,1
28927,0.391080088597501,1
16071,0.39103638072839186,1
12835,0.3910285430645085,1
27180,0.39101701131168765,1
6179,0.3910151749283717,1
26355,0.3909991613514173,1
23976,0.3909974176049575,1
141,0.39098677705500906,1
4899,0.39097744604229584,1
2212,0.39096045034711346,1
13349,0.39094300670399873,1
5805,0.3909110690631609,1
13918,0.39090379697159233,1
21643,0.3908791946753456,1
10749,0.39087193897225403,1
24365,0.390864536365454,1
11162,0.3908456743753104,1
21681,0.39080935394471206,1
25429,0.39080610437741287,1
26643,0.3908007704294161,1
6070,0.39079163380868814,1
20797,0.3907804610292802,1
24546,0.39075063128719434,1
14872,0.39071941156532847,1
30790,0.39071412654846627,1
7321,0.3906815806477698,1
8168,0.3906793198968151,1
30619,0.3906776621703949,1
9393,0.3906776469665273,1
13909,0.3906693569610645,1
22788,0.39062979995336145,1
22232,0.3906209683854894,1
14599,0.39059524520305594,1
28054,0.39059375506865707,1
12041,0.3905590197500428,1
14078,0.39055744619525834,1
10380,0.3905270214001926,1
11550,0.3905072167472753,1
16353,0.39048913969414767,1
21166,0.3904887237055885,1
12064,0.3904738254853143,1
10586,0.39047098323039686,1
31249,0.3904406945949283,1
1470,0.3904304058233818,1
23879,0.3904050830240762,1
9309,0.39037010006165096,1
4946,0.3903568965467491,1
17895,0.39034659843629094,1
14925,0.3903353603549822,1
14218,0.39033157141097385,1
30734,0.3903233631020887,1
21854,0.3902980490520565,1
6183,0.3902890529682502,1
4593,0.390275528395277,1
1129,0.39027551393065835,1
3719,0.39025254589830866,1
17504,0.39024082825435924,1
28854,0.39022948284859654,1
8965,0.39022718590170896,1
23807,0.3901947476259525,1
10630,0.3901885927474335,1
26778,0.3901597377076847,1
12185,0.39014781820637495,1
14503,0.39013673206492905,1
14348,0.3900919731304381,1
2831,0.39008833390821884,1
1709,0.3900647002976265,1
10532,0.39005735788102414,1
24459,0.3900183432114483,1
20151,0.39001439600973437,1
23242,0.3899882220862352,1
14937,0.38998171583071467,1
11568,0.38998170651199876,1
11056,0.38996118258788515,1
9778,0.3899038144308111,1
30821,0.3898996495790476,1
21100,0.38976220995182187,1
26892,0.38973898421230596,1
27541,0.3897231246305828,1
18157,0.3897157886996818,1
15424,0.38970870585559875,1
27468,0.3896967422536736,1
6977,0.38966411722281585,1
18584,0.38965779494059277,1
818,0.3896016072810169,1
18304,0.3895925978817333,1
7510,0.38958806063314916,1
576,0.38958279672413837,1
9027,0.3895708629416047,1
4688,0.38956100701187213,1
18267,0.3895344079979845,1
19436,0.3895239128904777,1
7018,0.38947675452082964,1
27815,0.38947065660757924,1
9496,0.3894706156266199,1
16301,0.3894671630795364,1
22723,0.3894547547938768,1
30629,0.3893905278332014,1
14713,0.3893799887901912,1
21423,0.38936241061407434,1
31219,0.3893529158692883,1
3553,0.38924260356704116,1
14799,0.38923982358557746,1
2291,0.389229872125772,1
18184,0.38918301850073417,1
27131,0.3891445531387212,1
21368,0.3891287836089243,1
5433,0.3891036387581856,1
3621,0.3890388886781021,1
20238,0.3890289599160436,1
7331,0.3890210721909267,1
15140,0.3890208234522225,1
3432,0.3890194147976701,1
24215,0.3890096831681131,1
15371,0.38900899758072993,1
14904,0.38900469616171024,1
2168,0.388995526374273,1
12039,0.3889775481653608,1
24786,0.3889547554494308,1
7835,0.3889476320002889,1
1184,0.3889444045691952,1
6100,0.3889027743479697,1
17989,0.3888858853577281,1
13411,0.38887856098204787,1
31319,0.3888665296185856,1
8299,0.38884188686439125,1
12851,0.3888285761818009,1
5079,0.388793979781123,1
4516,0.38878504227111016,1
24687,0.388779182339259,1
2906,0.3887727467675268,1
20033,0.38874305054384095,1
5184,0.388723802243069,1
21930,0.38869779648472075,1
209,0.388694833757509,1
18636,0.38869385944964885,1
16985,0.3886855048563201,1
21986,0.3886851519734348,1
24414,0.3886513191731282,1
14537,0.38863352963480097,1
22726,0.3886275857067474,1
22317,0.3886072051900736,1
10458,0.3886017183155104,1
10114,0.3885757285309562,1
18009,0.38855936098827704,1
1384,0.3885224701206599,1
16346,0.3885189465134368,1
15487,0.3885178690089825,1
8499,0.3884798125503056,1
2671,0.3884716237298917,1
25822,0.3884410958999428,1
21365,0.38840171957555925,1
19015,0.3883925593980425,1
7364,0.3883840171880877,1
21958,0.3883739651027433,1
24160,0.38836380459514663,1
9384,0.38835080906616876,1
8832,0.3883494313764534,1
3298,0.38833162519042275,1
1100,0.38830422976255813,1
16957,0.3882995518985944,1
14114,0.38828773097778196,1
28762,0.38825882064488704,1
24671,0.3882554851744386,1
25185,0.3882356217782385,1
12866,0.38822385303538426,1
13497,0.3882089301397729,1
24472,0.3881981706937788,1
24850,0.3881795185146219,1
26502,0.38817722121607146,1
12243,0.38817520162204033,1
31333,0.3881477057158781,1
8604,0.3881381149844647,1
19416,0.38811626420848333,1
2787,0.3881107089072781,1
27467,0.3880904343389717,1
25653,0.3880754129078353,1
11779,0.38806852428430866,1
16915,0.38806308332709905,1
11122,0.38806113065571224,1
15468,0.38805259678308185,1
6872,0.38803826176077544,1
15114,0.3879921345054262,1
30159,0.38797890102279375,1
4063,0.38794346525243495,1
2068,0.387916905610156,1
1676,0.387916336131774,1
11876,0.38791536793414916,1
16534,0.38786524958783614,1
20328,0.38781753023248855,1
30,0.38779578731579506,1
9223,0.38778014851939957,1
28148,0.3877741858158714,1
4459,0.3877530119508099,1
20547,0.3877511005953442,1
16717,0.3877364363181394,1
13684,0.3877260267202427,1
18107,0.38772249383459134,1
562,0.3877173971695516,1
30501,0.3877169434337661,1
3215,0.38771423330268495,1
12515,0.3877130262799395,1
747,0.3876589165743504,1
24224,0.3876406669785845,1
29467,0.3876272136485342,1
13069,0.3876248071335134,1
11304,0.38760074462294,1
9569,0.38759442914952424,1
12598,0.38759212427516376,1
18438,0.38758176472957734,1
661,0.38757350072683994,1
1937,0.3875674162095497,1
21916,0.38756443811449715,1
3145,0.38752629030229946,1
20017,0.38751931187072414,1
13359,0.38751578728932207,1
24845,0.387502979822108,1
6044,0.38749203409733374,1
26055,0.38742510039497186,1
11578,0.38741293254117193,1
5561,0.38740940817894054,1
8013,0.3874046828766987,1
18024,0.38737639066373447,1
9589,0.38737601776692476,1
26335,0.3873219566660152,1
23442,0.38726527710733955,1
18966,0.38725019807227734,1
6495,0.3872338567482405,1
18694,0.38722663227744425,1
4667,0.3872094917826713,1
23613,0.3871994927556873,1
17284,0.3871895435893656,1
27308,0.3871612787096539,1
25892,0.38715857175107443,1
23937,0.3871354185129709,1
4457,0.38710664671597483,1
27386,0.38710277929070785,1
17631,0.38710130002252613,1
24902,0.387096067198873,1
22628,0.38707262747556404,1
29337,0.38701570174696387,1
26804,0.3870155765875989,1
30931,0.38701117456991446,1
177,0.38696078821988783,1
28771,0.3869606813180386,1
18270,0.38695509298580627,1
16952,0.3869506621274704,1
24743,0.38694657963109647,1
5015,0.38689868383044773,1
16603,0.38688763802278997,1
5618,0.3868836072798269,1
17782,0.3868579998894626,1
4549,0.3868228310072766,1
5153,0.38681101990712163,1
20673,0.3867492829914013,1
165,0.3867435005811586,1
11490,0.3867323375481493,1
12050,0.38673048239092317,1
28036,0.3867294565759805,1
3659,0.38671812898730645,1
22152,0.3867116912740935,1
8766,0.38671136116189553,1
23781,0.38670391263348675,1
5868,0.3866950304926467,1
430,0.38665627948197,1
3399,0.3866262028433454,1
30075,0.38662261436878737,1
29519,0.3866126920353941,1
18880,0.3866050124723692,1
22200,0.38658028759863794,1
12225,0.38656077583376147,1
9662,0.38655720202465554,1
2014,0.3865425431371427,1
3501,0.386529017025449,1
30646,0.3865225274926868,1
1851,0.38651865739850316,1
12501,0.3864671482618957,1
26450,0.38646510005391277,1
13854,0.38645600388332224,1
18745,0.38642758601982147,1
3340,0.3864151750676178,1
11399,0.3863792152315465,1
28984,0.3863532109116996,1
31281,0.3863490753973917,1
21150,0.38629905970475625,1
12097,0.38629114839014117,1
14034,0.38626106034594576,1
6118,0.38625428163308606,1
4105,0.38624837673406504,1
25531,0.386236571465973,1
28531,0.38620636681352566,1
20783,0.3862045711222112,1
16630,0.386200536062812,1
23725,0.38618469070706707,1
15536,0.38616012425929824,1
6639,0.3861039465466866,1
10866,0.38610020523644795,1
26984,0.3860838304659556,1
21432,0.38605765383372515,1
22566,0.3860166641117532,1
27276,0.3860146992499208,1
28861,0.38598725106074494,1
12759,0.38598512999469753,1
16333,0.3859353388964759,1
30461,0.38591787915135195,1
9099,0.3858908678329648,1
8182,0.3858673706541855,1
30961,0.3858621315293052,1
26270,0.3858384927088531,1
22876,0.38581472930944566,1
21666,0.3858033324727693,1
7380,0.3857973101612135,1
11527,0.38578140584823145,1
28008,0.38577648264793896,1
10825,0.3857295928953567,1
19472,0.3857150298925256,1
25178,0.38566513881936,1
29656,0.3856212637759145,1
8405,0.385520380360382,1
5438,0.38551801663036067,1
6034,0.38546141816147683,1
6272,0.3854174665796018,1
3754,0.38541623929677304,1
13561,0.3853662181411638,1
14649,0.3853383583395906,1
14567,0.38533288289314277,1
16560,0.38531334952818225,1
29222,0.38529298115033306,1
23497,0.3852539502259134,1
14949,0.38524396209506034,1
29453,0.38522350014808227,1
17009,0.3852104054129548,1
17602,0.38515141736036307,1
19044,0.3851402441092221,1
28963,0.385118541832979,1
16257,0.3850882029856892,1
20757,0.3850625385123512,1
5226,0.3850539296439351,1
8724,0.3850377580797923,1
10737,0.38503752933002744,1
2187,0.3850268318866209,1
12485,0.38502517215634946,1
2840,0.3850239351576614,1
14743,0.3849899956210185,1
30534,0.3849892834548409,1
23321,0.38497161781412914,1
127,0.38493206691485865,1
19629,0.3849018996090763,1
5090,0.3848940863935948,1
22268,0.3848913761270458,1
29178,0.3848869754073234,1
9645,0.3848708982681173,1
29563,0.3848472628626112,1
22586,0.3848418493469866,1
26613,0.3848392567807945,1
26438,0.3848392567807945,1
3428,0.3848093292835304,1
1450,0.3848079403834487,1
8886,0.3847987433553803,1
629,0.38478046561011714,1
2172,0.3847295507913616,1
13111,0.38471371771088214,1
24640,0.3847124344746403,1
8219,0.38470676015071686,1
14253,0.3846995436409157,1
14551,0.384695706641196,1
3867,0.3846854268498774,1
13364,0.3846726937754047,1
24860,0.38466570358521546,1
14429,0.3846509781376384,1
16523,0.384588658154114,1
14894,0.3845867476725022,1
4881,0.38458327874894005,1
10754,0.3845716661563648,1
3582,0.38452949687441906,1
14555,0.3845269004050314,1
7687,0.3845125740439787,1
25588,0.3845004188246874,1
5133,0.38448370934561266,1
8652,0.38447958558451956,1
17623,0.3844633792168619,1
29779,0.3844573346373307,1
20089,0.38445146856607937,1
21975,0.3844444913132529,1
14945,0.38444092638950217,1
14136,0.38443104225776037,1
10000,0.3844061753867245,1
5676,0.38439779994273027,1
7201,0.384381159512277,1
9513,0.38435755797015697,1
27696,0.38435249859434395,1
27861,0.3843505541951791,1
14878,0.38428447971749136,1
4759,0.38427187720907013,1
3583,0.38426223437929535,1
4607,0.38423329163667747,1
12870,0.38422543269802445,1
35,0.38420348359043566,1
20451,0.3841637208255561,1
8785,0.38416309799974363,1
22777,0.3841581969412864,1
14591,0.3841319938312974,1
14794,0.38412204778123377,1
17760,0.38410931385984454,1
2765,0.3841059118933098,1
13818,0.38406154327819236,1
7893,0.384057202059328,1
5959,0.3839785677466015,1
19418,0.3839651922491402,1
179,0.38394266692324763,1
27229,0.38393195598850477,1
4143,0.38387429702768705,1
6759,0.38384405892439893,1
4514,0.3838302265298482,1
6646,0.3838240140805429,1
4531,0.38380960382857543,1
28613,0.38376858040310374,1
27216,0.38375679660667905,1
14986,0.38375055626687504,1
14350,0.38374460273135824,1
9736,0.3837445242746662,1
9201,0.383742645048369,1
26860,0.38374104965770783,1
4055,0.3837409952763396,1
9759,0.38373194491374113,1
16067,0.38365378641155984,1
30887,0.3836403412441781,1
6966,0.3836358850768457,1
19976,0.3836239958180082,1
28286,0.38354105998899923,1
8176,0.3835154343305843,1
4375,0.383512803239195,1
18742,0.3834509774904685,1
1130,0.383440955357589,1
28380,0.38342270883027296,1
586,0.38338683806167756,1
24910,0.38336881817566676,1
2754,0.38333895606928636,1
19355,0.38330494134639326,1
3947,0.38329080582552744,1
14659,0.383288388919056,1
23436,0.38327900520337704,1
7247,0.3832485969281342,1
4675,0.3832069716602961,1
26163,0.3831838979602225,1
17775,0.38316899389326764,1
12465,0.38316615842640983,1
29860,0.38316530947508887,1
26066,0.38308921863489204,1
25636,0.383087522006454,1
12718,0.38308318526194135,1
10799,0.3830753797065947,1
8242,0.3830752836340921,1
21687,0.38307411979897127,1
7792,0.3830220116103708,1
26476,0.383014412950718,1
28639,0.3830127987646225,1
4359,0.3830001421879905,1
30711,0.3829975489001747,1
21816,0.382916606195677,1
29957,0.38290666522488137,1
17680,0.38289623836163256,1
1008,0.3828576710482997,1
27822,0.3828302105884551,1
15447,0.38281903900089853,1
12773,0.38281595590248074,1
10554,0.3828053022985123,1
23900,0.38280158253663243,1
13168,0.3827503960602521,1
22262,0.382743426342115,1
4344,0.38273850625254646,1
16404,0.38270993151149196,1
6464,0.38269830482498174,1
13253,0.38269407242410985,1
11886,0.38268274113928863,1
27136,0.38263713743455086,1
7682,0.3826087663291334,1
15292,0.3825873157115322,1
18124,0.38257616846683284,1
30304,0.38253713102529013,1
12612,0.38250906636354076,1
18753,0.38248953970007404,1
16153,0.3824789595460954,1
9168,0.38247708695227894,1
25372,0.3824659971789043,1
9586,0.38242132118465255,1
29902,0.3824085244962695,1
23907,0.3823968576290742,1
4784,0.38238029179909416,1
23280,0.3823649930375017,1
22873,0.3823610992594651,1
8349,0.38234678304218706,1
17078,0.382315180777137,1
3024,0.3822999995155407,1
22206,0.3822606746072757,1
19235,0.3821692306911065,1
23642,0.38214594082217124,1
20317,0.3821446977252869,1
3407,0.3820785510920425,1
28551,0.38205364652499313,1
7429,0.38196241019202776,1
29450,0.38194628888393817,1
20440,0.38194495648210036,1
12940,0.3819056644195838,1
16598,0.3819021426349471,1
2001,0.38188549209590844,1
7509,0.38187090429748927,1
20744,0.3818303009761974,1
17191,0.3818184616964164,1
7147,0.38181813635692896,1
16109,0.3818046692143318,1
9370,0.3818009533118869,1
15784,0.3818001046699911,1
20381,0.38174369922329865,1
2733,0.38172246846616636,1
6428,0.38170892242844073,1
10897,0.3816994120182127,1
899,0.38169028967104035,1
18361,0.3816707122600432,1
3932,0.3816636869489393,1
15130,0.3816294223634871,1
30878,0.3815907361324074,1
15061,0.38151359004981467,1
6660,0.3814843731603089,1
6988,0.3814597996847538,1
326,0.38144089367654826,1
17887,0.3814214022086269,1
14997,0.3814166462057243,1
7036,0.3813798185926924,1
20449,0.38137943329982804,1
18972,0.3813249118462478,1
7165,0.3813128057063148,1
815,0.3813116579585452,1
1787,0.381309949106468,1
23521,0.3812651558800729,1
18733,0.3811987286516934,1
22672,0.381109863791926,1
5999,0.38110907529664056,1
4954,0.38108072045543345,1
27238,0.3809937708468501,1
14072,0.380966372676113,1
10806,0.3809510058234672,1
227,0.38094494850608085,1
10969,0.38094246290583983,1
5078,0.38092809240866143,1
5960,0.38088822805027617,1
14405,0.3808793945247812,1
25209,0.380866013314156,1
11243,0.38085300984210585,1
14814,0.380785102161617,1
20609,0.38075573818568975,1
8445,0.38075344210087364,1
11594,0.3807287497235118,1
9327,0.38071997373806565,1
13720,0.38070501344385044,1
25714,0.3806842438284277,1
6013,0.38064228819070367,1
3353,0.38063493505434404,1
26067,0.38063150928812045,1
30697,0.38061401893184604,1
10352,0.38058679087542535,1
5148,0.3805839032695164,1
31344,0.3805735909345549,1
8569,0.38056047177203817,1
25336,0.3805565883932666,1
23591,0.3804473514928109,1
26749,0.3804395262804649,1
9542,0.3804193267358608,1
23233,0.38040815526883476,1
12512,0.38039846053555265,1
7026,0.38039806179680574,1
5364,0.3803761657948194,1
14750,0.3803673249383061,1
14296,0.38036373754222985,1
12664,0.38030509915035915,1
20791,0.380279668573899,1
7777,0.3802742817288902,1
12345,0.38020575118040706,1
28790,0.38018801125516766,1
14645,0.38017903557888744,1
24381,0.3801497947989327,1
10460,0.38013316172704825,1
8038,0.3800566640731065,1
23052,0.3800441901667526,1
3818,0.3800216020150588,1
29487,0.3799961830130212,1
25647,0.37999339128411114,1
23714,0.3799855942273671,1
893,0.3799243844631185,1
11353,0.3799137534590905,1
15122,0.37990585843541824,1
14199,0.3798655408059926,1
22891,0.37986354534147,1
27772,0.37982239691167696,1
22113,0.3797664975292721,1
4876,0.37976639092794423,1
25893,0.37976631278415435,1
16980,0.3797623591176238,1
9986,0.3797172284230203,1
4147,0.3797168304381016,1
20383,0.379690979637225,1
22226,0.3796867619845245,1
31241,0.37963749003553837,1
339,0.37963537333939257,1
10278,0.37963508439243765,1
13490,0.37958626466259454,1
23940,0.37955627127936986,1
24520,0.37954991898430857,1
16687,0.3795460618289171,1
18421,0.3795274314256779,1
9358,0.37951983089385594,1
17443,0.3794244983677552,1
12318,0.3794093126030922,1
5416,0.3793943265954056,1
28417,0.3793751614305474,1
18660,0.3793704553310353,1
10594,0.37931534419294705,1
28967,0.379222278132275,1
12849,0.3792133470197729,1
18714,0.379193803626233,1
17144,0.37914506582388874,1
1748,0.37913621027288796,1
11320,0.37912717516773453,1
25516,0.3790540123241094,1
5840,0.37905235372175483,1
4010,0.3790187767748513,1
12492,0.3790091335420344,1
10365,0.3790007351905774,1
4067,0.37893897475923455,1
21672,0.3789290470147813,1
14145,0.3788303855537974,1
12987,0.3788177506740258,1
5891,0.37874704192333297,1
15641,0.37872291531502145,1
6471,0.3787197405628529,1
23386,0.3786250095976073,1
12766,0.3786151106873744,1
7326,0.3786003009301899,1
11210,0.3785528078205182,1
26319,0.378550793447212,1
18449,0.3785248217660328,1
20784,0.37851482061814146,1
20285,0.37848340744485925,1
14317,0.3784789636798251,1
23158,0.37846240821795873,1
28839,0.37839751381970144,1
6127,0.37839531344804,1
14970,0.37836119166363325,1
4672,0.3783455106181601,1
21948,0.37834381032300407,1
26499,0.37833103214059727,1
1262,0.37831594759627135,1
22167,0.37829169679186436,1
15152,0.3782878098882073,1
24051,0.3782761400516728,1
6678,0.3781887937315288,1
30517,0.37817728855835725,1
5628,0.37816640467605245,1
1836,0.37813872670270304,1
27805,0.3781273264115804,1
27855,0.3780640528425107,1
23070,0.3780156714245599,1
11312,0.3779569770981132,1
9041,0.37793711602904506,1
5006,0.37790054496518644,1
16622,0.37788114408612844,1
31208,0.37780137740293596,1
5091,0.37773426955069456,1
2200,0.37773176386681917,1
1835,0.37773026869978243,1
16303,0.3776929074087931,1
22235,0.37763282065613935,1
9189,0.37763035292648645,1
21193,0.3776169243406104,1
5484,0.3775527153903825,1
2982,0.3775017508098422,1
18208,0.37750151156351547,1
23820,0.37746865867760454,1
28891,0.3773441450141143,1
14392,0.37734284500625576,1
29362,0.3772954244114384,1
15284,0.37723851200552744,1
18026,0.3772188855992515,1
24098,0.37718765778233754,1
1062,0.37718517729059736,1
17900,0.37717575471189035,1
14822,0.37708507427300497,1
20342,0.3770785272440414,1
3678,0.37706178457958134,1
19451,0.3770109586361114,1
13635,0.37698353525796363,1
481,0.37696600095978783,1
15547,0.3769398921699787,1
27004,0.37690338783612054,1
25473,0.37689878394080883,1
4856,0.37686692678440664,1
26334,0.37685540313339744,1
24070,0.37684076066321204,1
4346,0.3768334901675995,1
22066,0.37676990461555493,1
19530,0.376768725744655,1
12595,0.37676290859216816,1
10291,0.3766461963053548,1
1215,0.3766366621261391,1
7336,0.37662579003203794,1
21297,0.37657606125866167,1
3685,0.37653903752207163,1
26096,0.3765225898824007,1
7998,0.3765215045788224,1
16522,0.37652086795799106,1
10879,0.3765043950914009,1
8601,0.376502027364477,1
20749,0.3765004762538743,1
66,0.3764988969567398,1
14120,0.376426950049051,1
12777,0.3764234010257087,1
15138,0.37641351686932745,1
30109,0.37634899002010924,1
20648,0.37631743786607336,1
20837,0.3762999045297413,1
19049,0.37626647744099073,1
21211,0.37619824589447476,1
16682,0.3761853118487475,1
26933,0.37610563644454603,1
13299,0.3760487954577701,1
414,0.3760151542122588,1
13686,0.37601158693753317,1
5099,0.3759997092503868,1
23175,0.37598888408477427,1
27085,0.3759867376927945,1
16249,0.37597695440055207,1
9723,0.37595316954959934,1
20847,0.3759439102613975,1
5667,0.3759344314502031,1
14731,0.3759250963401779,1
27215,0.3758905015245277,1
23770,0.3758238477578482,1
26765,0.37581523292064106,1
23307,0.37580468651663224,1
24565,0.37579729822943264,1
22845,0.3756887882941931,1
22475,0.37563749629531357,1
30993,0.375630508096371,1
28317,0.37561349720716286,1
5558,0.3755580728309309,1
24513,0.3755443612220186,1
15018,0.37553107132270536,1
616,0.37552406588479875,1
29914,0.37551451937615604,1
18249,0.37550929938514216,1
11107,0.37549183659715296,1
26638,0.3754380292862034,1
494,0.3754089317932355,1
4520,0.3754069312467088,1
11750,0.37533378609132095,1
7935,0.3753173742868314,1
7134,0.3753034330985077,1
10767,0.3752534599622275,1
6253,0.3751810250827561,1
19327,0.3751309613436945,1
16164,0.37511112912717104,1
399,0.37508950868419055,1
29871,0.37507706882374947,1
31057,0.37507165973433765,1
16982,0.3750700202266821,1
22551,0.375042728493975,1
7208,0.37503516466554854,1
19850,0.375034810032875,1
8361,0.375033661834532,1
30844,0.37502522344850625,1
9425,0.3749605989912846,1
19989,0.374909398133453,1
15033,0.37485918265036966,1
14290,0.37483401613967404,1
15923,0.37480435648816113,1
29097,0.37479881963737655,1
24295,0.3747219599248641,1
24916,0.3747160161256044,1
20548,0.37465272810859623,1
3998,0.3746287281869734,1
3175,0.37462037362347694,1
27218,0.37460201649884056,1
15647,0.3745886014470466,1
18901,0.3745435397669965,1
6271,0.3745317254598261,1
19230,0.37449337222425655,1
20102,0.37448362105483246,1
25781,0.37448343515854005,1
16956,0.37446955061124165,1
5453,0.37446065788043936,1
22690,0.3744597846913984,1
24308,0.3744266616555228,1
12631,0.3743806578646434,1
23912,0.3743760148883703,1
243,0.3743033648516964,1
26235,0.37429611130593826,1
27077,0.3741886017626738,1
4693,0.3741649237003071,1
15058,0.37415927807153787,1
26341,0.3741362288904457,1
7536,0.37410782954339206,1
21585,0.3740933002327454,1
8447,0.3740872690522069,1
13352,0.3740758578729023,1
24339,0.3740544443607283,1
2155,0.3740467347883133,1
17765,0.3740434369781949,1
6438,0.37402431743870496,1
18426,0.3739995287767197,1
1182,0.37399156581489057,1
245,0.3739600041779025,1
6491,0.3738926874183777,1
13600,0.3738847342441276,1
1418,0.37385541865532296,1
10242,0.3738405279388356,1
26833,0.3738099669410939,1
2513,0.3737870909656016,1
11321,0.37368445549941987,1
29866,0.3736803818019996,1
13148,0.3736429601880545,1
28440,0.37363495196895885,1
9450,0.373622359172584,1
20853,0.3736187923289663,1
29945,0.37360963689836346,1
6275,0.3735408740052673,1
27516,0.3734887847196297,1
15441,0.3734680028636289,1
22335,0.3734319854434892,1
9066,0.37342008240474434,1
15211,0.3733353096265911,1
12860,0.37332692528106426,1
29104,0.373290908287661,1
14533,0.3732765658788888,1
6772,0.37327070193492295,1
30753,0.3732169907615896,1
21626,0.37320576720638593,1
6573,0.37314864679864057,1
19251,0.3731122004079635,1
6749,0.3731014121745295,1
15499,0.37304001372034856,1
19042,0.3730057963429024,1
2973,0.3729507546479447,1
15658,0.3729405491306902,1
3396,0.37286733723783755,1
30918,0.3728305162337058,1
12913,0.3727840567890993,1
20028,0.3727556853201112,1
1192,0.37275348434417943,1
13983,0.37264313770917395,1
1791,0.37263669707053976,1
9069,0.37263248886512634,1
13476,0.37254345691664126,1
27576,0.3724693383253378,1
770,0.37245207926138735,1
5514,0.3724513127860758,1
28332,0.3724501114842387,1
16509,0.3724153934607067,1
27040,0.3724142915714178,1
6320,0.37240775101849294,1
9033,0.3723361424183784,1
18793,0.37230124723859825,1
7787,0.3722991161589396,1
17024,0.3722846801371781,1
8057,0.37225691668316274,1
45,0.37223891041917256,1
10524,0.37222762043963087,1
7552,0.3722073654888385,1
1472,0.3722030166692474,1
30079,0.37214930297495685,1
27256,0.3721322470519727,1
7685,0.3720743990303077,1
13836,0.3720005045898182,1
23809,0.3719569611979176,1
16819,0.37186228672812743,1
27053,0.3717735695389834,1
6539,0.371687691742036,1
21814,0.3716818109357211,1
22809,0.371656035497967,1
12862,0.371638255660232,1
29474,0.3716331162109907,1
10197,0.3716032048285075,1
11247,0.371599697743168,1
25987,0.3715927041151055,1
30563,0.37147345216805283,1
6010,0.3714509265106897,1
2485,0.3713911635486615,1
3138,0.37138736102602976,1
4326,0.37136106524270684,1
31166,0.3713270232628939,1
30419,0.37131423763776944,1
29935,0.37130259157806544,1
19371,0.3713018333044486,1
18020,0.37129710174472985,1
7894,0.371275815649988,1
5697,0.37127374132447294,1
27809,0.3712636189068272,1
8639,0.37123657630070556,1
27234,0.3712316012165657,1
25681,0.3711598717434251,1
12437,0.3711316183446691,1
7051,0.37102948718751316,1
16003,0.37100587686850406,1
23271,0.370946069353758,1
21132,0.3709221346706139,1
16211,0.3708937656955655,1
13252,0.37087761297010396,1
27428,0.3708591604933231,1
22569,0.3708505496584009,1
23372,0.37085027611056576,1
23607,0.37080801794461643,1
18492,0.3707817902570565,1
6420,0.37077690381837713,1
14000,0.37076843188132996,1
5092,0.37068022517380206,1
2232,0.3706757379306863,1
25659,0.3706200732824118,1
1530,0.3706052354407073,1
31064,0.37058565242600267,1
28398,0.37058553057833243,1
24810,0.37058027345723915,1
11272,0.3705684550142773,1
27406,0.3705224793320923,1
11041,0.37047912143949463,1
10080,0.37046940035871784,1
28293,0.37046422735770634,1
15223,0.3704606272814271,1
5522,0.3704309216804492,1
8556,0.370422665068684,1
27700,0.37041663748336623,1
20561,0.37039032594233995,1
1811,0.3703600723896228,1
5580,0.37029301510315604,1
20424,0.3702749012397903,1
16779,0.3702510910778624,1
25801,0.3702321961622765,1
7720,0.3701735977770983,1
12650,0.3701613493709154,1
17126,0.3701414515782172,1
20155,0.3701400082942321,1
18014,0.3701239469069889,1
30608,0.3700868241020147,1
3267,0.37008137391826196,1
4892,0.3700750156839427,1
21840,0.3699878376636927,1
29018,0.36998026568680664,1
29777,0.3699780170061051,1
6648,0.36997630161845424,1
16874,0.3699692037774417,1
2878,0.369955071360507,1
17942,0.3699318348398403,1
3184,0.3699164748516134,1
5297,0.3698435772239653,1
15187,0.369801868440065,1
25863,0.36980128634007114,1
4184,0.3697711038901705,1
15298,0.36975968735627335,1
7785,0.36974514231713745,1
17158,0.36973404977875046,1
9479,0.3697072342018245,1
29494,0.36970193024871284,1
24738,0.3696863295253371,1
25462,0.36962380536074,1
12386,0.36960835062052455,1
9213,0.36960750859150177,1
30760,0.36956436477030025,1
17046,0.36954567904388247,1
3737,0.36952906198653146,1
18479,0.3695271495610808,1
20894,0.369503194167223,1
30906,0.36948790534568604,1
6439,0.36946305753267067,1
28369,0.3694515606661751,1
14579,0.36944003846047724,1
20366,0.3694368808613225,1
1000,0.3694333473936782,1
24576,0.36938431814360145,1
11585,0.36937874484212174,1
10423,0.36934887192917015,1
9545,0.36932493408862643,1
10115,0.36931618018223494,1
26830,0.3693078465963271,1
6124,0.36929893170411715,1
5511,0.3692977731602805,1
28200,0.36928521235165157,1
23903,0.3692759390921201,1
17486,0.3692530852756547,1
16466,0.36918308812131145,1
12615,0.36917642505638965,1
1839,0.3691681294963576,1
5238,0.3690712936831144,1
13846,0.3690305807555995,1
29732,0.3690217282966885,1
14321,0.36899597330506806,1
20374,0.368961152836479,1
6727,0.3689459080627524,1
30992,0.3688086028309123,1
28157,0.3687873364255925,1
15668,0.3687597999447506,1
25967,0.36874596976612123,1
2490,0.3687316642413369,1
16485,0.3687131953330373,1
140,0.36871139674031056,1
24874,0.36869861650745817,1
5565,0.3686624200898722,1
25667,0.3686249159892023,1
10854,0.36859412761264676,1
3781,0.36855455132399567,1
24216,0.36843132374307735,1
3130,0.36840738757465735,1
17333,0.368387689667958,1
22947,0.36829651725908774,1
11305,0.36828973804420734,1
29708,0.36822792045681246,1
25701,0.36822297783786917,1
3640,0.36819155973528545,1
17204,0.3681241117959649,1
17836,0.36811169313250686,1
24226,0.36809791108030104,1
22602,0.36809015753768565,1
23720,0.3680743318764373,1
27512,0.36804557371589325,1
16396,0.36803969755022337,1
8980,0.3680068801482244,1
9947,0.368004641056227,1
28088,0.36800380171911923,1
25874,0.3679898725982874,1
31231,0.36797583576921566,1
28124,0.36795579474307966,1
12991,0.3678801537846301,1
3078,0.36784867522986864,1
30010,0.36784754711427226,1
6383,0.3678429817088669,1
19512,0.36782439932321787,1
16289,0.36780891452915543,1
11245,0.36779330872218674,1
5140,0.36778051778897214,1
2339,0.36775935220451933,1
23086,0.36774207446713125,1
22909,0.36773867864619886,1
1071,0.3677330646421033,1
23333,0.3676998984045804,1
9568,0.3676943636337188,1
5272,0.36767139127110726,1
15903,0.3676643213452685,1
4404,0.36765766030971114,1
11573,0.36764517181229084,1
21589,0.36763064129916506,1
22087,0.36762688418279316,1
29103,0.3676038353954853,1
812,0.3675949999885523,1
30835,0.36754837474316804,1
12968,0.3675460329824885,1
22410,0.367522054219235,1
7944,0.36748933759731933,1
25843,0.3674431900747993,1
17915,0.36742331077575713,1
13695,0.3673434484175223,1
11537,0.36733675538872457,1
27206,0.3672935997316326,1
9447,0.36716415644272404,1
27284,0.36714950242120203,1
20500,0.36709298364782617,1
3809,0.3670923040509493,1
13173,0.367082777048726,1
5360,0.3669929058906253,1
30888,0.36696855910806214,1
21568,0.36696730570394315,1
27902,0.3669572500894455,1
15912,0.3669431869055459,1
26022,0.36690083008610996,1
10217,0.36688830729122296,1
20718,0.36685786190028224,1
15372,0.3668323689140574,1
2834,0.3668222875747053,1
8309,0.36682111744006884,1
11022,0.36681101050849274,1
9590,0.36680258100799956,1
9719,0.3667835286351596,1
29623,0.36678327194512556,1
22225,0.3667761460810158,1
1669,0.36677240874689837,1
4480,0.36666812385689995,1
26924,0.366663597969361,1
9291,0.36664004746745715,1
24252,0.3665854352155101,1
30221,0.36657938593119704,1
29130,0.3665760084561719,1
27161,0.36653289039904513,1
12854,0.3665260166503304,1
8045,0.3665201557839897,1
14220,0.3665026456828409,1
4373,0.3665024937087227,1
2652,0.36648158079943954,1
7559,0.3664223310102267,1
1465,0.36642088274472306,1
24120,0.36637313974802693,1
26880,0.3663624378345737,1
30513,0.3663483731654226,1
28315,0.3663075586671688,1
19537,0.366282350356715,1
11650,0.3662565908366162,1
14432,0.36624426544817096,1
26869,0.3662120211449633,1
10998,0.3662099920783151,1
31115,0.3661912861182344,1
7910,0.3661874818986939,1
12009,0.3661729203637152,1
24693,0.36616514586002274,1
16106,0.36616143067749846,1
9548,0.3661475580144274,1
21893,0.36613610070202535,1
15997,0.3661236141440567,1
17229,0.36611052889288515,1
23954,0.3661061693913805,1
3337,0.3660963901438103,1
18142,0.36603725799177106,1
12868,0.3660353764967049,1
19884,0.3660134045117395,1
13115,0.36601047961506766,1
715,0.3659960576938239,1
23111,0.36597959983973055,1
600,0.36595747109567206,1
13855,0.36591954138280053,1
22,0.3658998410240371,1
21946,0.36588539949807114,1
9367,0.36583419060917316,1
26072,0.36582411440053136,1
12673,0.3658088727829247,1
7427,0.36578461128782147,1
26539,0.36575917359380733,1
295,0.36575395773594926,1
12447,0.3657413682899378,1
25490,0.3657400078284644,1
2260,0.36572730684663735,1
11599,0.3657199401798587,1
20882,0.36561466156523104,1
4120,0.3655975498722871,1
17796,0.3655930843893694,1
19878,0.3655684253564216,1
9229,0.36555820255351923,1
6365,0.365522070075391,1
27729,0.3654925156312979,1
19334,0.3654759935082448,1
26563,0.36545127520332166,1
1051,0.3654145367021491,1
2892,0.365341512656541,1
29862,0.3653205940159431,1
8427,0.36531025546514106,1
3734,0.3652865575926213,1
7312,0.36526508006374364,1
9042,0.3652638715326005,1
30265,0.3652432008761213,1
21797,0.3652212954614384,1
8960,0.3651963471281774,1
1953,0.3651930432886347,1
5141,0.3651626392704641,1
25541,0.365122916870967,1
5814,0.3650656459931665,1
4500,0.36500918587389125,1
14071,0.36498055646091837,1
2277,0.36497926557022153,1
5232,0.36494120305136624,1
9978,0.36493628554302754,1
11969,0.3649327681857734,1
18222,0.3649286603757565,1
16468,0.3648973730028636,1
3664,0.3648383829008121,1
17202,0.36474162783572583,1
30367,0.36472455453047864,1
14498,0.36471224216224796,1
19614,0.3647094743987417,1
14927,0.36469002885187174,1
26994,0.36468288485494255,1
7956,0.36461624474572946,1
12049,0.36459670176587466,1
28999,0.3645947183802994,1
26914,0.36458616502179786,1
23828,0.36455185791688416,1
10745,0.3645415689132475,1
15028,0.36450086501448553,1
13947,0.36449261298683944,1
7783,0.3644856030369221,1
16075,0.36446204988263614,1
10471,0.3643539268242458,1
24379,0.36432666779081,1
15535,0.36429691276061477,1
10287,0.36428148755597595,1
29243,0.3642569465025289,1
27930,0.3642477271252853,1
20279,0.364233419951273,1
2361,0.3641971777368134,1
10991,0.3641947094495132,1
21601,0.3641656028580985,1
21466,0.3641277727387486,1
27987,0.36410480707564763,1
30302,0.36408726606501446,1
4847,0.36408359819686675,1
18858,0.36407260327309465,1
4060,0.36401650086465837,1
8806,0.36394227440240345,1
25295,0.36393916657169484,1
8490,0.36391243248795524,1
11420,0.3638913796183584,1
18807,0.36388414164802213,1
16694,0.3638825531261257,1
7383,0.3638647489563661,1
12084,0.36383419202749023,1
29221,0.3638240130492772,1
28250,0.36381157495587374,1
2247,0.3638056390197029,1
572,0.36380400295645493,1
23081,0.36379620650025074,1
20050,0.3637776367831576,1
27986,0.36372996759389176,1
18612,0.3636967220287467,1
20434,0.3636942866661333,1
14754,0.3636919685707874,1
22612,0.36368989840255844,1
18046,0.3636804476836986,1
27707,0.3636701796810255,1
26177,0.36365788582134234,1
20948,0.3636438180726277,1
10895,0.36363137500876497,1
20405,0.3636278827506396,1
12635,0.363591956143672,1
18513,0.3635621943510351,1
20957,0.3635569852615067,1
10603,0.36355538347246835,1
20622,0.36351278608385185,1
31,0.3635000367154649,1
24571,0.3634921039280766,1
24330,0.36347194474907807,1
7781,0.3634651216879928,1
16640,0.3634391425380317,1
15520,0.36342865494783305,1
1529,0.36342534072773963,1
17854,0.3634010497186395,1
29466,0.363392538237036,1
15036,0.36335897273181245,1
14278,0.3633508037072066,1
6046,0.3633204921001801,1
5142,0.36331902182532727,1
1768,0.36329772512631636,1
2039,0.3632935297440951,1
3958,0.36328843054486976,1
19485,0.36321876624930205,1
18303,0.3632099810328113,1
26727,0.3631428124727099,1
6343,0.3630923829472763,1
23025,0.3630406576401176,1
9501,0.3630296853500285,1
3126,0.36301920964943935,1
14656,0.3630008263142807,1
1541,0.36298513117859316,1
7437,0.3629586674904952,1
23299,0.362940442502756,1
16704,0.36293304676294297,1
19244,0.36292073985563655,1
20280,0.362901126150103,1
24388,0.3628968890414236,1
21745,0.36286736454711516,1
18258,0.36286045985482984,1
13935,0.3628487126988157,1
22205,0.36284595134302505,1
21041,0.36282092348866035,1
9162,0.362814738662056,1
22013,0.36281456495466763,1
22679,0.3627983433593371,1
29915,0.3627932490227907,1
3225,0.3627418584794153,1
2327,0.36271770184708557,1
14484,0.3626804742065084,1
4930,0.36267377401660444,1
27073,0.36263227857992175,1
26033,0.3626068460184525,1
21611,0.3626045579841082,1
26942,0.3626013628956874,1
25040,0.3625964245795666,1
30013,0.3625761442298144,1
19574,0.3625290355079062,1
8325,0.36251875065470507,1
28283,0.3625105395416117,1
15988,0.3624701416732153,1
12558,0.3624572686043946,1
16174,0.36244986530778284,1
175,0.36243670223929675,1
9202,0.36240701603556624,1
19927,0.36240569191941124,1
15262,0.3623964536009022,1
20077,0.362392132576231,1
15307,0.3623811562342087,1
11267,0.3623692509511415,1
26289,0.3623656005513664,1
28057,0.362334479158514,1
18054,0.3623171020120687,1
864,0.3623113834889006,1
17512,0.3622981217119639,1
18860,0.3622841361882933,1
23056,0.36225981294399806,1
21562,0.3622212940580634,1
3082,0.36221496137051223,1
9934,0.36219931006423695,1
24689,0.3621873256922118,1
29376,0.36216508037612255,1
7714,0.3621291736817847,1
18388,0.36212114573408555,1
3756,0.36208218087436594,1
5179,0.362064044194365,1
6971,0.3620204334181944,1
30266,0.3620019501268424,1
30225,0.36188936421396156,1
9917,0.3618782800544216,1
11680,0.36183339151259014,1
3300,0.36182102320591775,1
2446,0.3617845003217539,1
10372,0.3617569341604769,1
20855,0.36173070530960183,1
3329,0.3617214152704542,1
2077,0.3617108524196065,1
2890,0.3616870853887647,1
19737,0.36168269756185106,1
12714,0.3616449889336251,1
15331,0.36159064035792554,1
10572,0.361584117182434,1
29167,0.36156523569068694,1
7068,0.36154109942388357,1
7398,0.36153267890305985,1
12213,0.3614978017173713,1
3431,0.3614898195115741,1
14067,0.3614726423965029,1
28734,0.36146728748624196,1
30694,0.36144415998932117,1
2981,0.36141238889094923,1
2082,0.36140495881281637,1
23522,0.3613963558074528,1
18113,0.36138884716831016,1
10513,0.3613843864488461,1
8603,0.3613841262295251,1
17107,0.36137730490507486,1
11173,0.36132499082998365,1
19284,0.36130149103335074,1
21732,0.3612740568075996,1
8140,0.3612607234504637,1
1643,0.3612602299664253,1
8949,0.36125238126150583,1
31168,0.3612387019329706,1
25841,0.361216857348414,1
11203,0.36121111800890865,1
4632,0.36120797552429623,1
23783,0.3612078567115513,1
30989,0.36120746956467115,1
19062,0.3611577773115771,1
14653,0.3611356032556196,1
30730,0.3611267988047296,1
28239,0.36112568989273425,1
8426,0.36111710348842996,1
17673,0.36111586583280525,1
28213,0.3610709048149665,1
14994,0.36106557650636956,1
11238,0.3610643098079628,1
27380,0.36102748074774316,1
18422,0.36100703539970314,1
14883,0.36098980912361756,1
24685,0.3609870305830745,1
24719,0.36098513756623396,1
30813,0.3609838702379107,1
10183,0.3609811081474436,1
15482,0.3609797269077404,1
2947,0.3609468484639672,1
14453,0.36094531060609364,1
25536,0.360933384209953,1
25427,0.3609155519356429,1
9488,0.3608522913350846,1
15734,0.3608328615146881,1
14226,0.36079977780798683,1
3504,0.3607840789840571,1
9677,0.3607615534071052,1
19204,0.36075907601847296,1
26268,0.3607280276851521,1
24764,0.3607054648920651,1
18313,0.36068703033526783,1
798,0.3606632703746802,1
5263,0.3606619381801322,1
19506,0.36065248266126754,1
30287,0.3606367175578437,1
26323,0.3605370576928017,1
29864,0.36052314963620735,1
31111,0.36048055978319893,1
2855,0.36041028931777125,1
27412,0.36038779501371904,1
18620,0.36036823056154255,1
6865,0.36036012208326235,1
8544,0.36035889255361886,1
13307,0.3603243844525582,1
26899,0.3603058589135192,1
1756,0.36030531078661115,1
1903,0.3603033670291307,1
9616,0.3602619283771311,1
20427,0.360196161896522,1
1726,0.36018715196444595,1
29177,0.36016091300585484,1
24229,0.3601511589059567,1
24111,0.3601375470162116,1
14800,0.36002208473434427,1
14126,0.36000942399071917,1
16529,0.3600013066157337,1
1226,0.35996730845431474,1
15749,0.3599479381209545,1
24540,0.3599261894256813,1
29098,0.35992014321253846,1
24788,0.3598936602340786,1
8488,0.3598589750977977,1
19604,0.3598586043467797,1
10439,0.3598386617261917,1
17558,0.35983043799084674,1
13754,0.3598232345550937,1
5472,0.35981619801133546,1
28281,0.3597719185777342,1
17634,0.35972921750138215,1
26803,0.35972020158627493,1
12722,0.35969108742511274,1
15965,0.3596522553201028,1
1946,0.35963248837839734,1
16911,0.3596091213197981,1
9909,0.35960000485657084,1
8643,0.3595789198218898,1
2933,0.3594672471595088,1
17128,0.35943270690635876,1
3824,0.35939611945972066,1
21531,0.35939391547690497,1
878,0.35938711800559003,1
30106,0.35938345895813983,1
29517,0.35936151821236584,1
3646,0.3593482836534668,1
26661,0.35932782973623717,1
29824,0.3593249947701596,1
30363,0.3593135044675266,1
27156,0.35930326160593057,1
11891,0.3593030917245968,1
2210,0.3592957797879454,1
27442,0.3592937602591775,1
28224,0.35927989727040055,1
12895,0.35927202859194696,1
25660,0.35926733630740293,1
9145,0.3592596350833625,1
23707,0.35925287729372335,1
29361,0.35925025919574205,1
28683,0.35921893840805863,1
18942,0.359169349972038,1
1058,0.3591580236694981,1
13547,0.35915342161891267,1
1479,0.3591425004316002,1
28304,0.3591121692924089,1
8954,0.35911137169560975,1
27132,0.3591065073114384,1
21195,0.3591027754689337,1
10872,0.3590713911461381,1
8412,0.3590624909851263,1
14999,0.3590509310484595,1
4254,0.359047292617328,1
29784,0.3590412395012968,1
26817,0.35902310771150353,1
30495,0.35900953472131225,1
8675,0.35898432142677583,1
4148,0.35895383925644636,1
8831,0.3589462781402527,1
10294,0.35887598567250256,1
7233,0.35886759016492426,1
21203,0.3588370928768225,1
5485,0.35881360272291685,1
21786,0.3588123901329515,1
18558,0.3587370325673197,1
22405,0.3587346952193695,1
6384,0.35873197596242606,1
10774,0.3586873598277983,1
19197,0.35866954768776266,1
20515,0.35866696147610616,1
15930,0.3586482368358041,1
22629,0.3586409498734131,1
18696,0.35863949423201574,1
15470,0.35863478726767734,1
12692,0.3586237407856355,1
14054,0.35860823232615924,1
31347,0.35859792160385573,1
24170,0.35856631451124293,1
14031,0.35856127755182193,1
5299,0.35853138046681865,1
8067,0.35852953209607114,1
7014,0.35852884634504006,1
20727,0.3585225302150439,1
29057,0.35851394190518254,1
8217,0.3585139000077367,1
29360,0.3585079297785965,1
30322,0.3584681831235182,1
9058,0.35846720744835786,1
9170,0.3584670194106667,1
17138,0.3584443860181347,1
16585,0.35840333335401253,1
10837,0.35840230630148406,1
20563,0.3583904591013458,1
30124,0.3583903905650632,1
29420,0.35838628515213244,1
19775,0.3583164932079406,1
772,0.3583133754087754,1
27503,0.3582799464481081,1
25596,0.3582685405867065,1
14675,0.3582591170892837,1
9180,0.35824511623194544,1
6210,0.35821673575106205,1
3567,0.3581996299193095,1
11069,0.3581970209525141,1
7310,0.35819080961278166,1
12769,0.3581836581688508,1
7240,0.35814869811074534,1
30531,0.3580878394935242,1
14106,0.35807883930955264,1
16524,0.3580628583380369,1
1914,0.3579704192403716,1
8788,0.35794997072461177,1
14450,0.35794742468952667,1
22042,0.35794034881710884,1
30243,0.3579172229487325,1
13135,0.35790483176454124,1
1998,0.35790050803072504,1
7729,0.35789587576430315,1
26420,0.3578794663363196,1
18606,0.35785608525331875,1
10112,0.3577930702384997,1
3886,0.35776810910201545,1
14809,0.35776383776529125,1
24429,0.3577549839992096,1
20915,0.3577543442793305,1
21098,0.35773339743163524,1
21740,0.35772889777907957,1
21761,0.35771539787994755,1
17962,0.35768299127766673,1
30739,0.35766560077966203,1
27949,0.3575865664432872,1
22182,0.35756781038390345,1
16308,0.3575626684659244,1
22965,0.35755553604557355,1
18905,0.35754358750220844,1
11044,0.35754358750220844,1
27173,0.3575308742714662,1
1821,0.3575295418248906,1
773,0.35751839143361325,1
15104,0.35750220694953716,1
19661,0.35741618134861414,1
6738,0.35740308061345516,1
440,0.35738769436033413,1
6354,0.35733849064639744,1
5915,0.35732726189377556,1
25909,0.3573025672977913,1
23185,0.3572864039148091,1
409,0.35728356743138595,1
13748,0.35724853560378356,1
16554,0.35724428366479755,1
6114,0.35723244616802036,1
25039,0.3572068636321194,1
18300,0.3571462281818738,1
3085,0.3571353128160383,1
26580,0.35711296501147544,1
7546,0.3570926338522974,1
3843,0.3570851651579041,1
7595,0.35705180322362806,1
17740,0.3570041636562373,1
15113,0.3569648905724226,1
824,0.35691403842190383,1
22115,0.35683504592999876,1
1511,0.3568306249376257,1
987,0.35682437833698344,1
15398,0.3568056518109784,1
16518,0.35679222572474745,1
3885,0.35675323445239526,1
2344,0.3567382901771662,1
17557,0.3567178465825948,1
19441,0.3567067008557691,1
8758,0.35667210659064125,1
25218,0.3566714767344793,1
8518,0.35667083153569995,1
13824,0.35666115158821377,1
7709,0.3566556673519251,1
27018,0.3566336337362872,1
18371,0.35659275189214407,1
28697,0.35655781158606387,1
380,0.35655685545250976,1
14407,0.3565548083831542,1
22256,0.35652628946528575,1
14723,0.35651303182891636,1
3245,0.3565030259783936,1
31177,0.3564891832940645,1
5807,0.3564875925172728,1
7739,0.3564817312810325,1
28498,0.35647750311090076,1
13745,0.3564720111565777,1
12685,0.35646906072324636,1
28958,0.35646622151508317,1
1527,0.35645389561160423,1
12100,0.3564417745109361,1
17232,0.35642266803339184,1
20523,0.35640694005413226,1
15335,0.3563855350446927,1
5825,0.35634577699319486,1
22943,0.3563434618838823,1
23953,0.35634029756765656,1
1597,0.3563258198019673,1
18740,0.35631591909544447,1
31142,0.35630253097049575,1
26027,0.35630120321882347,1
25777,0.3562386705096056,1
13742,0.35620902847693486,1
28383,0.35620104163427385,1
16777,0.35620001724500633,1
22484,0.35616540572582017,1
18299,0.35613603880832223,1
24710,0.3561143064369861,1
30723,0.356081133989011,1
18923,0.356080063094552,1
4983,0.35606532519792616,1
9999,0.3560575874845693,1
25776,0.3560568418325041,1
11018,0.3560245332290703,1
16449,0.35598479276409956,1
6248,0.35597669484959527,1
1919,0.3559709512411014,1
18448,0.3559674551148773,1
18952,0.35594558174128355,1
2507,0.3558915977344782,1
21956,0.35587887717611894,1
21789,0.35584485939574223,1
27101,0.3558347792917435,1
14517,0.355827459644375,1
25670,0.35582686489972626,1
428,0.3558243894963251,1
29386,0.3558240307352548,1
30306,0.3557739207337548,1
5836,0.35576648192698884,1
19477,0.355742461674968,1
25593,0.3557149912599449,1
21642,0.3557107186566686,1
9693,0.3557078919648143,1
24986,0.35570575911475333,1
23038,0.3556997818932941,1
14399,0.35568004446090834,1
12874,0.3556735839784048,1
27110,0.3556675081138443,1
18602,0.355635269939545,1
20145,0.3555987477342471,1
3469,0.35556816865219276,1
5160,0.3555578155654608,1
883,0.3555536833691506,1
1935,0.3555158718343504,1
5339,0.3554975059539369,1
27997,0.3554954324607175,1
24241,0.35548760763144066,1
28188,0.355473874583872,1
1156,0.35546466320711867,1
20819,0.355451550545292,1
20265,0.35543763339914597,1
25112,0.355429387669183,1
1624,0.3553810293106517,1
14035,0.35537666602910095,1
1622,0.3553670178109583,1
15062,0.35532006576049113,1
23337,0.3552993832841448,1
23324,0.3552633820310913,1
20371,0.35523567603375605,1
22657,0.3551595022502512,1
29917,0.35514947395134283,1
17830,0.3551327263192085,1
12574,0.35512770184141185,1
535,0.3551256995458684,1
29538,0.3550823529296477,1
26387,0.35505858920645217,1
15392,0.3550536453639772,1
19471,0.35504477438182763,1
1902,0.35503705850942446,1
28225,0.35503688421558116,1
1016,0.3550011604085798,1
5419,0.3549987310097408,1
3633,0.35499517576045625,1
3481,0.35499374872472184,1
30474,0.35497804245577463,1
5411,0.3549779757634666,1
24517,0.35495606323679396,1
16733,0.35494310282291486,1
10841,0.35488786533486616,1
7803,0.3548876196921635,1
24154,0.3548800322251558,1
25177,0.35478691896439396,1
26201,0.3547722546818439,1
8301,0.3547540805255205,1
7990,0.35474067554022126,1
19155,0.354694587445329,1
8557,0.3546939302801671,1
13944,0.3546798800454402,1
7139,0.3546257220324701,1
28766,0.35461803101423334,1
29662,0.35458967858181223,1
2681,0.354586974568555,1
22969,0.354568321991179,1
22400,0.35454366128118253,1
23350,0.3545316570491242,1
9656,0.3545126680958298,1
28195,0.35445738014839534,1
21172,0.3544308084693184,1
19298,0.35442860511894503,1
2012,0.35442436847901787,1
21219,0.3544019890479817,1
20970,0.35439837488124426,1
1351,0.3543724488346035,1
15115,0.3543528281618468,1
15185,0.35433116843357304,1
4007,0.354327245977519,1
646,0.3543093372290153,1
9270,0.35430357843356064,1
18132,0.3542591152787995,1
9298,0.35424006543193476,1
8677,0.3542376629178047,1
23459,0.35423449051593353,1
23041,0.3542327402081446,1
6171,0.35421993913950345,1
27068,0.3542192354455234,1
27510,0.35421808205330707,1
7351,0.3541764668092081,1
3166,0.3541736713569456,1
2628,0.35416453928691355,1
23949,0.3541230966046063,1
27358,0.35411787495917074,1
11406,0.3540781753441257,1
22383,0.35407485112894505,1
4964,0.3539907949766173,1
21676,0.353977449900049,1
27330,0.3539589167431992,1
20988,0.3539528015307939,1
11502,0.35395102055690025,1
13393,0.353941216217201,1
17174,0.3539277258163915,1
2743,0.35387461754007205,1
7900,0.3538290876744395,1
28474,0.3538171641912337,1
1545,0.35381160005403245,1
12445,0.35380295332874295,1
13006,0.3537765562921543,1
17446,0.3537744548743006,1
15966,0.3537619213591089,1
4212,0.35375357654319134,1
5128,0.3537447249539028,1
559,0.3537012330399689,1
25601,0.3536924670741524,1
8491,0.35366910718083183,1
14982,0.3536253215509271,1
25092,0.35362235036421646,1
3177,0.35361416454384786,1
4959,0.3536000734386885,1
29462,0.3535823560483081,1
2430,0.35354444994471396,1
10325,0.35349264933096974,1
29896,0.35348139585717137,1
5483,0.353473975183264,1
15324,0.35347298747177397,1
10920,0.3534602569610877,1
30965,0.353442561849167,1
26036,0.3533915643290524,1
25514,0.3533874691783419,1
8117,0.3533824106322232,1
16407,0.3533784595027678,1
17510,0.3533570494190623,1
3857,0.35334359899566087,1
9789,0.35333105136371556,1
20513,0.35330183538399246,1
5204,0.35325956308520007,1
24917,0.3532448746733066,1
10590,0.3532305824534021,1
17749,0.35321413691241543,1
11435,0.3532066116769432,1
20363,0.35320389859426876,1
28879,0.3531123475651614,1
31012,0.35310738117889384,1
550,0.3530703963515272,1
17418,0.3530653320345412,1
25143,0.3530640374351951,1
9922,0.35305760230030786,1
30321,0.3530485985570284,1
23757,0.3530413817926291,1
11623,0.35302213723868886,1
18127,0.35300218077098194,1
23374,0.352994650888144,1
8399,0.3529822980590195,1
4421,0.35297170339668055,1
7812,0.3529570968703999,1
27543,0.35294424821956105,1
24276,0.35291875858141003,1
9363,0.35291070212665426,1
5851,0.3529050282168449,1
27295,0.35290380028763885,1
3959,0.35288463328437586,1
31213,0.352883653779394,1
9826,0.3528440140021926,1
31218,0.35282358286455534,1
7115,0.3528190580558729,1
5813,0.35280286005948996,1
22866,0.3527984774491229,1
30559,0.3527939665110835,1
17809,0.35276684665137326,1
22570,0.3527640905120577,1
4517,0.35275164110324037,1
15240,0.35273556787919835,1
1739,0.3527070526791295,1
11031,0.35270263116503,1
6713,0.3526856012184559,1
3523,0.352665396536079,1
17928,0.35265884007086357,1
3118,0.35264935572160705,1
29571,0.35263509123523734,1
12426,0.3526041507709064,1
31145,0.35259187521885954,1
8749,0.3525813740572644,1
11116,0.3525413214770791,1
523,0.35253704614979253,1
23963,0.3525364929743464,1
12455,0.35249489917428606,1
17676,0.3524915765930385,1
18998,0.35244371353760895,1
10720,0.3524346321168343,1
30154,0.35237430395093033,1
11422,0.3523626074021621,1
24596,0.3523205757361446,1
22183,0.352316004689843,1
9530,0.352303132320981,1
6644,0.35228055238808376,1
1140,0.3522761644147848,1
9467,0.3522481812088125,1
17383,0.3522385337031783,1
24331,0.3522343159557386,1
10591,0.35220680778924107,1
22979,0.35215707433734467,1
31271,0.35212522038112254,1
12970,0.35208642476691204,1
9301,0.3520827204850071,1
24259,0.3520701255222009,1
14268,0.3520602875424377,1
21127,0.35204623808177793,1
18274,0.35199626164078734,1
522,0.3519895428588475,1
27651,0.35197188322585043,1
10617,0.3519498257729395,1
20321,0.35193566736352333,1
1875,0.3519252834334513,1
4807,0.35191391752300755,1
15505,0.3518931737927168,1
1253,0.3518743414069086,1
25215,0.35186145461239243,1
24271,0.3518566984961881,1
18782,0.3518456107743062,1
14478,0.351842189398634,1
9495,0.3518289004524868,1
21139,0.351825349936425,1
28527,0.35179476729861925,1
1168,0.3517618448561788,1
18409,0.3516904035314301,1
28915,0.35168791299769536,1
17072,0.35167348405921817,1
5410,0.35162055853259583,1
5939,0.3515896797093452,1
21705,0.3515642875761788,1
14964,0.351556823265286,1
26076,0.3515555994311231,1
10768,0.3515472938170483,1
14843,0.3515406782293993,1
1188,0.35153023171343767,1
22807,0.3515010403174684,1
7193,0.35147937842263743,1
4052,0.3514769783258702,1
24858,0.35143762592551453,1
15851,0.3514268626427782,1
31316,0.3514003752795234,1
29371,0.351398164849704,1
9,0.35138992035686145,1
31243,0.3513822749306126,1
11695,0.3513816545577834,1
27297,0.35138022305217215,1
10827,0.35136779259212875,1
30269,0.3513641889485847,1
16729,0.35131779570917715,1
30040,0.35127269121704147,1
31325,0.35124942736373804,1
26751,0.35124392935542553,1
19211,0.3512421920699649,1
25190,0.35123096372588863,1
1679,0.35120567309838335,1
29497,0.3511970991617708,1
8975,0.35116897109439704,1
28549,0.3511595221724144,1
704,0.3511398011983929,1
1705,0.351130258734446,1
9603,0.35112979209204354,1
4735,0.35110834468668933,1
6874,0.3511037874764195,1
18965,0.3510736390907866,1
15927,0.35099515643009577,1
12126,0.3509923580165343,1
25312,0.35098084307674304,1
6128,0.3509404632275574,1
13445,0.35092287352538193,1
17243,0.35092266699766633,1
14147,0.3509115448600672,1
6336,0.3509084485601278,1
14705,0.35088638020110574,1
18990,0.35087454758631637,1
15353,0.3508604709738734,1
17511,0.3508396229922475,1
26221,0.3508273258190568,1
11347,0.3508099673819614,1
12412,0.3508074250327453,1
2780,0.350779358632176,1
25246,0.3507710195422137,1
931,0.35076722192373144,1
11336,0.3507609509233337,1
13893,0.35075280772217016,1
21178,0.35074659846442185,1
29547,0.35074343554010384,1
8257,0.3506966326787639,1
11431,0.35069509166442414,1
7278,0.35068972410276594,1
11269,0.3506799008995114,1
18960,0.3506344357680482,1
19507,0.35062220040008635,1
30011,0.35059180536681206,1
29751,0.3505739358517303,1
21581,0.35057158693545376,1
6006,0.35052982597745985,1
12996,0.35051977325822065,1
907,0.3505011526962494,1
3937,0.3504982173335176,1
23174,0.35049362939944606,1
19095,0.3504934411480603,1
3662,0.35048813182372257,1
12164,0.3504639107200276,1
20024,0.3504481480514993,1
24653,0.35041864894483177,1
25206,0.35041560361016333,1
19680,0.3504019734136296,1
31274,0.3504003296670103,1
740,0.3503798898301101,1
17172,0.35037902334971605,1
26137,0.3503755177463647,1
7242,0.3503591894965903,1
9687,0.35034628286658515,1
11426,0.35034563226373644,1
22003,0.3502631587230994,1
7977,0.3502522427041903,1
29832,0.3502287512381737,1
9859,0.35022824405802133,1
11443,0.3502090111147641,1
19250,0.35019464691375574,1
22164,0.35019064319257964,1
7358,0.35016398733022625,1
6840,0.3501547849122042,1
15879,0.35015096286782155,1
26548,0.3501200493309114,1
14993,0.3501168349518569,1
1237,0.35010133493744006,1
19357,0.3500554189051728,1
12885,0.350055266101003,1
22218,0.3500283529000786,1
10752,0.3500183695085902,1
21395,0.3500107843604423,1
7106,0.3500103396900829,1
6534,0.35000506413826377,1
2586,0.34999267481305296,1
4751,0.3499765040047589,1
16323,0.3499409985358108,1
11780,0.34992074002402296,1
16842,0.3499072282692449,1
16852,0.34983415039542387,1
7863,0.3498010148892402,1
30995,0.3497939541990388,1
17802,0.34979316049015374,1
21709,0.3497876512895974,1
23027,0.3497872614544044,1
23490,0.3497489883504839,1
11666,0.3497470211355839,1
1793,0.34974557965767394,1
15622,0.34970368865384915,1
23198,0.349692058898656,1
853,0.34968853010123846,1
22901,0.34966516972217154,1
26110,0.3496595503006741,1
7178,0.34964171632942415,1
15835,0.34963893853054545,1
20729,0.3495798806570021,1
25334,0.34957280340157376,1
26978,0.34953556231287936,1
26063,0.3495331577014635,1
7403,0.34947724910541905,1
15557,0.34947493467952306,1
13928,0.3494593019538509,1
6178,0.34945146781704783,1
11258,0.3494353458851618,1
18904,0.3494018878966862,1
29193,0.34936967854300305,1
9746,0.3493661744678122,1
13958,0.34931862783978623,1
23058,0.34928109742624736,1
20527,0.3492120144490832,1
19734,0.34919685113896337,1
22526,0.3491353596584775,1
19630,0.3490771290601417,1
19342,0.34904942877532186,1
11776,0.3490370161427252,1
4461,0.34903281384038104,1
30453,0.34898525900668964,1
17391,0.3489503251058506,1
23049,0.34894408672698474,1
14531,0.3489081664126188,1
23537,0.3488984946899209,1
14460,0.34883109960726183,1
16029,0.34879602601876847,1
7075,0.348789498071318,1
8628,0.3487894194910927,1
26687,0.3487412959379012,1
11948,0.3487138429441632,1
9732,0.34867350529337415,1
2601,0.3486460100541253,1
21967,0.3486104052660919,1
26604,0.3485759245814386,1
813,0.34856332476412766,1
18659,0.3484487600904571,1
30230,0.34839684730036585,1
10049,0.3483871301833378,1
6107,0.34837965534216286,1
6224,0.3483786177422236,1
5439,0.34837163587597736,1
16746,0.34836908869376565,1
26309,0.3483525927311518,1
642,0.34832477223592917,1
14505,0.34832462153874294,1
4451,0.34831593031238994,1
17958,0.3482917941544876,1
8203,0.34828769807506754,1
13198,0.34826533921668096,1
10002,0.34825744976026685,1
1366,0.3482382973172264,1
27838,0.34822487084310544,1
15003,0.348216807021714,1
1782,0.34820486041690546,1
606,0.34820258910466234,1
5116,0.3481948628668798,1
4222,0.3481877072769439,1
26376,0.3481537176498617,1
11645,0.3481528541256724,1
28699,0.3481422149329078,1
17162,0.3481338736445075,1
3713,0.34813270060845336,1
24844,0.34810888164233317,1
18362,0.3480997728186118,1
7959,0.3480816691692915,1
28401,0.34806255733370783,1
20082,0.34805949637939,1
6088,0.3480276820483816,1
14745,0.3480207087727578,1
24774,0.34800440232534735,1
29616,0.3480004082018116,1
27922,0.3479873808652067,1
29965,0.34797606257266717,1
8236,0.3479730207798301,1
24941,0.34795206924650757,1
6482,0.3479257738626182,1
13571,0.34789985096461884,1
18956,0.3478507738141194,1
5049,0.3478499906695084,1
19491,0.3478496299884977,1
26240,0.34781196085901955,1
1266,0.3478026721257419,1
17791,0.3477948479808735,1
5630,0.3477886693017814,1
22060,0.34777275070526364,1
30112,0.347744171755304,1
1483,0.3477292728446577,1
13789,0.3477091853029517,1
498,0.3476919181357405,1
19938,0.34768470828671716,1
15175,0.3476828255962968,1
9697,0.3476686903931227,1
11905,0.34766529432298837,1
1241,0.34766319073611895,1
24228,0.3476377158042371,1
4084,0.3476363152089984,1
22223,0.3476353616838084,1
16665,0.34759330714911335,1
18162,0.3475581372932307,1
20679,0.34755589840983736,1
7641,0.3475371411710506,1
25665,0.34751811928255355,1
22266,0.34748101837680584,1
24185,0.347464784175862,1
21874,0.34746257242840445,1
16821,0.34745866556352545,1
25340,0.3474479544282769,1
486,0.34743707059838835,1
2537,0.34738569849570955,1
28872,0.3473823398638086,1
5573,0.34735807630419,1
9655,0.34733087325662576,1
17561,0.3473274211124069,1
25512,0.3473264072450027,1
21149,0.3473133922289506,1
668,0.34730301494798416,1
30595,0.3472997715145086,1
21044,0.34727738702458616,1
18946,0.34726512542514365,1
20558,0.3472601760172662,1
14125,0.34723277233616784,1
29633,0.3472107529828151,1
31242,0.34715665761796216,1
28511,0.3471196243243451,1
24370,0.34710727590567336,1
6797,0.3470938782976925,1
30088,0.34702577755190156,1
3068,0.3469290849178608,1
3491,0.3469165630008486,1
15449,0.34691594978488993,1
31164,0.3468988359665859,1
460,0.346878996010579,1
10133,0.34684375761042496,1
7194,0.3468400562899682,1
6068,0.3468053274219613,1
9804,0.3467794202133603,1
2534,0.34676631428742133,1
25650,0.34675059521275176,1
6161,0.3467160087154541,1
10629,0.34668969826574986,1
30628,0.34667729369198347,1
10035,0.34665867937467404,1
1889,0.34663996545992576,1
9474,0.3466378003501969,1
17529,0.3466153007849554,1
14869,0.3466107532179716,1
13358,0.34658994171181545,1
1324,0.34658933822830673,1
14423,0.3465842569814853,1
10265,0.346552538841006,1
30954,0.34654877468999645,1
20645,0.34654546884933113,1
20177,0.34654226776394986,1
24345,0.34653190515833016,1
6523,0.34652279590956203,1
239,0.3465142013185907,1
418,0.3465011241007873,1
22148,0.34646134190741196,1
25021,0.3464455251320638,1
16057,0.34644480761243124,1
24395,0.3463841027848865,1
21526,0.3463705659268287,1
8154,0.34635209299391534,1
17742,0.34634669113507277,1
28309,0.3463458116667161,1
8996,0.34633228149751466,1
18629,0.34632263900802335,1
29589,0.3463009310657938,1
18123,0.34628805075759916,1
8845,0.34627085607589414,1
30339,0.34625683604405333,1
2193,0.3462545558030342,1
18385,0.34622310590771194,1
14859,0.3462152337677103,1
3628,0.3462039595887233,1
7011,0.34617469390342165,1
27179,0.3461539331678906,1
29116,0.3461287662823739,1
19226,0.34611321591014016,1
27994,0.3461119877044154,1
24002,0.34599774049874205,1
913,0.3459882716771538,1
9512,0.3459658890262456,1
30960,0.3459621302512314,1
29569,0.34596120488751564,1
11733,0.3459388834182699,1
27776,0.34593303544227266,1
4556,0.3458702610546405,1
27583,0.345826005651265,1
27258,0.3457955336561119,1
20152,0.3457736232109794,1
2576,0.3457137553174938,1
27756,0.34567176255411863,1
11760,0.3456520245736634,1
16997,0.3456133335589799,1
16269,0.34561068457306987,1
8902,0.3455838183831355,1
28748,0.34558365155158965,1
20895,0.3455351628085221,1
2043,0.34552469127047536,1
26584,0.34550603739589714,1
21269,0.34549045005479856,1
6921,0.3454855291915935,1
2112,0.3454745209648435,1
13180,0.34546419035282305,1
10678,0.3454570746959553,1
17150,0.34543007610893967,1
22920,0.3454185228514406,1
23789,0.3454125920720322,1
25285,0.34537908915803306,1
11818,0.34536492182709844,1
29322,0.3453497317253796,1
3923,0.3453432574455344,1
27272,0.3453282768459043,1
24220,0.34530290736465497,1
9690,0.3452651617038005,1
344,0.34524830168591564,1
3042,0.34523501076631385,1
13050,0.3452337526924967,1
20271,0.3451976486404664,1
21209,0.34518664913725094,1
14669,0.34517354871708483,1
19349,0.34516999558072325,1
17633,0.3451688905969184,1
15388,0.3451574438123157,1
26518,0.34512288602626023,1
24985,0.34511832171442725,1
13906,0.3450734823688763,1
17161,0.34505095497253707,1
21612,0.34503838706351253,1
353,0.34497290871322295,1
23043,0.34496819499111586,1
29485,0.34494720071776164,1
12911,0.3449452436666818,1
22693,0.34491933290322696,1
2941,0.34491197139667157,1
6094,0.34490505153642004,1
26458,0.3448938369777494,1
16674,0.3448693125272835,1
472,0.34485802856537184,1
8978,0.34481228235246825,1
14812,0.3448004958095853,1
204,0.3447981734160643,1
1754,0.34476113074185627,1
16828,0.34471848805321165,1
7341,0.34471118832151604,1
19001,0.34470851181060846,1
4449,0.3447075947650495,1
22618,0.34469058325197804,1
29827,0.3446795593844958,1
5963,0.3446621445544632,1
5183,0.3446584331864521,1
19766,0.3446479372775688,1
18310,0.3446249803348196,1
9144,0.34462273697550627,1
23785,0.3445954306508176,1
9818,0.3445914562827255,1
419,0.34457538143271366,1
23621,0.344575284175392,1
6882,0.34456540507894134,1
2024,0.3445337042682029,1
16191,0.3445275609744515,1
12059,0.3445209808190999,1
12352,0.3444729308839888,1
23318,0.3444644397416644,1
21009,0.34443544861633657,1
12768,0.3443915733054104,1
23204,0.34438932496391517,1
4878,0.34438494644210677,1
14969,0.3443838009002016,1
4753,0.34438251790235014,1
6918,0.34437691981822643,1
17448,0.34436644142431744,1
13215,0.34435336877566725,1
30107,0.3443459713120541,1
8615,0.3443403459528181,1
8820,0.34433157109997864,1
1066,0.3442240029697695,1
26815,0.34420670234690276,1
15934,0.3441375008362116,1
27490,0.34412942967870025,1
6858,0.34410236851454956,1
28139,0.3440820330792109,1
9105,0.34407637815353787,1
13084,0.34403434483203604,1
20521,0.34402665276711825,1
13491,0.3440009632471379,1
29533,0.3439898101811131,1
19399,0.3439652484511061,1
9921,0.34392942038382374,1
29241,0.34391340060301884,1
16644,0.34391251913432186,1
17109,0.3439042362036069,1
6793,0.3438854166839942,1
5997,0.3438554099957991,1
16251,0.34383195608740985,1
3129,0.3438253881078078,1
22214,0.34380145279716673,1
17108,0.34374829725432604,1
14557,0.3437412435769186,1
9681,0.34372487066953034,1
3614,0.34366982007749497,1
19445,0.3436480113690642,1
6023,0.3435587547842861,1
3467,0.34355025399467215,1
5521,0.3435205070266243,1
28207,0.34346151095829824,1
11755,0.34337649672899273,1
898,0.3433023769939,1
25876,0.3432863213895051,1
3144,0.34325427172810935,1
2532,0.3432335800583087,1
23104,0.3432231328086715,1
2483,0.3431749013197456,1
11616,0.3431573710060888,1
17975,0.34313636313181123,1
9775,0.34312074183245644,1
8211,0.343116939685996,1
23164,0.3431157291058771,1
15458,0.34311401830461496,1
24092,0.3431138122385879,1
28287,0.3431064324421104,1
2090,0.34308661061859397,1
4752,0.3430673442949056,1
3185,0.3430489093809803,1
15981,0.3430458363336736,1
30500,0.3430249696310078,1
612,0.3430232668393191,1
17280,0.34300912066341627,1
31228,0.3429774282440944,1
1533,0.34297504851795535,1
13149,0.34297302167187305,1
16001,0.342964614420939,1
23050,0.34293047274058774,1
18173,0.3429284131449355,1
8790,0.3428990744404474,1
359,0.3428690013578568,1
28060,0.3428547175946112,1
22502,0.34282623971416576,1
26205,0.3427471651723669,1
23168,0.3427031898749033,1
10880,0.3426762862876973,1
8275,0.342659710113558,1
69,0.3426473388825244,1
12168,0.34264630942724034,1
28044,0.34250826040501,1
13687,0.34248548802778367,1
27200,0.34244243530987745,1
16476,0.3424261213222025,1
9965,0.3424215043103939,1
19525,0.3424185398719426,1
12754,0.34240457844411915,1
22034,0.342398919828136,1
20190,0.34239229283157635,1
27572,0.3423850342660574,1
24839,0.3423664636110755,1
27856,0.34233149356024273,1
14393,0.3422844895439717,1
28190,0.34226282951719106,1
1561,0.3422433860587558,1
8284,0.3422402623977348,1
12296,0.34223819306710945,1
22948,0.34214747695633735,1
1120,0.3421431125220986,1
7373,0.3421419654325135,1
28935,0.3421162333772124,1
18195,0.342066275387895,1
3918,0.3420658191316609,1
14903,0.34204643017714004,1
621,0.34200028875929966,1
10260,0.34195082538434546,1
12739,0.34193412317289995,1
14639,0.34188144151287175,1
21804,0.3418420327137834,1
15166,0.34183431062887537,1
12258,0.34183279756740004,1
6016,0.3418257228406311,1
10045,0.3417762651774523,1
22662,0.3417634290139423,1
2250,0.3417443333852683,1
13484,0.341737547557254,1
18783,0.34172763145356483,1
28501,0.3416771337768087,1
14917,0.341675507247147,1
3980,0.34167024518760625,1
27430,0.34165136513961625,1
15475,0.34164816533708026,1
18778,0.34164291557161003,1
8779,0.3416231771834907,1
3426,0.341622451037902,1
22838,0.34160082024533217,1
7957,0.3415840808842775,1
17553,0.34154972934719735,1
24921,0.34151086119743806,1
7768,0.34145334135903177,1
25914,0.3413783654232157,1
3949,0.34137708963876257,1
9452,0.34135233748937865,1
25844,0.34133656570705706,1
277,0.34131524162016375,1
30404,0.34129226792180306,1
623,0.3412764335822244,1
9932,0.3412676625715669,1
27309,0.3412627976141377,1
10899,0.34126230479302017,1
30894,0.3412594123447181,1
17934,0.341229613334847,1
14477,0.34117993539906516,1
6556,0.3411659572259918,1
26750,0.3411586520244431,1
27237,0.3411533441203564,1
9433,0.34114891647175133,1
3755,0.34111361437954213,1
30964,0.34109266423767937,1
14688,0.3410775542176944,1
27868,0.3410683289904907,1
1421,0.3410472639559696,1
5334,0.34101154788440313,1
2256,0.3409915858444363,1
19237,0.3409833973677499,1
6577,0.34096357317381126,1
13416,0.34094836281134105,1
27990,0.3409470614392492,1
30448,0.34093629158593397,1
25771,0.3409253965202794,1
15012,0.34091505819028994,1
5689,0.34088036564831775,1
10341,0.3407984988686602,1
6318,0.34074276442684587,1
28235,0.34071156056181684,1
30669,0.3407078913514544,1
19779,0.3407075058747377,1
26720,0.34070629538479,1
23752,0.3406894102406117,1
20414,0.34064926190995803,1
1233,0.34064327669679606,1
11292,0.34061964005401796,1
29056,0.34058381460889886,1
17481,0.3405673372777784,1
22498,0.3405448911749267,1
21796,0.3405164770557176,1
2475,0.34048686238336295,1
21628,0.34043227417627087,1
12421,0.3404184767236106,1
25359,0.34041131593357626,1
30244,0.3403976163354998,1
16452,0.34037334794048646,1
27121,0.34034087628073206,1
556,0.340319867268723,1
14098,0.34030955097774634,1
26713,0.3402558055771523,1
7204,0.34025335898661735,1
14850,0.3402480344333357,1
15023,0.34023465726351554,1
10997,0.3402182420510757,1
8369,0.34021022073886004,1
29153,0.3402081371400443,1
5546,0.34020414659699694,1
4272,0.3402017205913136,1
10613,0.3401707883817066,1
23493,0.34010605505511454,1
7747,0.3400645108455312,1
8676,0.34005078720985416,1
16132,0.34004401499363257,1
27764,0.34004042518361743,1
20450,0.3400320201120446,1
20420,0.3400228016195052,1
28945,0.33998212804680356,1
18199,0.3399786489317297,1
27197,0.33995531495374237,1
20297,0.33994058429205315,1
25023,0.3399304536311324,1
18502,0.3399153650948544,1
14175,0.3399148443266638,1
1371,0.33990808030284164,1
5137,0.3398791029456133,1
15778,0.33987763493659157,1
1848,0.33987103409518077,1
13911,0.33986174809122105,1
19789,0.3398419415127787,1
4960,0.33983877884312336,1
27245,0.33983499579770055,1
21046,0.3398231993974637,1
18731,0.3397999852427074,1
5187,0.33979341591876133,1
22691,0.3397867811242206,1
8454,0.33977822153536796,1
22011,0.3397720098242202,1
4982,0.33975954359712246,1
16708,0.3397550434901476,1
912,0.33973497430183114,1
20871,0.3397277967014201,1
16760,0.33970653604809903,1
4777,0.339692219169096,1
7085,0.33966738691984555,1
30187,0.33966035836552166,1
30875,0.3396535504116301,1
15642,0.33965250552274084,1
14139,0.33964527986738313,1
19611,0.33963761861707803,1
21482,0.33957922075950964,1
5333,0.33956900883895963,1
10338,0.33954849503881646,1
11625,0.3395211286938207,1
11897,0.33949101729792375,1
26653,0.3394849420025705,1
8487,0.3394777405143178,1
11030,0.3394572750079242,1
17764,0.33945332863685224,1
12600,0.3394316402141111,1
18873,0.3394248052122464,1
9273,0.3394212798958323,1
13471,0.3393950001104418,1
2421,0.33937872386001333,1
392,0.3393763656019879,1
11860,0.3393506802990337,1
21871,0.3393456834816609,1
7643,0.33933785622039275,1
11606,0.339336900900189,1
26301,0.33933518419382547,1
15994,0.33933150833291925,1
23057,0.3393240153325329,1
16315,0.33930448049455086,1
21818,0.33928389669886266,1
5362,0.3392797575138092,1
28028,0.3392559187135036,1
15732,0.3392325329229845,1
12796,0.3392324346173881,1
22906,0.33922524074547317,1
6599,0.3392210915648981,1
14522,0.3391979092219016,1
15227,0.33919160573478124,1
5155,0.33912912332601364,1
11175,0.3391133722286021,1
10520,0.33910383321943516,1
29767,0.33909814541864813,1
29150,0.3390917982290111,1
20958,0.3390556010202064,1
11411,0.33904535093838634,1
10131,0.33903482423742465,1
18877,0.3390088967934217,1
30438,0.33897995499843525,1
9672,0.3389684982658821,1
21805,0.338950120903193,1
23728,0.3389414206708846,1
19631,0.33892458810049514,1
5756,0.3389139614117978,1
23105,0.33888559330179546,1
28262,0.338849566685602,1
19077,0.3388279302744111,1
13273,0.3387805904759517,1
30555,0.3387636965295983,1
27641,0.3387594437786642,1
25149,0.33875769246655024,1
18763,0.33875194346983295,1
1605,0.3387475832581444,1
405,0.33874335092772223,1
24077,0.3387131654915737,1
24425,0.33871158181044103,1
29555,0.33869065956580835,1
3377,0.3386225584094163,1
19665,0.3385984238930268,1
29143,0.33858005260601326,1
31239,0.33855449634230184,1
5024,0.33853985956318494,1
18517,0.3385287082574969,1
8769,0.3385203213957044,1
7471,0.33848060530579555,1
26864,0.3384805252532471,1
19112,0.33846191802099795,1
5639,0.33842626909090806,1
10437,0.33840682036251396,1
3147,0.33834356802425963,1
20159,0.3383257489599673,1
30020,0.3382992234713241,1
11879,0.33829740749758325,1
24072,0.3382912261873131,1
8446,0.33828693237168755,1
11724,0.3382637431302938,1
29359,0.33825301866288426,1
21188,0.338247277254878,1
15945,0.3382047063134664,1
19752,0.33819470395674267,1
12309,0.3381768641474075,1
18822,0.3381671973875558,1
1648,0.3381626493715306,1
9333,0.33816161523463883,1
766,0.3381425825273462,1
25094,0.33811633108319955,1
23651,0.33811363879147144,1
21713,0.33805960064201623,1
4579,0.33800691573266384,1
3060,0.3379898328414748,1
5724,0.3379804705589441,1
4169,0.3379653335762688,1
18391,0.33794299023565216,1
6677,0.33792132655978124,1
14443,0.3379183738177083,1
29911,0.3379033374432123,1
2089,0.3378716130401604,1
12845,0.3378219012513434,1
28788,0.3377956257800219,1
28507,0.3377676637851998,1
1197,0.33776333596580316,1
26143,0.33773891735707523,1
15234,0.33769337655119996,1
19228,0.33768225481877245,1
12307,0.33763209250357074,1
4288,0.33762174583300125,1
13406,0.337618723578084,1
26799,0.3376153165385805,1
10464,0.337605101547452,1
10266,0.3375968029155244,1
6261,0.3375846931393841,1
16738,0.3375665992546867,1
575,0.3375529750692895,1
4852,0.33753314959134967,1
31200,0.3375313305704025,1
22537,0.3374831255656845,1
2216,0.33747132650073025,1
27840,0.3374342641324397,1
31212,0.3374339919963847,1
9576,0.3374150350958252,1
15850,0.3374134477901554,1
20142,0.33740301758737695,1
24292,0.3373887627048259,1
6074,0.3373663686755025,1
9924,0.3373542512917432,1
27120,0.3373474191866049,1
15632,0.3373374956567888,1
9705,0.33732726959819215,1
31216,0.3373199931405047,1
1065,0.33731244513408776,1
29249,0.3372869109030922,1
25734,0.3372768203326453,1
12810,0.33726332131531916,1
29421,0.3372516742884482,1
5448,0.3372410770667182,1
13464,0.3372211811885748,1
9819,0.3371941953658855,1
1711,0.33718887873022646,1
7386,0.337152413796151,1
17019,0.33709647404544313,1
7587,0.33709014811817417,1
18276,0.33704287752021705,1
2806,0.33702719978978485,1
4530,0.33702000918499064,1
2349,0.33700187039605056,1
29490,0.3369971846382159,1
14023,0.3369785135103031,1
13461,0.3369527020764329,1
3405,0.3369329713947789,1
10106,0.33692659475243225,1
8847,0.3368979395590666,1
461,0.3368948268827281,1
9494,0.3368618860208001,1
29093,0.3368518598411401,1
7653,0.33678846125497636,1
7598,0.3367416980473499,1
25441,0.33673466535182117,1
9621,0.3367323257618709,1
11770,0.336699762555852,1
631,0.33667405737865974,1
27833,0.3366614803903978,1
6638,0.3366298714408159,1
17470,0.33654923738972264,1
17909,0.33648544622314647,1
30666,0.33648099125850883,1
29,0.3364746891046748,1
21088,0.3364743433082772,1
28259,0.3364552495856503,1
16497,0.3364539779645057,1
396,0.33644783722223187,1
11521,0.3364407215539611,1
10756,0.3363860577670341,1
17621,0.336381456506129,1
669,0.33637597327099966,1
28075,0.33637103010356667,1
17616,0.3363582582853142,1
25498,0.33632626875526994,1
25959,0.3363223959455715,1
484,0.3363201690473561,1
68,0.33631185854230317,1
28176,0.33628061426120937,1
4739,0.33624391017772076,1
16678,0.33622823914269906,1
18645,0.33620893982155076,1
19296,0.33620079369457373,1
8292,0.33619410208662154,1
1685,0.3361620622302588,1
10735,0.3361302186481901,1
17896,0.3361290321590468,1
12320,0.33612191233297833,1
14510,0.3360850887586442,1
6869,0.3360791126226799,1
18332,0.33604508921065035,1
21189,0.3360432388114504,1
11072,0.3360264472670383,1
18141,0.33600469351203804,1
26739,0.33599805021224116,1
5623,0.3359974935536686,1
22283,0.3359876050870366,1
24650,0.3359793412907082,1
14217,0.3359594806907944,1
30884,0.3359093745496977,1
22022,0.3359023143619261,1
22298,0.33585993445949675,1
11260,0.3358177248837495,1
16059,0.335800916833149,1
4938,0.3357593576130052,1
1007,0.3357332999946,1
25076,0.3357298958280623,1
30639,0.33570581798271415,1
23865,0.3356988092196873,1
5983,0.3356965069877419,1
2783,0.3356724424014981,1
19434,0.33565394669484916,1
29000,0.3356235140180548,1
23304,0.33553972114056174,1
10616,0.3355389200295349,1
4792,0.33550085113749817,1
9320,0.33547251577358145,1
27811,0.3354701509017366,1
20875,0.3354380194000301,1
313,0.335420225732748,1
2828,0.33540768128235926,1
18170,0.3354033680502825,1
14424,0.33537568907906695,1
26259,0.3353750545838848,1
2075,0.3353471838891835,1
24367,0.3353421325791265,1
18241,0.3353272850368219,1
1891,0.3352774284369,1
13227,0.33523728782376044,1
28277,0.33520744037613603,1
25838,0.3351648199773222,1
4678,0.33516140528786337,1
6146,0.3351541191990525,1
22130,0.3351086206450497,1
18738,0.33504714485670833,1
11892,0.3350338742107508,1
6247,0.33503101823300435,1
4794,0.3349962469516045,1
26200,0.33499517735132345,1
593,0.3349806031736009,1
6812,0.33497874091356555,1
16944,0.33492954800815644,1
23408,0.3349097794044952,1
18886,0.3347992155615268,1
2340,0.33479674381477437,1
5617,0.3347772004284428,1
26094,0.3347771260616158,1
30497,0.3347536124575925,1
1,0.3347131910295168,1
25662,0.3347123001507275,1
2479,0.33470594038938856,1
22609,0.33468849837351433,1
19725,0.3346828053587341,1
10981,0.33468001846783474,1
1639,0.3346652043842506,1
4695,0.334656346462362,1
2904,0.3346518256892079,1
5884,0.3346476764226057,1
13037,0.3346427382503831,1
19023,0.33463499536274205,1
14414,0.33460268115929653,1
14885,0.3345928891320603,1
7388,0.33459141387489927,1
29924,0.33458675742457145,1
7525,0.33456011737900554,1
22467,0.33455596895792533,1
28247,0.3345285830976446,1
30344,0.3345119506706202,1
7754,0.3344835768003763,1
25075,0.3344734144610284,1
11914,0.3344119287941087,1
15974,0.3343791073149618,1
21955,0.3343600676215241,1
24811,0.3343220057047867,1
12110,0.3343196280939762,1
25088,0.3342778038902803,1
20248,0.3342658161789136,1
26090,0.3342489808508324,1
11398,0.3342393888715092,1
30317,0.33423701700725816,1
12504,0.3342340898705163,1
4635,0.33423355793512016,1
13341,0.33422582370645054,1
7046,0.33421820633923205,1
1920,0.3341704665537301,1
9591,0.3341671824419419,1
12204,0.3341363351905835,1
18825,0.3340595691722561,1
5336,0.33403564022997273,1
22760,0.3340339233087469,1
30897,0.3339630624099791,1
1096,0.3339578431673059,1
2471,0.3339405376884942,1
13397,0.33393804358079604,1
4192,0.33393014457264025,1
13330,0.3339214674757431,1
15768,0.33391481073113705,1
15716,0.3339003143894627,1
1994,0.3338993923561949,1
31237,0.33388392618907736,1
13537,0.33387886182199966,1
6099,0.3338697212380194,1
25775,0.3338497419832788,1
4110,0.33384249900580315,1
26847,0.3338373091012311,1
15775,0.33383487864636247,1
6897,0.3338280593704537,1
11937,0.3338066908153921,1
17225,0.3338049660636387,1
22524,0.33377871460376846,1
7141,0.33375932630225064,1
13054,0.33375760060293225,1
4343,0.3337006244700433,1
9925,0.3336805957810636,1
2104,0.3336737790339198,1
9807,0.3336528631061872,1
28140,0.3336327301471742,1
20762,0.33362061232536616,1
8127,0.33361631734023406,1
171,0.33360783947370154,1
16266,0.3336015449580809,1
27683,0.3335940658625741,1
5315,0.3335935527872563,1
13691,0.33359228574241917,1
4584,0.3335868670638106,1
1965,0.3335702872677823,1
10378,0.333563165002156,1
27011,0.33356100618144063,1
6997,0.3335479962931532,1
14266,0.3335401431881468,1
16055,0.3335155067071994,1
28442,0.33349026403529813,1
23190,0.33348828588723606,1
7806,0.3334849481879491,1
20919,0.33344608389013575,1
11618,0.33342422204533634,1
5396,0.3334007388102123,1
30077,0.333397708133972,1
4229,0.3333920534469757,1
20608,0.33337413905937185,1
6565,0.33334323696728874,1
19967,0.3333314774071468,1
18562,0.333288193967038,1
29499,0.33328703948525484,1
12731,0.3332719458937945,1
5838,0.3332698827488371,1
13714,0.33326799277100394,1
17938,0.3332589486667332,1
29347,0.3332434606682198,1
17520,0.3332410726185834,1
4048,0.3332194500552056,1
21701,0.3332125352199478,1
9764,0.3331822606173626,1
28800,0.33316919927184396,1
19240,0.33314991876890687,1
5864,0.33313699071606223,1
9132,0.3331314772637024,1
21241,0.3331104731871137,1
9118,0.3330991864890931,1
18207,0.33309910656502295,1
2719,0.3330968307706101,1
20222,0.333077848578965,1
5022,0.3330406818090679,1
4160,0.33302121247705024,1
5171,0.33300222876835606,1
28718,0.333000216508969,1
20711,0.33298971364665164,1
6430,0.3329765569188127,1
18030,0.3329653877214357,1
28726,0.3329240476305141,1
7084,0.3329090169733119,1
17021,0.33284714844940455,1
10159,0.3328328442967862,1
7246,0.3327997491462579,1
29270,0.33278830801086784,1
2648,0.33278299288174035,1
19168,0.3327616154494171,1
15220,0.33273996701731107,1
2619,0.33270841658452666,1
4118,0.33269063120088255,1
539,0.3326878073570911,1
25834,0.3326508279673903,1
31031,0.33261348791593953,1
16991,0.332607091191377,1
27533,0.33260340225415796,1
17466,0.33259708396974014,1
14129,0.332596300545795,1
17251,0.332590042492056,1
30600,0.33255823654045225,1
1044,0.3325302465430161,1
11940,0.3325270073538193,1
3944,0.3325071436432336,1
13047,0.33250694023549754,1
27535,0.33250539420578734,1
20196,0.3325048137243351,1
21025,0.33246446170558275,1
30374,0.33244025325755067,1
17104,0.33242874605698847,1
5610,0.33238004782537045,1
22195,0.3323794042455688,1
3472,0.33237799884854474,1
25953,0.3323718736726013,1
4276,0.33235440885399287,1
13473,0.33233931968403235,1
30224,0.3322727233296123,1
10275,0.3322517765555264,1
1865,0.33223942516928234,1
22270,0.3322153956689021,1
12300,0.3322131048262922,1
5312,0.3321978052065952,1
29288,0.33217373469074596,1
2521,0.33212697821487935,1
30527,0.3321238661547956,1
5741,0.33209535600369994,1
3465,0.332055005627476,1
329,0.3320464798479773,1
16955,0.33203787431689763,1
12249,0.3320173732678198,1
22879,0.33201037917024834,1
6830,0.33201014522351463,1
7330,0.3319793286290412,1
31180,0.3319668817985127,1
12644,0.33194640628224514,1
577,0.3319293730663745,1
6876,0.3319223687631991,1
1528,0.33191873552109974,1
27301,0.3319043765701085,1
5103,0.3318879805117785,1
21520,0.3318833434243368,1
4975,0.33187551475861776,1
25170,0.3318679103504696,1
22980,0.33182872910592537,1
5693,0.3317554747572375,1
19633,0.3317490898860224,1
23737,0.3317453539304362,1
7966,0.33174198835129326,1
3332,0.3317409729572566,1
8527,0.3317306600630989,1
952,0.331723278136675,1
5764,0.33170726603128925,1
16924,0.33169239456412697,1
4826,0.3316915648175975,1
1870,0.33168481605014705,1
24930,0.3316589168040497,1
12736,0.3316539763577683,1
23715,0.33165208929349643,1
5335,0.33163346215574635,1
30183,0.33163318505297795,1
21235,0.331629726017608,1
16555,0.33162932549048685,1
16336,0.33162751221347014,1
26299,0.3316161288972057,1
5607,0.3316059694314497,1
12760,0.3315838096665925,1
1940,0.3315832829255443,1
28713,0.33156893446845737,1
23258,0.33155113029783806,1
8160,0.33148547256400257,1
9184,0.33147764722956397,1
21571,0.33143877934035026,1
20179,0.3314067765818756,1
26164,0.3313965197718157,1
1990,0.3313962644883432,1
9018,0.3313854750666409,1
23881,0.331358499056877,1
29110,0.33135062983993857,1
29303,0.3313371453103963,1
3615,0.3313223826302643,1
24872,0.3313139361874886,1
14562,0.3312927644863731,1
23891,0.3312853184045362,1
28520,0.331274450591794,1
2810,0.3312575670733247,1
30925,0.3312498238983261,1
7347,0.3312140933464681,1
10208,0.33121309331275306,1
6454,0.331148571649246,1
13952,0.33114487627087624,1
18539,0.33114271635443515,1
20937,0.33112945020789475,1
21983,0.3311048833260933,1
11252,0.3310642442677036,1
7079,0.33106053261571466,1
9970,0.3310365186126619,1
7507,0.3310002126167777,1
22179,0.33098506075249357,1
4767,0.33098484189523525,1
19146,0.330981271087617,1
21077,0.33098091306641,1
10481,0.33094549756565705,1
20276,0.33093731475888766,1
7508,0.33091886544407556,1
16110,0.3309009958911952,1
5966,0.3308839710821239,1
26586,0.3308768618200956,1
12488,0.33087384481206095,1
15792,0.3308669654883412,1
3736,0.33086012672647575,1
16208,0.3308576990126214,1
26480,0.3308395813912297,1
13,0.3308337439983381,1
25330,0.33082983594793125,1
14462,0.3307883526654596,1
20724,0.33075330677326453,1
27381,0.33073436347947444,1
7615,0.3307139757029299,1
25393,0.3307094962377798,1
25507,0.3306970298087731,1
14625,0.33069487304503636,1
11360,0.3306896381104817,1
19505,0.3306750677189905,1
11407,0.3306747686459508,1
887,0.33066396257694725,1
16861,0.33066180609659107,1
21876,0.3306584231860367,1
29802,0.33065619198829493,1
25471,0.33065144138665276,1
26688,0.33064613756057903,1
25835,0.3306178271295805,1
13917,0.330613730685007,1
1702,0.33060272923634926,1
6571,0.330597146896591,1
8599,0.3305680865879828,1
17382,0.33055670023985895,1
11708,0.3305487771482437,1
10427,0.3304847093203007,1
15049,0.3304386069134307,1
2626,0.3304381123842385,1
20221,0.33043656774308766,1
26574,0.33043376501612626,1
3192,0.330431201487399,1
5658,0.3303693431617444,1
13350,0.330332704769514,1
23178,0.3302955997145019,1
20843,0.33029350035681204,1
12971,0.33028618485491906,1
393,0.33028616981057574,1
20135,0.3302767141851452,1
13162,0.3302627356045823,1
10528,0.3302213817331499,1
6017,0.3302111459480632,1
10032,0.3302085326835128,1
15544,0.3301963870899698,1
28736,0.33018911869050876,1
30540,0.3301757218514288,1
14017,0.33016799907718025,1
3847,0.3301430137741802,1
31027,0.33014289001634284,1
17477,0.3301426268464184,1
25746,0.3301335257689095,1
18140,0.33012879280325874,1
24729,0.33009056140684345,1
21735,0.33006331083869817,1
21425,0.3300477720851526,1
4219,0.3300305462295848,1
20603,0.3300211952801717,1
16373,0.32999640416947584,1
8306,0.329989798401948,1
11632,0.32998803300549,1
3280,0.3299736224513045,1
18651,0.3299655541481662,1
18265,0.3299409918254856,1
20282,0.3299406295647287,1
16207,0.32990686706844685,1
7,0.329903916216126,1
6449,0.3299008756295483,1
9610,0.3298998215452826,1
26543,0.32989676359597475,1
19369,0.3298667846383272,1
13295,0.3298567691030813,1
21730,0.3298402903499408,1
11945,0.32983408863061553,1
28722,0.3298226556984227,1
5349,0.32980859167774557,1
5954,0.3298025271139938,1
20068,0.32978525522083585,1
10567,0.32977746959897397,1
11440,0.32977728530420836,1
30986,0.32977595634506407,1
9177,0.329698571868473,1
6376,0.3296732083538209,1
14281,0.3296684019045644,1
5460,0.3296445410775565,1
27567,0.32963716148942823,1
23856,0.3296362892832707,1
11722,0.32961988666579883,1
30186,0.32959746480995705,1
26881,0.32956015529076216,1
20511,0.32955220240619304,1
1326,0.32953821910596615,1
2418,0.3295349652925257,1
2924,0.3295235031717803,1
3663,0.3295177997905938,1
11079,0.32951583611474783,1
9515,0.3295042088521925,1
3395,0.3294745612550649,1
12415,0.3294589031692447,1
26628,0.3294564029261574,1
10705,0.32944400556595355,1
5237,0.32943791574441833,1
29122,0.3294143576154529,1
25927,0.32939790270415414,1
25280,0.32939509299115444,1
663,0.3293781460212552,1
30799,0.3293739142345934,1
1167,0.3293721520574835,1
16287,0.32936805383700873,1
495,0.3293659725219464,1
29910,0.3293448999160743,1
22010,0.32933851346080817,1
8536,0.3293204703873829,1
9072,0.3293002691643643,1
16857,0.3292979827895003,1
5527,0.32929562333456636,1
29786,0.3292875266659353,1
19449,0.32926833065326133,1
3738,0.32920523016109315,1
6047,0.3292050363009018,1
10655,0.32918451180887764,1
28512,0.32910247225822004,1
27003,0.3290930752810551,1
5437,0.3290797393640844,1
28301,0.32905052535383206,1
15471,0.32903952585321633,1
12761,0.32902997551785845,1
24004,0.3290054502410856,1
7817,0.3289792937701121,1
28201,0.3289734460164805,1
14332,0.3289458515570328,1
22667,0.3289251086325634,1
2214,0.3289247635075212,1
27416,0.3289122196920875,1
6619,0.32890850228351753,1
25481,0.3288988395717034,1
3752,0.3288826395140915,1
19406,0.3288618516471559,1
12202,0.3288579675141133,1
8050,0.328856903907817,1
24079,0.3288251429677162,1
6837,0.3288237432317957,1
28365,0.3288170032609486,1
26417,0.3287962691273464,1
22576,0.3287892098197649,1
24675,0.32878590621415915,1
8407,0.32877467664016147,1
26356,0.3287705115806162,1
16907,0.32875784424728427,1
1343,0.32875108467782366,1
25030,0.3287358317496157,1
24373,0.32870674014162615,1
2736,0.3286961782982775,1
28886,0.3286898304781981,1
9077,0.32868660112024484,1
6907,0.3286766871828099,1
5775,0.32867015057734683,1
1734,0.32866478934401433,1
29873,0.3286575131582353,1
8418,0.3286372629637372,1
19824,0.3286264655855111,1
15035,0.3286112901185289,1
7683,0.3285904839341079,1
13694,0.328561195650163,1
12892,0.32855329189648513,1
28632,0.3285518751424923,1
5615,0.3285483041341938,1
9127,0.3285333645835595,1
16065,0.32852196309622317,1
23647,0.3284963371940039,1
6745,0.328480288825782,1
31036,0.3284742517910395,1
28027,0.32846338723976715,1
11074,0.3284627976048955,1
3746,0.3284556305209452,1
28689,0.32844819270564257,1
28340,0.32843083119791033,1
12036,0.32842512203121943,1
8179,0.32841778815420547,1
5914,0.3283964966553065,1
19038,0.3283924477782662,1
25488,0.32838887184237836,1
17324,0.3283807142799749,1
20874,0.328361669419066,1
14047,0.3283204163008744,1
7773,0.32831701911930267,1
916,0.32830393181854517,1
19696,0.32830042499012146,1
28297,0.3282874234624731,1
13467,0.32826565297352955,1
14918,0.3282533159343224,1
4580,0.3282525099346176,1
14303,0.3282486200541845,1
12472,0.32823961659398215,1
7761,0.3282354139239046,1
5786,0.32823204133637446,1
26925,0.32821002552718215,1
3771,0.3282080902669112,1
5534,0.32818370711554345,1
19805,0.3281812069888969,1
27472,0.3281720188209541,1
8144,0.3281553736204419,1
2909,0.3280971241649943,1
15665,0.3280962925893868,1
20490,0.328096188537368,1
17933,0.3280923904999834,1
9405,0.3280863852047664,1
3270,0.3280773518728271,1
7297,0.32807359426623234,1
28814,0.32806454304529836,1
19271,0.328044059833865,1
21320,0.3280354742134684,1
10450,0.32802990145327116,1
28268,0.3280221124277859,1
29932,0.32801624860287626,1
26146,0.32797476098901757,1
30930,0.32793095661265975,1
605,0.32790676881475406,1
17185,0.32789642967988386,1
20720,0.32786946844984394,1
21619,0.32777073834840453,1
18530,0.32775525886569773,1
14060,0.3277535560529001,1
4627,0.327743544825111,1
24683,0.3277413041300812,1
14550,0.3277269327062641,1
25408,0.3277180187540371,1
13269,0.3277154310128777,1
378,0.3277071326374974,1
8198,0.3277052250969625,1
16495,0.32766020279565233,1
23289,0.3276595450621576,1
249,0.32765614278325006,1
680,0.32764301982380595,1
25702,0.32764172082482135,1
25042,0.3276308407588979,1
6494,0.3276308407588979,1
851,0.3276271467493392,1
26229,0.32761097573284687,1
30420,0.32759546086758395,1
4746,0.32759358531191113,1
11170,0.3275748878469843,1
15356,0.32755895388742245,1
9722,0.32754286706787084,1
3989,0.3275331361214613,1
14480,0.32752679490724224,1
13486,0.32752067062541307,1
18103,0.3274479866134209,1
17825,0.3274376933110431,1
9820,0.32742947063843075,1
11129,0.3274243553084297,1
9173,0.32741837196533863,1
1048,0.32741577769360114,1
24359,0.3273848455269259,1
8413,0.32736596452653516,1
4814,0.3273536135911978,1
3039,0.32734925709836277,1
20437,0.32732285521284554,1
27904,0.3273219935305345,1
11237,0.3273200583612175,1
25489,0.3272972624661634,1
16988,0.3272444709319323,1
20035,0.32722307130856043,1
9110,0.32721945371444877,1
3406,0.3272102125024529,1
18327,0.3271942603761041,1
22313,0.32716121857521285,1
17435,0.32715917722105153,1
184,0.3271545136302651,1
24075,0.32714579148466627,1
28728,0.32714050171597203,1
1174,0.3271332166534397,1
244,0.32711332586874975,1
29065,0.32708569519323655,1
4922,0.3270285555016881,1
26293,0.32701077772532955,1
10066,0.32696032913096834,1
14831,0.3269493276662098,1
18866,0.32694445172962266,1
17813,0.3269366068237741,1
11370,0.3269331384247654,1
24498,0.3269320623506872,1
2720,0.3268670558210998,1
7211,0.32686509188589385,1
5704,0.3268630124919597,1
15089,0.3268503294100522,1
3200,0.32683738834032644,1
28964,0.3268355355611978,1
28603,0.3267867873659291,1
3209,0.32678384603608096,1
6345,0.32678108425608615,1
27872,0.3267733977613377,1
27320,0.3267643908401589,1
17992,0.32675164899519227,1
5886,0.3267496472290265,1
4020,0.326725069464956,1
26936,0.32670793896110517,1
30228,0.3266928128038065,1
12834,0.32667441211306725,1
17071,0.3266728908930602,1
6359,0.3266673740065626,1
20027,0.32665384599284225,1
16705,0.3266527305434692,1
9389,0.32664609721775706,1
23144,0.3266409283305209,1
4013,0.32664036005955444,1
11474,0.32657848378621646,1
11128,0.3265520954318081,1
6724,0.32654689163100875,1
11685,0.32654558921897636,1
31257,0.3264907113038008,1
19160,0.32648984539930687,1
240,0.3264886758835584,1
24297,0.32645523424274747,1
12237,0.3264114643760631,1
23766,0.3264030702087488,1
4283,0.32640276305674926,1
2286,0.326402300639575,1
28956,0.3263989522106683,1
17667,0.3263987133874373,1
16219,0.3263866004226641,1
29274,0.3263864117793906,1
12342,0.32638592101795116,1
9117,0.3263832610797743,1
30908,0.3263576364844231,1
7541,0.32635686216882076,1
26571,0.3263371224402589,1
5925,0.326333462839518,1
12641,0.3263217195188091,1
10194,0.3263213929315644,1
22242,0.3263167149867337,1
12703,0.3263022370674139,1
18481,0.3262941877427128,1
19882,0.3262698883673205,1
13055,0.326268051569727,1
9413,0.3262548933942599,1
6994,0.3262444137385731,1
10787,0.32621082388284245,1
26486,0.3262096173622506,1
9048,0.32619735816099676,1
22871,0.3261913949629625,1
24606,0.32618402835570576,1
19273,0.32615922177855283,1
2880,0.3261531347827889,1
9064,0.3261375152805212,1
8851,0.326090755527336,1
26331,0.3260766657665647,1
12227,0.3260733810270155,1
17134,0.3260675795396139,1
3287,0.3260528513571576,1
8625,0.32605232494933467,1
28238,0.32604931772362866,1
14107,0.32603174312660466,1
5385,0.3260307026546406,1
26708,0.3260250904057791,1
11330,0.3259768811061715,1
30837,0.3259757109771795,1
13816,0.3259724809517611,1
10191,0.32596255133129276,1
23489,0.32594602534973005,1
5602,0.3259427841563849,1
2352,0.32592214250396984,1
6857,0.32591164894749697,1
10290,0.3258541824890837,1
24980,0.32584957199098374,1
15733,0.3258428264675233,1
17783,0.3258180709994983,1
10184,0.3257965111503554,1
4533,0.3257959914275247,1
1194,0.32576376431392534,1
14727,0.3257552998916071,1
22695,0.32573766340379623,1
188,0.3257339378671105,1
9808,0.32571579064195744,1
16375,0.32569755406087275,1
28066,0.3256852456138056,1
4558,0.325664670594075,1
1617,0.3256600261902316,1
2617,0.32565381835805857,1
31336,0.3256496360947252,1
15710,0.3256342767256834,1
14391,0.3256073002211054,1
7282,0.32559248772292465,1
15767,0.32558341342033137,1
24886,0.3255787635721355,1
23130,0.32553217727008243,1
19402,0.3255299268744132,1
27862,0.32552492253107823,1
19647,0.3255215331826518,1
21380,0.32549998360532567,1
21872,0.32549631773736165,1
11591,0.3254953949698142,1
14135,0.3254698249228442,1
15126,0.3254581731047073,1
14583,0.3254390034797401,1
27281,0.32539819833697636,1
15800,0.32538853480135743,1
15014,0.32538600187107464,1
27698,0.3253753407897142,1
4335,0.3253747561946554,1
845,0.325352699493804,1
3493,0.3253500228236461,1
25093,0.32533742153265954,1
20785,0.3253279198841493,1
5513,0.32530866758095783,1
20565,0.3252684622521445,1
25052,0.32526845894506723,1
27070,0.32526789096621256,1
21655,0.32524079685475143,1
13032,0.3252373060775438,1
7524,0.3252143314280486,1
19153,0.3251920161294081,1
8899,0.3251833252414058,1
31126,0.3251614783496262,1
15605,0.3251555835940216,1
28130,0.32515097344906424,1
12198,0.3251424351566402,1
4552,0.3251343321711162,1
24827,0.32512899417408436,1
17199,0.32509760886925476,1
24521,0.3250706433273448,1
19990,0.32505507338542977,1
13555,0.3250526502357171,1
16516,0.3250476646058821,1
18496,0.3250369081568566,1
28676,0.32503424436903366,1
18290,0.3250112310284199,1
2258,0.32499715123402323,1
21785,0.32499612908305103,1
13309,0.32499379856763205,1
5239,0.32498660400808616,1
23572,0.3249830142957662,1
9834,0.3249702462155975,1
17993,0.32496861180562325,1
21866,0.3249627058052381,1
27223,0.324954915859083,1
9284,0.32495112232649626,1
30068,0.32492071725215543,1
29034,0.32491641421987405,1
24984,0.3249161418064012,1
7143,0.3249161418064012,1
21800,0.32491405254860245,1
22409,0.3249104878598822,1
26111,0.32490951193778356,1
6675,0.3248506620111736,1
8752,0.3248488315545505,1
17081,0.32483399345238584,1
18074,0.32478415248889986,1
18253,0.3247686421733371,1
10653,0.324758863321019,1
29289,0.32475474083407363,1
24087,0.3247534025408803,1
19353,0.32475166169559044,1
22658,0.3246988990211305,1
15253,0.3246904784439614,1
78,0.3246239739870726,1
538,0.3246095740982472,1
30447,0.3246055071917201,1
19802,0.3245905510608506,1
2871,0.3245889439498446,1
8672,0.32458616737222246,1
15862,0.3245858746985124,1
1993,0.324574807115063,1
5644,0.32456261529067204,1
16324,0.3245544159922197,1
10818,0.32452437870818657,1
22571,0.32450957725526,1
10560,0.3245044290963603,1
24626,0.32447634099759315,1
21007,0.3244725505841084,1
30136,0.3244674114102894,1
9517,0.32445852747059134,1
24589,0.3244573639291824,1
9920,0.32444501362930545,1
16083,0.32444409029272003,1
21105,0.32443285073461403,1
18583,0.3244198240874716,1
25809,0.32441869726129097,1
28418,0.3244087462523953,1
15390,0.324400587579644,1
26618,0.32435029462558845,1
3455,0.3243445844064646,1
25403,0.32432772064944154,1
17613,0.3243123872090581,1
24584,0.3243021976787473,1
1741,0.32429863395451564,1
9129,0.32429652221158917,1
9037,0.3242941546428828,1
579,0.3242841340057136,1
3996,0.3242769074418666,1
8229,0.32425743775228694,1
27968,0.3241988730614834,1
10925,0.3241495311990801,1
11529,0.3241443310048112,1
30586,0.3241426712413324,1
1997,0.32413655393156765,1
16068,0.3241259313940835,1
9228,0.3241230338191448,1
5391,0.324115871137221,1
3098,0.3241099988172874,1
30195,0.3241016287010066,1
7612,0.32408917624469086,1
22775,0.3240859071517853,1
12757,0.3240604123346075,1
3793,0.3240547397027247,1
9192,0.324040130603178,1
149,0.32403946691729646,1
10448,0.3240339517560574,1
6785,0.3240043237637098,1
7936,0.32398921491358634,1
20308,0.32397818575801707,1
21702,0.3239743388053058,1
26949,0.3239619785921247,1
22656,0.32395881456768444,1
14502,0.32393508632926477,1
13930,0.32392118925715496,1
27979,0.32392044003730264,1
20798,0.32391231705260226,1
30203,0.3239014663347733,1
22101,0.3238872408048919,1
27690,0.32387735371284987,1
14774,0.3238688186375377,1
27611,0.323864330294857,1
15627,0.3238539656579144,1
8981,0.32383933193820974,1
10673,0.32383827163117856,1
10262,0.32381504663110905,1
17911,0.3238026908983029,1
27299,0.3237973746621802,1
7446,0.32379077852391314,1
18381,0.32378955445345975,1
8699,0.32378123709581175,1
634,0.323777101533847,1
29374,0.32377490416118093,1
12109,0.32376134124570327,1
13676,0.3237585741066395,1
30798,0.3237349052368916,1
18457,0.32372164589556446,1
6139,0.32369713074884787,1
23102,0.32369186273258493,1
7279,0.32368222810363967,1
25180,0.32367944505961355,1
1757,0.3236373763473782,1
23704,0.32362272982747387,1
11194,0.32361177316702244,1
2851,0.32359959959389184,1
13376,0.3235982415989745,1
2489,0.3235836745444968,1
26790,0.3235715667077933,1
25754,0.3235625967070248,1
14400,0.3235504260034761,1
6185,0.3235310440256729,1
20074,0.3235174324484577,1
10939,0.32350905458572154,1
6036,0.3235022976970444,1
11495,0.3234877369161965,1
16008,0.3234814060228498,1
12073,0.32348131101655525,1
16728,0.32347752409952285,1
22319,0.32344762223715195,1
7375,0.32344755984461954,1
1011,0.32340468436463965,1
9232,0.3233881472731666,1
26865,0.32337308611589854,1
14761,0.32336789716468084,1
21003,0.3233621508502001,1
29769,0.3233618928613137,1
13916,0.32336087753747145,1
1552,0.32335280668505034,1
21066,0.32334938739715535,1
29976,0.3233417802293437,1
13878,0.32331209808496497,1
6710,0.3233026032568261,1
11038,0.32329308166393084,1
2179,0.3232799489176293,1
5978,0.3232799489176293,1
2049,0.32327935534089297,1
10755,0.323277779719368,1
13793,0.32327483931918377,1
1185,0.3232615222463427,1
2749,0.323223083778898,1
2456,0.32321708785526104,1
15522,0.32317579859348483,1
24780,0.323174685410713,1
25134,0.3231600781860534,1
14081,0.32315361300275214,1
1651,0.3231514016676038,1
14091,0.323148523404228,1
4225,0.32314495154323064,1
28893,0.3231427458269935,1
6936,0.32313537359950323,1
3890,0.323134677646421,1
10126,0.32309726294689384,1
7335,0.32308970013834665,1
21106,0.32307901401164946,1
18149,0.3230718873712653,1
1389,0.3230567322652657,1
25605,0.32305245024527435,1
20404,0.32302130992088535,1
13770,0.32300706425643155,1
13681,0.32299030568155096,1
20,0.3229842206557256,1
11861,0.3229800833015202,1
6008,0.3229584097033394,1
24207,0.3229576369248344,1
11581,0.32295334176146545,1
6274,0.32293730448503943,1
31221,0.3229240341174567,1
7967,0.3228911360268974,1
25001,0.32287552546373005,1
25902,0.3228688401798592,1
12534,0.3228332875604621,1
7531,0.3228329165939458,1
22325,0.32282564423307103,1
26732,0.3228250914881785,1
3912,0.32281405002160496,1
4083,0.3227534746243155,1
14230,0.322749035206519,1
660,0.32274871856584253,1
19609,0.3227438455788824,1
13086,0.322722221041513,1
10030,0.32269365373164766,1
16689,0.3226768448255207,1
25779,0.3226753489429889,1
27362,0.3226746809740405,1
10222,0.32267344607983595,1
5911,0.32266803982679854,1
29804,0.32265449846223937,1
26209,0.32256294339979197,1
10796,0.3225486194273046,1
16773,0.3225470026689425,1
18700,0.3225376465056798,1
1490,0.32252102746210715,1
7538,0.32247968185458165,1
24642,0.3224679619852949,1
12567,0.3224559360155238,1
20769,0.3224405090063058,1
7680,0.3224284434948471,1
15190,0.3223947079004504,1
30856,0.3223930462990722,1
3044,0.3223907606754474,1
7445,0.3223771063798771,1
6147,0.32237337598291865,1
21533,0.3223706885300166,1
24636,0.3223431011507955,1
7616,0.32234003058161975,1
21565,0.32233526165563864,1
7448,0.322332494688866,1
27713,0.3223147606008216,1
10803,0.3223075056132301,1
3123,0.322297271539936,1
4177,0.3222923137308989,1
16790,0.3222883330415701,1
7844,0.32228787943164905,1
25973,0.32227337511781284,1
15188,0.3222629880266848,1
18834,0.3222577007831598,1
28169,0.32225669514867766,1
16775,0.32224969939639403,1
13557,0.3222151229981657,1
60,0.3221834281950479,1
6425,0.32215678001350345,1
10795,0.32215661205131624,1
13558,0.3221552685782973,1
15387,0.3221457216361948,1
20052,0.32213490518416427,1
14428,0.3221325667409524,1
31308,0.32213090631770747,1
22562,0.3221018129185229,1
53,0.3220895916920832,1
17777,0.3220568266869611,1
26071,0.32202418592549653,1
6851,0.321961798599117,1
21690,0.3219351698020359,1
27605,0.32193181470244897,1
13206,0.32192880890197095,1
17064,0.3219206021377243,1
17171,0.3219130360872253,1
4562,0.32191073982858137,1
6967,0.3219021124665726,1
28329,0.3218862123854713,1
15157,0.3218861623362109,1
27789,0.32188189138938533,1
8934,0.3218758573103598,1
23624,0.3218667401982518,1
10243,0.3218642488148851,1
10959,0.3218520915984071,1
21942,0.32184005832960905,1
20881,0.3218303546160501,1
21764,0.32180865090659766,1
20036,0.3218044784574201,1
11003,0.32180226556978025,1
27187,0.32179902629687396,1
4204,0.32178626437025026,1
26108,0.3217806925631106,1
16150,0.3217736045374871,1
18521,0.32177014765472267,1
13289,0.32176664836752567,1
12659,0.321733524053654,1
1683,0.321705614122222,1
28029,0.32170390905984125,1
18722,0.3216915796906029,1
23327,0.321666638238721,1
12792,0.32164294391559783,1
28509,0.32162077455328647,1
20811,0.32161837015788053,1
6661,0.3216156461683055,1
8693,0.3216000325052218,1
15384,0.32158584917466115,1
5035,0.3215716499531773,1
13883,0.3215481353019255,1
2213,0.3215330275283121,1
6323,0.32150019183891787,1
29482,0.3214867390306912,1
19510,0.3214854298731195,1
27006,0.321465400357133,1
28801,0.3214455369188752,1
23873,0.32144409587248,1
24942,0.3214068494146815,1
16009,0.321401152159794,1
22093,0.3213997461177806,1
28687,0.3213908397406676,1
22170,0.32138634184159953,1
21605,0.3213697122604017,1
24163,0.3213636368367969,1
21087,0.32136008310677444,1
6399,0.32135124899647893,1
19787,0.32133009090292997,1
15296,0.3213288213329479,1
3945,0.321311797870729,1
11346,0.32125991301836715,1
13825,0.32125411399659887,1
15987,0.32124619960088263,1
5213,0.32123794758911023,1
400,0.32123336001853525,1
20358,0.3212256617313255,1
29317,0.32122366592531415,1
24726,0.3212149717980655,1
26710,0.321204484661312,1
24732,0.32115353062842217,1
4475,0.32113851174671937,1
24165,0.321120160979744,1
2917,0.321103300001247,1
29101,0.3210982929091674,1
22434,0.3210834575407433,1
29431,0.321062140516884,1
14833,0.321051398832605,1
28192,0.32102305348787674,1
27747,0.32099445444542274,1
22124,0.32099350397379334,1
17723,0.320920042197208,1
25457,0.3209199018902463,1
30751,0.32089302546046433,1
8394,0.320885008740089,1
3343,0.3208817484791998,1
15030,0.32087225234980066,1
12017,0.32087174771837274,1
8503,0.3208622757866215,1
17818,0.32085738378891615,1
2768,0.32085509254930694,1
9913,0.3208317397857902,1
23975,0.3208251493741774,1
13673,0.320821922046259,1
26378,0.3208036145687529,1
4021,0.3207984710046006,1
17906,0.32078804881392675,1
22573,0.3207854518270463,1
27524,0.320785076927106,1
11361,0.3207824726403556,1
16020,0.32077126678099505,1
6328,0.3207418279497169,1
14336,0.32073619345663273,1
30695,0.3207153994383368,1
14448,0.32070568277392353,1
19024,0.320703150051052,1
12435,0.3206869001280742,1
30581,0.32067478952259454,1
18670,0.3206710283492923,1
21869,0.320646199961298,1
4754,0.3205885691297472,1
6198,0.32057784492906344,1
17086,0.3204905103169184,1
6168,0.32045962025383473,1
10351,0.32041922548831,1
13195,0.32040182683078805,1
20966,0.320376744851918,1
27262,0.32033508448090103,1
17026,0.32031258226780074,1
8631,0.3202869324793543,1
2320,0.3202143800506238,1
20125,0.32020942977545536,1
12157,0.32020091588991656,1
7214,0.32016238747064174,1
27335,0.3201580062980266,1
14454,0.3201257153507878,1
24935,0.32011422649076976,1
4883,0.3200970430382112,1
17683,0.32007030782970214,1
24175,0.32006281243869233,1
23563,0.3200584357029604,1
30562,0.3200554808663749,1
29728,0.3200338637021359,1
22404,0.32003017007236556,1
2328,0.3200207572374786,1
5533,0.32001011388348516,1
23683,0.32000661397330243,1
30698,0.31999509906879875,1
9054,0.31999086792352194,1
5474,0.31998034202472636,1
24997,0.31997189554679983,1
15404,0.31996701427394636,1
9579,0.31996006398300647,1
22671,0.3199536159598251,1
12098,0.3199395537842297,1
52,0.3199287068761018,1
21708,0.31990695318105655,1
278,0.319905985720489,1
20889,0.3198751474856,1
8701,0.3198746610439155,1
9666,0.3198722631538655,1
12443,0.3198634767846743,1
26699,0.3198611541771561,1
26286,0.3198607041738772,1
11725,0.31985141837440223,1
21490,0.3198514134786962,1
9699,0.3198383075437562,1
31322,0.31983438392718017,1
9916,0.3197981866611611,1
10353,0.31979196030041146,1
20891,0.31978882331670033,1
2153,0.3197867901487596,1
3069,0.3197784463523083,1
19140,0.31977496548749434,1
28045,0.31977338112077536,1
16853,0.3197444007569155,1
27348,0.3197262444932132,1
29140,0.3197218512077079,1
7950,0.3197218159502895,1
10546,0.3197089749036059,1
15099,0.31970512430290215,1
19029,0.3196872357964173,1
27585,0.3196777087936125,1
25724,0.3196744944885312,1
1956,0.31967367161999527,1
15712,0.31967163816635447,1
27873,0.3196622262020817,1
22490,0.31966159596942584,1
30738,0.31965484770268116,1
6758,0.3196455459851721,1
23708,0.3196203373565264,1
24401,0.31961965843478657,1
22952,0.3195914642023913,1
20458,0.3195841115512749,1
781,0.31957900022268615,1
23661,0.31957609949941995,1
7867,0.3195733372913294,1
23722,0.3195725705198345,1
16882,0.3195697666431531,1
10786,0.3195537199910803,1
26247,0.31951970183099404,1
19644,0.3194897425687464,1
17948,0.31947121407439505,1
5062,0.3194473148877352,1
1938,0.31944357051765154,1
1689,0.31944263895829345,1
13584,0.3194343745477061,1
4378,0.319434059164753,1
23877,0.3194255716129225,1
28522,0.3194145103926507,1
14650,0.31936679395913065,1
23384,0.3193620637915353,1
21487,0.3193283828804557,1
3769,0.3193046228252626,1
15917,0.3192935462312859,1
9345,0.3192520884256595,1
17595,0.3192466365064615,1
14835,0.31924657226807895,1
216,0.31923877602600453,1
1207,0.3192260209819106,1
6087,0.31920987447763144,1
14965,0.3192060599798534,1
22304,0.3191970150891146,1
3782,0.31919622366693845,1
12977,0.31919277181196654,1
12143,0.31916668498466644,1
22875,0.31915280731451345,1
12379,0.31914380791580077,1
25273,0.3191392432127248,1
21749,0.3190823020109661,1
20303,0.31907463565562216,1
31175,0.31906628279666127,1
20079,0.31905824564329033,1
7847,0.3190525735534491,1
7953,0.31904379853380266,1
24307,0.3190362266575784,1
22310,0.3190137039505021,1
5021,0.31901224823170177,1
30131,0.3190018091234071,1
7458,0.31898165853285776,1
880,0.3189795377984678,1
19143,0.31897229789604886,1
9519,0.31896525964787126,1
16939,0.3189582074118482,1
17166,0.3189523207684456,1
23902,0.31895150553304785,1
1077,0.3189378554914965,1
24770,0.3189199751037468,1
13740,0.31887982738613674,1
2389,0.31887466484116833,1
19601,0.31887440414595447,1
30520,0.31883149574620706,1
21506,0.3188198449466765,1
29119,0.31881896262215237,1
24553,0.3188169292745982,1
26152,0.3187091954999371,1
26013,0.31870809877420525,1
13187,0.31870344742232115,1
27627,0.31869618766439345,1
4426,0.31868554336328936,1
7111,0.31868176986507785,1
11975,0.31867558592283696,1
6089,0.318613995901799,1
4696,0.3186007316347201,1
8077,0.318587791011097,1
26399,0.3185802919437565,1
12808,0.31855034823655337,1
5102,0.31854058786497635,1
7366,0.3185351724392389,1
18865,0.3185295230389539,1
28817,0.3185263194632404,1
28295,0.3185221749380829,1
12368,0.3185191198252755,1
8809,0.31851387782547247,1
5216,0.3185052494251484,1
1506,0.31849941719131686,1
7519,0.3184895681592802,1
11726,0.31848587109080706,1
990,0.31847944233263387,1
31309,0.31845532314592156,1
3946,0.31844987390266716,1
30074,0.3184388904479534,1
26038,0.31843034267420484,1
18673,0.3184086314518229,1
23462,0.3184031357289918,1
5005,0.3183993219501178,1
23023,0.31839910881003886,1
2541,0.3183968706467761,1
16196,0.3183923833307783,1
20678,0.31838029718321875,1
777,0.31837224371481176,1
14178,0.31836118248826173,1
477,0.3183201975447777,1
21827,0.3183194375826167,1
5250,0.3182958174850766,1
1334,0.3182926223777114,1
11338,0.3182888474654033,1
20380,0.3182790425168331,1
9665,0.3182751578513529,1
5031,0.3182572586749938,1
21825,0.31823454456976813,1
12861,0.3182205948180768,1
6835,0.31822042571291315,1
18084,0.31818343367470087,1
23932,0.31815995994725527,1
19622,0.31815177178588344,1
19347,0.31813355676822236,1
13549,0.31812093948015,1
15263,0.31811764246767393,1
24959,0.31811762970315655,1
23565,0.3181150259978645,1
19660,0.31811371008708283,1
18379,0.3181092016585783,1
31122,0.31810908389465714,1
16310,0.3180912162544246,1
17729,0.31807092054529,1
2984,0.3180629059241159,1
24097,0.31805524988577266,1
22309,0.31802698430326476,1
23895,0.3180206972534671,1
5470,0.31801736118599505,1
24279,0.31801134307252943,1
6064,0.3180096233177583,1
5757,0.31800879487757505,1
16173,0.31799848448074564,1
28831,0.31798836476257053,1
9026,0.31796990218298965,1
25026,0.31796330015059415,1
28227,0.31795791907500026,1
11457,0.317943349752224,1
3910,0.31788428060097595,1
22660,0.3178779496387737,1
1991,0.31787680249004246,1
23366,0.31787296323899455,1
14985,0.31787184583441747,1
15174,0.31786947897270573,1
232,0.3178656543359578,1
16719,0.3178544422591365,1
2402,0.3178496977089102,1
28004,0.3178336256331611,1
26837,0.3178157273232111,1
10751,0.317809392930256,1
5713,0.31779120418201096,1
9958,0.3177681233100336,1
3513,0.3177515956987504,1
2486,0.3177449252498857,1
8470,0.31773534834931744,1
21573,0.31772360283334516,1
14377,0.3177218091915472,1
29320,0.317693396233764,1
13923,0.3176874173059955,1
18852,0.31768383470996314,1
5201,0.3176373921283778,1
7627,0.3176328576864973,1
7399,0.3175952765612074,1
7814,0.3175891986569496,1
26213,0.3175842738359959,1
22503,0.31756212059783545,1
18708,0.3175364633243459,1
25006,0.3175212135339189,1
12177,0.3174949490879105,1
4065,0.317484108932892,1
5100,0.3174358014248164,1
17471,0.31743329051186636,1
20426,0.3174293701043654,1
11609,0.3174278872901612,1
327,0.31742373854732475,1
24366,0.3174204188380931,1
5629,0.3174046874580578,1
11574,0.3174032361126966,1
648,0.3173989412643426,1
13267,0.3173844200365682,1
14131,0.31738036614741083,1
9404,0.3173764799987204,1
12561,0.31737297381587665,1
24358,0.3173077443977681,1
20629,0.3172969987781489,1
19783,0.3172765656017546,1
20994,0.3172650422671052,1
18599,0.31725706740334053,1
15976,0.31722377597747287,1
19092,0.3172200022268211,1
15624,0.31721724367087145,1
1274,0.3171847219695729,1
9854,0.3171840672352242,1
11934,0.31717989753375375,1
13356,0.31716324124109163,1
11415,0.3171485181017291,1
10548,0.3170669485658917,1
4441,0.3170232155735344,1
21788,0.31702181908064736,1
13602,0.31699503649266403,1
24870,0.31699461374732224,1
769,0.31698063589515024,1
4350,0.3169663953448279,1
21991,0.3169540430664839,1
8322,0.3169252510901261,1
12003,0.31692504072928385,1
5073,0.3169250315419976,1
25975,0.3169161233746676,1
22166,0.31691515632876255,1
11516,0.3168951460567669,1
10624,0.31684275449300603,1
1843,0.31683371053772186,1
18442,0.31682094137140043,1
18257,0.31677505337034667,1
16186,0.31675969729144154,1
27122,0.3167307611727362,1
7381,0.3167202075797941,1
30170,0.31671674428226,1
1368,0.31671509581342755,1
22911,0.31671467255267394,1
23235,0.31669894049943864,1
11980,0.31669405160845326,1
25867,0.3166579546556102,1
15244,0.3166448660328262,1
18520,0.3166385476069394,1
7836,0.31660153372504884,1
24891,0.3165873274833582,1
12995,0.31657704394832964,1
7855,0.31657441706979467,1
17027,0.3165633853587514,1
27143,0.3165629636133153,1
10175,0.3165601015590055,1
4568,0.31649576367437465,1
27017,0.31648456700643396,1
395,0.3164807216855622,1
14349,0.3164796381240147,1
9310,0.3164768805175376,1
23878,0.31647331886133234,1
6645,0.3164714981910808,1
4668,0.3164711078070751,1
22707,0.3164106351584762,1
7239,0.31637011872554305,1
31089,0.3163650703223439,1
17926,0.3163594508518959,1
17620,0.3163554672363893,1
11049,0.31635206951135886,1
11810,0.3163516491010706,1
16473,0.3163398862579071,1
25406,0.31633982698171326,1
25943,0.3163302927054442,1
12675,0.31632617904919313,1
10606,0.316317312531209,1
4761,0.31628428512986106,1
30729,0.3162743345622022,1
5687,0.3162678733668659,1
7118,0.3162635412669044,1
6760,0.3162474587557627,1
1448,0.31621699754668087,1
13873,0.3162107387001297,1
21599,0.3162100276870628,1
9791,0.3161930216653708,1
14939,0.3161665044572362,1
23365,0.31614772044057426,1
18512,0.3161285693140751,1
19767,0.31612845656145505,1
13647,0.3161189993811342,1
22584,0.3160954085942909,1
19589,0.3160749411981745,1
5501,0.3160574363524593,1
9029,0.316045977134893,1
9013,0.31604500756112514,1
12481,0.3160438773059136,1
27803,0.31604061082254076,1
11962,0.31603893645382114,1
27913,0.31601658500248375,1
2472,0.31600329326439885,1
24011,0.31600167502196,1
19790,0.31600038859514074,1
15603,0.3159894196836807,1
2005,0.3159792865595444,1
26982,0.31595768293007054,1
7349,0.31592785584279554,1
14936,0.31592751403969704,1
7316,0.31590784532437494,1
8444,0.31590749190234013,1
28454,0.31589575138930115,1
9438,0.3158905974650594,1
31346,0.3158868163563007,1
20422,0.31585875473752284,1
28638,0.3158574668765502,1
10724,0.31585487320070466,1
14600,0.31585476704066734,1
16472,0.31582937541354356,1
1896,0.3158293525111801,1
9402,0.3158265900352192,1
5392,0.3158116569274486,1
26404,0.3158084803750018,1
15576,0.31575748032235806,1
14058,0.31575395787082927,1
7179,0.31572324527032375,1
18075,0.3156988588031478,1
15704,0.3156987247247662,1
1260,0.31569488512548427,1
18801,0.3156859310983786,1
21515,0.3156827396592197,1
1788,0.31565804069054265,1
7765,0.3156214960302214,1
23991,0.31560730373796636,1
28079,0.315585755760961,1
3908,0.3155728932735595,1
17897,0.3155550634139112,1
21361,0.31554067747142633,1
13011,0.31548553041440813,1
26681,0.31547559620242926,1
15678,0.3153853198644257,1
5331,0.3153731049567258,1
24560,0.31534357884287645,1
6101,0.3153244371357067,1
26190,0.3153111972820335,1
28897,0.31530796008093603,1
10661,0.31525913608875206,1
21508,0.31523392443064757,1
12284,0.31523344749396515,1
13407,0.3152127770237358,1
8436,0.31520585301535264,1
9712,0.31520365692920177,1
14635,0.3151852023001144,1
4235,0.31517507718788756,1
16101,0.3151254673504105,1
29381,0.315102340962522,1
8911,0.31509402498040795,1
27325,0.3150825759328378,1
28144,0.31507349059390044,1
155,0.3150358725449525,1
8303,0.3150307426147756,1
27184,0.3150136010839262,1
6411,0.3150068806167534,1
11759,0.31499210067216843,1
2192,0.31497325646046936,1
1038,0.31496052547293785,1
8921,0.3149462459109259,1
3534,0.31493975150711434,1
4765,0.3149391798731086,1
27980,0.3149306699622123,1
8118,0.3149285138177826,1
27973,0.3149208026526749,1
5535,0.31491476703869414,1
25825,0.3149141092135682,1
15037,0.31491168808832426,1
13506,0.3148921774243583,1
31301,0.31488892724761575,1
13383,0.3148585437926068,1
28820,0.31485362492173224,1
10942,0.3148204414351554,1
30423,0.3148088504534714,1
29972,0.31479158834943394,1
27919,0.3147725639285893,1
23566,0.3147558407358157,1
19560,0.314747582378876,1
59,0.31472488167928087,1
8388,0.31471760836959584,1
15219,0.3146987246048482,1
15845,0.3146914689344264,1
8105,0.31469058821407625,1
1515,0.31468665363927034,1
19082,0.31468485395762097,1
10884,0.3146829951341197,1
10659,0.3146504209956301,1
13336,0.3146472521856697,1
2536,0.3146401546145124,1
20169,0.31460885529817334,1
3222,0.31460755833149007,1
28991,0.31454899973830713,1
6370,0.314533027469075,1
12107,0.31452930521952877,1
3256,0.31448359693711325,1
6184,0.31447359835764543,1
22296,0.31445893825232546,1
25613,0.3144496384173131,1
19626,0.3144388909393182,1
5209,0.31441770293990023,1
4790,0.31440958594763924,1
20126,0.3143985591622915,1
24557,0.3143896661260662,1
13808,0.31437648002333585,1
9429,0.3143604744977653,1
26715,0.31431810701060386,1
15865,0.31431248741143375,1
25302,0.3142931182576222,1
16463,0.3142872867853264,1
17853,0.31428724985252543,1
9510,0.31428135302881877,1
19026,0.31426109630435417,1
25833,0.3142138624962472,1
16940,0.3142024971275984,1
28936,0.3141726189520164,1
15439,0.3141618327743553,1
28073,0.314159780526348,1
4640,0.3141592457711073,1
26285,0.31414769630966194,1
8553,0.3141217557181819,1
12452,0.31411160724766346,1
10641,0.3140984538744921,1
5087,0.3140945589458198,1
18559,0.31408965526064153,1
2684,0.3140496354173094,1
6392,0.3140254040411566,1
5277,0.31401847172460795,1
30373,0.3139848267639625,1
13597,0.31398145848389236,1
17567,0.313947544859316,1
11307,0.31392252874532117,1
3764,0.3139206522106242,1
16714,0.31390710568288493,1
14202,0.31390308051873655,1
22449,0.3138925135608849,1
6049,0.3138757824463918,1
9159,0.31384353370648876,1
2848,0.31383198868239165,1
15766,0.313828154995254,1
20198,0.313823466301728,1
4479,0.3138177116558444,1
26099,0.3138115048001773,1
29496,0.3138025393511448,1
12540,0.313779127357504,1
6753,0.3137671786905628,1
31229,0.31374970344851216,1
9444,0.3137480590138672,1
25318,0.3137394721568986,1
1115,0.3137391482911331,1
23524,0.3137369141099221,1
31303,0.3137315131406201,1
1576,0.31372951126471565,1
6279,0.3137168488200001,1
17995,0.31370639733635697,1
9563,0.31370569155989897,1
5149,0.3137056161287126,1
4779,0.31369945418579875,1
20318,0.31369770948554515,1
15805,0.3136953741111306,1
29861,0.313692003719829,1
20209,0.31369104444999596,1
17856,0.3136890862201636,1
14029,0.3136774013501292,1
23525,0.31360495506683217,1
142,0.3136026240082536,1
8889,0.313586625493641,1
4749,0.313538862428359,1
10485,0.31352481226500845,1
2590,0.3134998410967449,1
24138,0.31346917548638514,1
11854,0.31344862472379725,1
9549,0.31342807724958016,1
30522,0.31342604874493674,1
2975,0.3134217579447369,1
24421,0.31340795996831394,1
21833,0.3133939655610941,1
31269,0.31337957428839963,1
19846,0.31337536988575415,1
14950,0.31336376216003375,1
17263,0.3133549671540871,1
9710,0.3133242957671188,1
1831,0.3133168357972541,1
6695,0.31330195544345474,1
6923,0.31330146971399864,1
13788,0.31327581905240715,1
14326,0.3132703288689614,1
24314,0.313249537056324,1
3419,0.31322061114720523,1
18780,0.3132009181052237,1
21878,0.3131698505301445,1
13020,0.3131547762769801,1
26478,0.3131521424046109,1
13424,0.31312966101340506,1
26836,0.313128491056448,1
7174,0.31312622956250064,1
20544,0.31311935915956896,1
312,0.313105849475508,1
10434,0.31310039893208835,1
20928,0.31309110753676606,1
8530,0.31308064998852836,1
19320,0.31308063360607585,1
22734,0.3130719585271108,1
25563,0.3130622477636526,1
16185,0.31305093756464075,1
28681,0.3130470480673936,1
20421,0.31302839638153473,1
9534,0.3130151849998958,1
31338,0.31301464865552636,1
23548,0.31301344109084495,1
13994,0.31301106501084,1
15466,0.3129997473148592,1
10233,0.31298904550595147,1
30582,0.31295845430527264,1
9822,0.31294065165853374,1
9713,0.31291378503040546,1
659,0.31291011464350416,1
22208,0.312901300587673,1
10699,0.31290053423196573,1
18669,0.3128902187328099,1
16275,0.3128869723539933,1
6310,0.312870404659564,1
24225,0.3128701925372808,1
14710,0.3128689582175117,1
28422,0.3128652361543543,1
13271,0.3128604610342909,1
26165,0.3128112224265662,1
12384,0.31280918605999647,1
24603,0.3128079392800361,1
6143,0.3128063820826059,1
11004,0.31280594044754556,1
16024,0.31278524280002407,1
4265,0.31274934255968584,1
15565,0.3127475196150511,1
23669,0.3127447255985735,1
1904,0.31273534856187085,1
23481,0.31272332002550934,1
930,0.3127218941231729,1
29504,0.31268353471789156,1
16233,0.3126454473467126,1
8449,0.3126406820137823,1
23658,0.3126330057855974,1
26009,0.31262942586111137,1
8421,0.31260113866674055,1
31206,0.3125964332599464,1
4363,0.3125771247151075,1
15883,0.31257053928403633,1
7843,0.3125700557034616,1
9290,0.31256241236041205,1
288,0.3125108548541668,1
13270,0.3124799177959386,1
21884,0.3124733969248783,1
30623,0.3124711324780441,1
25669,0.31245253512745313,1
3303,0.3124332807629852,1
26439,0.31243129575512696,1
8207,0.3124301521918172,1
26614,0.3124016495337279,1
23113,0.3123911089817952,1
9653,0.31238226960800786,1
10542,0.31237963240764954,1
28143,0.31235960962369697,1
25999,0.312356704166304,1
7764,0.3123545413720818,1
16499,0.31232984015681653,1
5895,0.3123225076752341,1
7725,0.3123012350013383,1
1060,0.3122965012900132,1
3261,0.3122878031741187,1
22636,0.31226930932871644,1
13845,0.31224960377222166,1
9788,0.3122398554331024,1
3241,0.3122360126886602,1
7436,0.31222768555689145,1
30425,0.3122235293306808,1
30289,0.31222342093594135,1
10933,0.3122232097175755,1
24035,0.3122226345960224,1
24424,0.3122211442614212,1
17358,0.312200292543089,1
1423,0.3121851908770091,1
4429,0.31218492364565514,1
9540,0.31217671270111264,1
6783,0.31213528054191764,1
26,0.3121281990108149,1
2799,0.31211221866703937,1
16979,0.3121081205454747,1
13779,0.31210156715901427,1
2433,0.3120961281450643,1
28634,0.3120835542262056,1
19780,0.31207846549620516,1
29151,0.3120734581873805,1
7733,0.31207068535861,1
19285,0.31205720972000645,1
858,0.3120332699705697,1
27660,0.31201952760467966,1
22722,0.31201944386813985,1
22191,0.3120000921837054,1
19536,0.31199696759932605,1
9464,0.3119799149064118,1
711,0.31197153111775744,1
3115,0.31193698154749044,1
13701,0.31192454085470556,1
19952,0.31192430003678323,1
12924,0.311908700121265,1
12322,0.31189191604468136,1
8408,0.3118790068894617,1
17738,0.31186801673793857,1
3328,0.31186166720041114,1
21103,0.31184846815917244,1
24104,0.31183560583083875,1
8807,0.3118187685288076,1
4317,0.3118036601292588,1
23106,0.3117972338332867,1
24161,0.311784562848743,1
28675,0.31178145629847753,1
21517,0.3117767366455659,1
22326,0.31177232169204405,1
30773,0.31175417812517364,1
27701,0.31174711825698254,1
11534,0.3117350173658145,1
23670,0.3117306549333348,1
30920,0.31172841107788196,1
139,0.3117243077747306,1
11930,0.31172361305633406,1
21534,0.31170163384372324,1
12500,0.3116978122342665,1
22652,0.3116945689370938,1
20382,0.3116886643509219,1
8398,0.31168590268737423,1
11621,0.31167087781382985,1
22596,0.3116633772641284,1
13409,0.31164542383448685,1
164,0.3116360011400207,1
2205,0.3116185842414482,1
9436,0.3116068128066074,1
902,0.31157699713892195,1
22795,0.3115769149213715,1
19313,0.3115633323191715,1
25370,0.3115509702103033,1
780,0.3115495261222372,1
1133,0.3115455198801253,1
25542,0.31151871661867897,1
25868,0.3115153860125255,1
5351,0.3115034414578566,1
15776,0.31150279059390884,1
22900,0.31147421514332185,1
9878,0.31142197062791366,1
6633,0.3114117732362459,1
24669,0.31138719635574874,1
17811,0.3113691772682696,1
10467,0.31136076383029715,1
22987,0.3113607118042042,1
17508,0.31136016348237805,1
28740,0.3113549197772211,1
25621,0.3113456880078283,1
26781,0.31134301868724007,1
17164,0.3113256032590549,1
31196,0.31132412744253946,1
21094,0.3113016432154559,1
27002,0.3112908143467078,1
26619,0.31126690953686986,1
13990,0.3112621519170063,1
13012,0.3112620153363983,1
21448,0.3112564676088153,1
30494,0.3112450238667526,1
7890,0.31124136845914735,1
17018,0.31120106187758906,1
17709,0.3111938774714249,1
21135,0.31118748079249214,1
5354,0.311130022221669,1
25282,0.31111100089590304,1
21250,0.3110854633567348,1
14807,0.31104984476197983,1
23959,0.31101629211780896,1
15277,0.3109955928247778,1
26975,0.3109910894904944,1
25945,0.31098213545300185,1
25648,0.3109590257753824,1
14805,0.3109542183323153,1
4743,0.31094867952135014,1
22962,0.3109292975523535,1
23535,0.31091445525959754,1
16561,0.3109133606347563,1
16292,0.3109021865229176,1
6809,0.3108856135071449,1
14003,0.3108850168370887,1
20559,0.3108790243326038,1
709,0.31084817991533886,1
26633,0.3108478915832978,1
20014,0.31084120419329997,1
17292,0.3108359235365113,1
21473,0.31082393619617205,1
12691,0.31081988472028643,1
20658,0.31080822475000186,1
15984,0.31079890539240407,1
5803,0.31079626352013945,1
14365,0.3107842360113505,1
5809,0.310782255295445,1
14568,0.31076663473388744,1
7002,0.3107615077145998,1
1243,0.31074021030447696,1
12387,0.3107242493979731,1
28135,0.31072083803886036,1
23268,0.31071539821588345,1
24454,0.3106889122414173,1
14670,0.31068221031925813,1
19186,0.31066342239794315,1
14773,0.31062542992413095,1
26761,0.310624690330364,1
607,0.31061439462837037,1
22122,0.31060810128186356,1
24815,0.3106068177781031,1
3239,0.31059219477325306,1
16128,0.3105801889447976,1
7665,0.31056561290721924,1
29078,0.3105575650234891,1
28109,0.31055553548898973,1
1050,0.31055435186459773,1
19869,0.31052979796683505,1
30457,0.31052502759582096,1
28913,0.3105199341855206,1
19053,0.3105096187398725,1
514,0.31049848215585046,1
13575,0.31049814028710077,1
1269,0.3104737408303021,1
2276,0.31042274017377647,1
17970,0.3103972789770736,1
23341,0.31038664887010003,1
21406,0.31038251462791505,1
19836,0.31038140586934004,1
22160,0.3103475336134361,1
15719,0.31034515337853213,1
5866,0.3103339627691841,1
13502,0.31032322773436116,1
23252,0.3103132298554385,1
21532,0.31031111303656767,1
18504,0.3103052910960861,1
6885,0.310294402314262,1
26578,0.3102943711042909,1
5554,0.3102841359499456,1
5636,0.3102770913618752,1
20947,0.3102505330626486,1
17386,0.31024633636487015,1
26445,0.31024016304953517,1
18446,0.31022238367154925,1
21026,0.3102064880182882,1
4203,0.31020461772304786,1
8931,0.31019835452390393,1
6521,0.31018756296826117,1
27864,0.3101835249126463,1
3720,0.3101797858215924,1
8048,0.31016339154428957,1
27760,0.3101604477155035,1
23273,0.31014535363446144,1
21918,0.31013824427221687,1
27615,0.3101373134360067,1
2257,0.3101355245314223,1
16235,0.3101327453517852,1
15920,0.31008304560429173,1
5251,0.31005652152637586,1
7333,0.3100544112561322,1
25091,0.31005366904160825,1
429,0.31003463959957095,1
9711,0.3100297884343533,1
23447,0.31002838252382864,1
14820,0.31002104479337417,1
23345,0.3100125829747223,1
13616,0.3100029583679419,1
10125,0.3099841099045094,1
11560,0.30995375062148284,1
16656,0.3099331350258683,1
15849,0.30993281147219465,1
21513,0.3099145069955529,1
22856,0.3099144401018121,1
27630,0.3099125681292356,1
7849,0.30990762928122234,1
6820,0.3099029995095249,1
12687,0.30990152005150295,1
26926,0.3098916360998747,1
28285,0.30989065778235636,1
12548,0.3098863377899788,1
8374,0.309878793149795,1
30275,0.3098721537531065,1
24877,0.3098618309216033,1
9427,0.30985193550800644,1
3967,0.309793887453641,1
30426,0.30977015173909106,1
22416,0.3097546421848724,1
25283,0.3097258432624883,1
4245,0.30971195320369704,1
20368,0.3097073032902858,1
10570,0.3096908527223845,1
20676,0.309665192761291,1
9431,0.3096536965449459,1
15929,0.30965298836824184,1
28122,0.30962222867641664,1
15708,0.30956541911696045,1
364,0.30955523104007365,1
12228,0.3095513691113569,1
9315,0.30954944280634217,1
30416,0.3095480202356654,1
57,0.30953514330584375,1
24145,0.30952257530174676,1
22153,0.30952137028774535,1
3299,0.30951796405509246,1
11050,0.309510528322933,1
16572,0.3094811438243433,1
22796,0.3094722185045882,1
12315,0.30946990913256117,1
23009,0.3094583922803357,1
13285,0.3094546524385985,1
8939,0.309423198845441,1
7404,0.30942283678782556,1
28456,0.30940887339778117,1
30127,0.3094085709860581,1
1414,0.309406056067982,1
30216,0.3093997746309744,1
14919,0.3093852165546809,1
206,0.3093811116945565,1
9020,0.30936319260402373,1
11638,0.3093631649873143,1
24479,0.30935544734735987,1
6180,0.30934544492194366,1
1610,0.3093278827292293,1
26959,0.30932282845808584,1
2412,0.3093044049192345,1
19291,0.30927229933613615,1
16700,0.30926455159365135,1
30966,0.3092613025309513,1
23282,0.30925385148716716,1
16456,0.30925359738680575,1
29897,0.30924989598134023,1
12841,0.30923332865590053,1
29189,0.3092133855849503,1
6377,0.30920815421121645,1
4081,0.3092015412016184,1
20094,0.3091899541431187,1
25598,0.3091890081741758,1
14638,0.3091866858507808,1
17030,0.30918380350244223,1
11542,0.309182754525089,1
30085,0.3091805291961943,1
10408,0.3091656317891793,1
8596,0.3091486995006737,1
16402,0.3091340023365513,1
3827,0.30909030618779537,1
22951,0.30908951873823337,1
3251,0.309045751801947,1
13954,0.3090423031029823,1
29142,0.3090330133048477,1
15956,0.3090136199963407,1
30066,0.30900403232467655,1
5325,0.308954638771592,1
29342,0.3089345885797896,1
20007,0.3088929293692757,1
4750,0.3088881034358918,1
30847,0.3088628650748381,1
9771,0.30884313047426903,1
19046,0.30883189969346114,1
23746,0.30882876948239646,1
17736,0.30881428369506003,1
8704,0.3087840293451087,1
18243,0.3087766618875414,1
26977,0.3087364891450532,1
86,0.30871241752881223,1
15107,0.30871111239811955,1
872,0.3087009680235712,1
1504,0.30868798748083176,1
12417,0.30868512561786887,1
31136,0.30868310940715904,1
22199,0.30863455598771494,1
24230,0.30860791750156413,1
18618,0.30859762789344136,1
17823,0.30856528707354447,1
13601,0.30853595060355665,1
12408,0.3085137350944876,1
7177,0.3085097011611667,1
10289,0.30850927625981217,1
11343,0.3084993991488964,1
28368,0.30848493297259233,1
12735,0.30846495237509974,1
13099,0.3084594445775955,1
2969,0.308457136014698,1
24178,0.3084260125861097,1
22801,0.3084243981780929,1
26140,0.30841005318791676,1
108,0.30840548189826533,1
19674,0.30840473344325153,1
16893,0.30840060906998795,1
6803,0.30837304200340887,1
10852,0.3083722572480626,1
7718,0.308362880784832,1
23045,0.30836073341387665,1
10146,0.3083556888335577,1
13480,0.30834427648243,1
2972,0.3083391246252628,1
13946,0.3083335819679473,1
1690,0.3083225341758784,1
3642,0.3083184535045833,1
16052,0.30830126881526726,1
3555,0.30828995557468686,1
22791,0.3082895901165691,1
9341,0.30828904003880675,1
5056,0.3082840303280545,1
10052,0.30824700456855875,1
30469,0.3082284347195463,1
9487,0.308213666054118,1
26149,0.3081996986724043,1
2612,0.30818604345758704,1
12176,0.30817931640678575,1
27390,0.30817347537609063,1
16238,0.30817178212647894,1
22061,0.3081589528850231,1
11023,0.3081554792487704,1
3784,0.30814027786230386,1
26436,0.3081285389930065,1
27697,0.30812569560610714,1
7407,0.3081202839806619,1
22583,0.30811235494386885,1
4196,0.30811209387363514,1
6717,0.30810638265310436,1
1559,0.30809615229560683,1
6432,0.30806183700644507,1
8439,0.30805394535296116,1
19817,0.30804898208206577,1
15339,0.308048778019399,1
22910,0.30804426580899175,1
14733,0.3079995382810302,1
31154,0.30799318015971133,1
23986,0.30798122535861266,1
10279,0.307976559757298,1
17523,0.3079681939110987,1
7313,0.30796637402004484,1
28988,0.3079654146493327,1
18234,0.30795954639174344,1
14545,0.3079581018242875,1
17189,0.30794045413760085,1
27093,0.3079395658692886,1
13867,0.30792461980621083,1
6728,0.30791843111891115,1
28035,0.30791663366409505,1
28529,0.3079057791684947,1
10644,0.3079019447593607,1
22654,0.3079018116539919,1
4236,0.3078927555340342,1
11117,0.30788403381090906,1
2938,0.3078799498391972,1
16898,0.3078645491701472,1
21692,0.30785318335124595,1
26405,0.30785162449131304,1
23313,0.30781671364964525,1
12245,0.30781585384785326,1
14546,0.30779379967073717,1
8397,0.3077927806081133,1
12486,0.30778902847970147,1
22411,0.3077853743900027,1
7822,0.3077501586312918,1
18110,0.3077272705847728,1
7245,0.30771763390105006,1
8435,0.307715537178179,1
9482,0.30768630580849743,1
10164,0.3076718076594842,1
1697,0.307655287106686,1
29171,0.30764832775163553,1
27819,0.30763501998815446,1
23420,0.30763340945131046,1
11845,0.30762845840520986,1
30630,0.30762660369211764,1
6466,0.30761444036234264,1
3252,0.30761301909983146,1
2632,0.30760689831863464,1
29004,0.30760335134665046,1
6870,0.3075820949420827,1
25948,0.3075694958142825,1
20921,0.30755564777358374,1
12153,0.30755321453652934,1
9785,0.30754426670025703,1
29036,0.30753670044164994,1
29367,0.3075045185745344,1
9703,0.30747894707830575,1
6018,0.3074579640015269,1
9948,0.30745370005466577,1
21580,0.3074449681670748,1
455,0.3074389449447324,1
15640,0.30742668569813864,1
6416,0.3074067630706455,1
30401,0.30738282178931386,1
24319,0.3073733096197245,1
3943,0.30735918973879234,1
20649,0.3073493486114978,1
7306,0.3073342382819024,1
22291,0.3073301870128056,1
6808,0.3073231762120509,1
2003,0.3073094843429223,1
30755,0.30724028348624033,1
14770,0.3072327691811584,1
11253,0.3072265483892993,1
14242,0.3072050900632859,1
25102,0.3071877703225145,1
3135,0.30718131627634476,1
24133,0.3071679326386243,1
8121,0.30715802226970096,1
24631,0.3071541086414788,1
6669,0.3071523686924745,1
11160,0.3071479976449601,1
19996,0.3071319539379035,1
30084,0.3071282047244978,1
26756,0.3071055980926228,1
4931,0.3071001459603368,1
16379,0.30707504244477346,1
9858,0.3070660693012596,1
19608,0.30706030752208996,1
9267,0.3070271994645666,1
23665,0.3070230108954622,1
18341,0.30701458266215,1
30409,0.307012711614002,1
19595,0.3070105662884555,1
14571,0.3070098507088889,1
16684,0.3070055101407525,1
19852,0.3069846058299909,1
5728,0.30697294376421214,1
28172,0.30697222676947966,1
25592,0.30694664722671267,1
31273,0.3069456381015306,1
15336,0.3069396499166965,1
6621,0.3069385138621888,1
6941,0.3069206783401022,1
23184,0.30690535476843217,1
2566,0.3069043939798276,1
11575,0.30689915829823994,1
30983,0.3068772928008702,1
27453,0.30687106093231764,1
17693,0.30686849449464193,1
1950,0.3068547922828002,1
16759,0.3068483459644033,1
4617,0.3068369439799937,1
20604,0.30682730167123146,1
21502,0.30682223703304173,1
21367,0.30678925139393853,1
635,0.306785937178578,1
11580,0.30676827342072827,1
283,0.306766766678326,1
8088,0.30676620089617995,1
5298,0.30673430804690094,1
12817,0.3067335320052119,1
15714,0.30673254171668174,1
23967,0.306725968307326,1
20188,0.3067218609616466,1
26565,0.3066900271671764,1
25530,0.30668048762945316,1
7690,0.3066614991212582,1
23568,0.3066601485045309,1
3808,0.30665720953285813,1
4093,0.3066537486690798,1
16766,0.3065803516245697,1
8373,0.3065792848479441,1
14084,0.30657600688339764,1
23482,0.30656970957873236,1
11019,0.3065560249816396,1
24797,0.3065327039710846,1
14581,0.3064978649366258,1
21437,0.30649488565276295,1
30529,0.3064940307916259,1
15655,0.3064833666479208,1
19648,0.30644948213536205,1
25126,0.3064410448117327,1
1189,0.30644044304861656,1
26549,0.30643856706092887,1
6486,0.30639711203703807,1
13942,0.30639415193767516,1
12446,0.30637433710505657,1
20681,0.3063435981926786,1
2639,0.3063398211811156,1
30932,0.3063396116128974,1
20326,0.306332702521529,1
4261,0.3063186150517586,1
24695,0.3063095866371011,1
13095,0.3062842766340015,1
24621,0.306229649086087,1
7567,0.30622018855237865,1
21091,0.30621381489650085,1
27323,0.30618733600602527,1
21022,0.3061730274924246,1
15962,0.3061659415974324,1
18515,0.30616152998989193,1
12186,0.3061612030822893,1
20627,0.30615838214454955,1
16913,0.3061499916572086,1
26129,0.30611848524041074,1
9580,0.3061024645226176,1
30573,0.30610204913680256,1
22806,0.3060942288191487,1
25522,0.3060876183178338,1
28590,0.30606427656518137,1
30262,0.3060623616842952,1
30616,0.3060466352269414,1
8362,0.3060462706609609,1
30828,0.30602883874640535,1
1333,0.30602535055323726,1
21491,0.3060160505742441,1
31025,0.3060065937971319,1
4757,0.30599863961483675,1
11123,0.30599250748898105,1
18477,0.30597831518578544,1
27452,0.3059754967154989,1
1620,0.3059587265420066,1
18836,0.3059576754132826,1
5557,0.3059100221589433,1
7889,0.30590615358998335,1
20630,0.30589334000378665,1
28305,0.305891130223886,1
13362,0.3058895324101015,1
9353,0.30588878267214725,1
29780,0.30587920789898665,1
12095,0.30585712831890627,1
4124,0.3058470968844534,1
2246,0.3058440327388885,1
29793,0.3058411366319651,1
20614,0.3058394384742425,1
26969,0.3058323674987805,1
26097,0.30583229731800815,1
21352,0.30581699235560433,1
3477,0.30581178454660835,1
19697,0.3058091208877547,1
8417,0.3057812037537524,1
24622,0.3057757310608854,1
6331,0.30576381657328455,1
17054,0.30576381496291843,1
20707,0.3057627228220575,1
4023,0.3057605502984668,1
16506,0.3057279466109065,1
6873,0.3057139941161227,1
19594,0.30569902946841454,1
11193,0.30568486634861647,1
30035,0.3056773626185006,1
25338,0.30567504380132976,1
3681,0.3056721001328354,1
9342,0.3056646168139581,1
15076,0.3056580448786769,1
26912,0.3056493382477179,1
13787,0.3056378431592115,1
13459,0.30563430732316754,1
24971,0.30561646985157503,1
3246,0.3056052284717899,1
6461,0.30560501122507977,1
28322,0.3055827316416936,1
11329,0.30557935103345757,1
28037,0.3055557631813727,1
27781,0.30555259894150205,1
22530,0.3055493854684227,1
21134,0.3055254701327181,1
15247,0.3055239050903423,1
26007,0.3054920326295416,1
15788,0.3054658284214656,1
31287,0.3054572117643881,1
15825,0.30545687689953027,1
3566,0.30543833115425906,1
11504,0.30541946220108274,1
22031,0.305407053266053,1
4068,0.3054045584984497,1
4900,0.3053974057370527,1
22233,0.3053877997847448,1
6136,0.30538696921073494,1
23014,0.3053804150976995,1
3414,0.30533952817370147,1
21698,0.30533075411873184,1
391,0.30532949425582667,1
22564,0.30532927403350657,1
15150,0.30532908400212244,1
29707,0.3053241524659614,1
29801,0.305301971614413,1
15486,0.30528449202820696,1
25757,0.3052764890326651,1
30045,0.3052694042256606,1
25526,0.3052689026298338,1
20638,0.3052547741175339,1
12591,0.3052515859615158,1
23413,0.3052373610372506,1
4858,0.3052359300784153,1
8348,0.30521731141963204,1
8715,0.30521569057436315,1
29918,0.3051987382592337,1
3718,0.3051954221444111,1
16295,0.30519185580187697,1
8770,0.30518030429756854,1
30638,0.3051789837993202,1
6314,0.30517483830064446,1
14617,0.30515452510902696,1
17201,0.30515291463789146,1
30905,0.3051523465345214,1
27804,0.30514620447060725,1
3935,0.30513335907548816,1
11620,0.30513253483239483,1
2797,0.30512613386459775,1
12150,0.3051217248901414,1
17388,0.3051190952986094,1
30877,0.30511450116567546,1
2167,0.30511414548644383,1
16537,0.30510623138950715,1
11615,0.3051015637443833,1
30158,0.30510135147399753,1
13662,0.305099895187595,1
778,0.30509647498857284,1
9314,0.3050877281639489,1
15657,0.3050573097261556,1
2420,0.305047752180298,1
16013,0.3050455679697739,1
27167,0.305043516657066,1
13617,0.3050259627651699,1
27715,0.3050144607137395,1
30417,0.3050124552314364,1
30432,0.30500859973794275,1
11098,0.30499300997567486,1
12662,0.30497865200494606,1
30675,0.30497617976607233,1
8808,0.3049733449430567,1
222,0.30496732367074486,1
29636,0.30495715601589707,1
23966,0.30495543838211914,1
27488,0.30494722278246367,1
6231,0.3049450048486959,1
29640,0.3049342512919921,1
10297,0.30493119451107775,1
3859,0.30492511346074874,1
13413,0.30492381961999815,1
27139,0.30488793032824113,1
21333,0.30486098455411825,1
28542,0.30485906585972783,1
21089,0.3048525127223587,1
18214,0.30481870016231294,1
22065,0.3048168026110158,1
2869,0.3048127084768776,1
20197,0.3047994909537784,1
27943,0.30479774521031916,1
4374,0.30479488969530727,1
8963,0.30478824219325573,1
5135,0.30476309912981986,1
25433,0.3047559268589304,1
21510,0.3047540008886262,1
17419,0.3047503601416715,1
9139,0.30472986774303956,1
16326,0.3047172147865282,1
19698,0.3047137088141273,1
29216,0.304709886373168,1
12943,0.3047045318704218,1
3669,0.30469114669917813,1
19803,0.3046835193435773,1
14052,0.3046825399897983,1
5626,0.30466983803160924,1
6647,0.30465327060953973,1
3976,0.3046441773697429,1
13634,0.30464280915124403,1
4011,0.3046407072209352,1
9071,0.30463948549155984,1
24562,0.3046257574484242,1
25968,0.30462429509054073,1
20141,0.3046206877693501,1
18630,0.3046168805649525,1
25326,0.30459439024114493,1
10612,0.3045910484299825,1
10714,0.3045718509411408,1
5350,0.3045701990688942,1
332,0.30455520989947005,1
1144,0.3045488438067345,1
29058,0.3045347921280941,1
14235,0.3045212809731074,1
25688,0.30451296728075944,1
19408,0.3044856995863305,1
15407,0.3044819354500532,1
172,0.3044732255007567,1
9622,0.3044704383581114,1
14620,0.30444320280594966,1
2121,0.3044390975908603,1
4961,0.3044203132228053,1
24302,0.304392360516835,1
1307,0.30438796864282197,1
12929,0.304386233699377,1
13995,0.3043784857207533,1
618,0.30435292561549193,1
23961,0.304350074784628,1
29148,0.3043486486192166,1
30566,0.3043383089735084,1
18061,0.3043352768492574,1
27005,0.3042962192496952,1
9726,0.30428084603534483,1
7500,0.30427271281349993,1
9539,0.30426688002009494,1
22857,0.3042136313831134,1
170,0.30421253808498155,1
21591,0.3042084110187261,1
1550,0.30420823137135383,1
16686,0.30420679021586244,1
4811,0.3042005415541466,1
19993,0.304192732363429,1
2837,0.3041700234179123,1
18260,0.3041700029262491,1
4727,0.30414945341150873,1
13038,0.30414389955132737,1
3798,0.3041397810956584,1
26031,0.3041341632491542,1
29759,0.30409355091767554,1
21837,0.30408525147578663,1
3462,0.3040608706959555,1
8531,0.3040473932168414,1
3330,0.3040422201168898,1
3056,0.3040180557667288,1
27074,0.3040095358768491,1
589,0.30400719184644703,1
21511,0.3039848200082107,1
14756,0.303983848003205,1
19671,0.30397532288025303,1
1458,0.3039703651977388,1
11899,0.30396913790218266,1
18768,0.30395366433700965,1
27364,0.30394213833940886,1
11544,0.30393588222471757,1
24003,0.3039229243030096,1
6981,0.30392283163324807,1
935,0.3039218651148422,1
20887,0.303919830500514,1
14479,0.30391782481281354,1
26677,0.3039131628377802,1
22051,0.30390076931315596,1
22329,0.30389842799108274,1
11281,0.303893653716571,1
22889,0.30389191568735185,1
1244,0.3038903585583861,1
24127,0.3038470883473998,1
25721,0.3038399041773956,1
3075,0.30383249164018694,1
9207,0.303831824863386,1
7795,0.3038227213532847,1
27915,0.3038196515689048,1
26657,0.30380378703340905,1
11919,0.30379197494105853,1
27732,0.3037849181348082,1
15022,0.30377973687794213,1
8495,0.3037604541592651,1
19069,0.3037401848332993,1
28449,0.30373203984021535,1
7431,0.3037292521334317,1
3990,0.3037283419075694,1
9933,0.3037280239945662,1
17589,0.3037207429913624,1
14036,0.3037202912159096,1
8060,0.30369946694518996,1
3802,0.3036923623577753,1
22895,0.3036768761232165,1
4322,0.30365224242297306,1
23051,0.30364815329021533,1
27212,0.30364543211137723,1
3667,0.3036234214370566,1
1803,0.30360698459323343,1
8834,0.30360369231481127,1
3789,0.30358246790331367,1
9111,0.3035780545277647,1
20112,0.30357209298188775,1
2006,0.30356459108233064,1
27000,0.30355673934759136,1
11994,0.3035545817401201,1
25322,0.303535642427337,1
423,0.30352413391756167,1
10058,0.3035161111006864,1
7488,0.3035042874712568,1
4594,0.3035042874466918,1
22129,0.30349965797969963,1
15081,0.303495428526723,1
12183,0.30349520050601875,1
27368,0.3034835110199611,1
819,0.30348208368440127,1
14520,0.30347801554953235,1
17849,0.3034651566547334,1
18197,0.3034603569383853,1
13596,0.3034598423307121,1
30064,0.3034483953000882,1
3709,0.3034454239498212,1
26211,0.3034343075535343,1
22350,0.3034255873505195,1
9891,0.30341648872860044,1
14587,0.30341318242785364,1
28860,0.30340382741273186,1
5824,0.3034006189322221,1
303,0.30339747758580077,1
11916,0.3033859788687039,1
27597,0.30336748676078973,1
4073,0.3033591357582438,1
17935,0.30335537577472427,1
1661,0.30335478807897825,1
24016,0.3033520411644838,1
22935,0.3033465804773154,1
9898,0.3033430657041844,1
5176,0.30332666973638406,1
4898,0.30332046819383407,1
16179,0.3033115640960903,1
22116,0.30330096684264307,1
2311,0.303294490124015,1
13015,0.30328966703627563,1
21357,0.3032873742673494,1
8616,0.3032821618448991,1
2563,0.3032762651482955,1
6643,0.30327561970297406,1
5903,0.30325451573488854,1
29132,0.3032490949805489,1
16946,0.30321887318803076,1
23331,0.3032180165210611,1
6824,0.30321700614507713,1
27446,0.3032020061219118,1
18056,0.3031863474303797,1
3520,0.3031829500956195,1
6379,0.3031651353148034,1
14183,0.30316019692974366,1
29556,0.30315343570416514,1
6550,0.30314748144664894,1
4244,0.3031385434052448,1
7501,0.30313081748866455,1
17707,0.30312252796101136,1
10851,0.30312227612303,1
15265,0.3031081241238189,1
6585,0.30310030578396135,1
9208,0.30306891813758385,1
13297,0.30306243360487595,1
8801,0.30303581476816344,1
9242,0.3030150568457697,1
13063,0.3029940786310012,1
8204,0.30298881561386537,1
2439,0.30295826940764276,1
19818,0.30294744926401257,1
25800,0.3029403146756549,1
3054,0.302922039192029,1
1628,0.30292133801420956,1
16706,0.30290743967225997,1
3161,0.30290400796974043,1
26069,0.3029030885609818,1
10944,0.30289381472960003,1
11586,0.30289151584958907,1
6085,0.3028785722463295,1
11028,0.30287368016652694,1
2705,0.3028694572681251,1
15662,0.3028666564472947,1
21606,0.3028496017901924,1
1327,0.3028204982947475,1
17941,0.30279622712941556,1
6371,0.30277570624346006,1
15056,0.30276980870925896,1
6666,0.3027541862774067,1
28011,0.30270473933690145,1
13718,0.30270417585143183,1
21057,0.3027032026138148,1
21738,0.30268783437736946,1
7905,0.30267399303296477,1
17801,0.30267386798970436,1
3569,0.30266444399714343,1
4339,0.30265621915528146,1
30455,0.30264993301431653,1
16494,0.3026319354857956,1
22784,0.3025874569048415,1
28586,0.302584798143853,1
18870,0.30257004846652913,1
18430,0.3025564535532379,1
10747,0.3025553860400995,1
719,0.30254632875243526,1
3698,0.3025313710709315,1
12807,0.3025086591985458,1
2072,0.30248881021844337,1
993,0.30247717627282705,1
5330,0.3024654714234239,1
24130,0.3024453139498772,1
30454,0.3024333720556862,1
20345,0.3024324704974919,1
17649,0.3024228838806182,1
2062,0.3024204152821249,1
14108,0.30239454862168313,1
25742,0.3023896445237578,1
13510,0.30237465962434845,1
6232,0.30237046852332483,1
5715,0.3023436766636469,1
2007,0.3023428293219636,1
9021,0.30232631901525875,1
3581,0.3023250202956941,1
1187,0.30231945086523804,1
1823,0.30228099667593356,1
18855,0.3022714413450064,1
24954,0.3022585738872274,1
6429,0.30224547398101614,1
5882,0.30222647855922774,1
16500,0.3022252279470963,1
5744,0.3021973415723206,1
6393,0.30217389052005617,1
12738,0.3021710613763224,1
4097,0.30216459282026287,1
30817,0.3021489754913868,1
16949,0.30211314487244656,1
8843,0.30211049946801577,1
26770,0.30209998883251143,1
9272,0.30209495020183513,1
11566,0.3020627159153787,1
9987,0.3020605174343666,1
25546,0.302052289674392,1
1854,0.3020462852739874,1
16202,0.3020349636185688,1
5071,0.3020267452582732,1
9002,0.30202342722930814,1
2953,0.3020195253469594,1
19992,0.3020114194484429,1
7982,0.3019933244473576,1
6360,0.30197836932163374,1
19902,0.3019688064702639,1
38,0.3019580054873685,1
23478,0.30195033587058906,1
12166,0.3019490987899363,1
10394,0.30193614337766855,1
29663,0.3019279003803014,1
3092,0.30192627311407,1
17857,0.30191941317849297,1
21498,0.30191589254660883,1
19812,0.30189825241119334,1
29300,0.30188172544233816,1
30249,0.3018755993483835,1
12679,0.3018747716288862,1
73,0.30186052664299834,1
9727,0.3018554647614954,1
16763,0.3018494462665743,1
21771,0.30184840635750737,1
27289,0.3018478479935009,1
28358,0.3018413973158918,1
14053,0.30181987234803215,1
884,0.3018174982045792,1
18507,0.30180807347749194,1
15598,0.30179234928457965,1
4303,0.30179108355383544,1
22580,0.30178607382985223,1
11646,0.30177596037378485,1
11206,0.30176098187500494,1
11455,0.30176053733329583,1
26148,0.3017490385195265,1
351,0.30174545257205826,1
20633,0.3017261265940809,1
26336,0.30172552915830464,1
5386,0.3017243994526469,1
22630,0.3016982695887203,1
3874,0.3016921453923944,1
302,0.3016600681067912,1
25096,0.3016458755204535,1
25646,0.30163868014744244,1
15817,0.3016214945342839,1
14482,0.3016213306382761,1
12033,0.30161496662765946,1
3743,0.30161400531122207,1
19605,0.3016027217033635,1
10308,0.301602417391152,1
28298,0.30159873732897435,1
15914,0.3015920912130512,1
15679,0.3015818282651968,1
17689,0.30157191971809405,1
2324,0.30157153468866216,1
28870,0.3015620037880354,1
3587,0.3015494870373375,1
10168,0.30154907341249576,1
22653,0.30154507106755507,1
12630,0.3015282199465015,1
13033,0.30152013267710237,1
6691,0.30151676579872894,1
17114,0.30151674617036206,1
23599,0.30150807845197736,1
13552,0.3015041701160358,1
21754,0.3015037875990174,1
1641,0.3014928964719902,1
14089,0.30148885934554903,1
8910,0.3014880407641082,1
1616,0.30147977710997115,1
6764,0.30147117254110345,1
18382,0.3014677140964246,1
27280,0.30144944655458117,1
5110,0.3014464364566934,1
5406,0.30144388492497504,1
25739,0.3014245494412155,1
11366,0.30139156707152304,1
28097,0.30137731506535065,1
21922,0.30137584395758243,1
26181,0.3013682633996189,1
21634,0.3013661952501429,1
16601,0.30136600856108153,1
21142,0.30135858669479626,1
316,0.3013542997799455,1
15446,0.3013527647893156,1
23398,0.30132893631604535,1
24148,0.3013188712157703,1
16660,0.3013064492231867,1
26806,0.30129903810187225,1
25066,0.3012976017026367,1
22622,0.3012959111820702,1
15344,0.3012871022486259,1
25767,0.3012749384580913,1
3086,0.30127033439442846,1
13848,0.30126618191741233,1
28921,0.30125632756081355,1
24594,0.301238687144585,1
9997,0.30123847530329795,1
3711,0.30122310654550183,1
2715,0.30122222518609454,1
27178,0.30121164628028174,1
1410,0.3011869943494681,1
8979,0.30115915221234846,1
28556,0.30115195210709045,1
22386,0.3011475221281832,1
22192,0.3011160029424462,1
8428,0.301115335140255,1
31077,0.30111335540362183,1
31204,0.30110216714833377,1
23140,0.3010994863115577,1
26656,0.30109638482785134,1
14715,0.301094131649568,1
23646,0.3010901810282851,1
25268,0.30108937600568003,1
30511,0.3010876428064422,1
26670,0.30107941132035226,1
19842,0.3010658674012976,1
3768,0.30106046185785673,1
24036,0.30106005112554723,1
21228,0.30102992204368767,1
2926,0.30097118676751905,1
18547,0.30095995963189415,1
9755,0.3009511329476739,1
21832,0.30094196093076964,1
1160,0.3009375636807075,1
17807,0.30090267480646743,1
26488,0.3008898131107908,1
25082,0.3008807315156061,1
2140,0.3008581037207462,1
21248,0.3008411960898285,1
2701,0.30083468238071254,1
21941,0.3008311832288752,1
13860,0.300819571815236,1
8817,0.30081337503718686,1
12752,0.3008012729750629,1
6492,0.300789092737609,1
26640,0.300787261458253,1
5506,0.30075394390326404,1
30348,0.30073474529863636,1
3052,0.30072203717499724,1
20726,0.3007168115572889,1
9763,0.3007087178400957,1
20777,0.3007021583257977,1
8162,0.3006951769785712,1
4967,0.30069228636430256,1
3536,0.30069202183430266,1
4321,0.3006898284333468,1
2132,0.300679192585825,1
13576,0.30067493125906486,1
8761,0.30067142805348945,1
17533,0.3006684103201745,1
20938,0.30065195346868984,1
28233,0.30064866552868946,1
20409,0.30063201095312087,1
24759,0.30063042185745076,1
3436,0.30062743640838385,1
3019,0.3006167598611656,1
25241,0.3006029577838866,1
14565,0.3005942409691568,1
2431,0.3005726442390239,1
4444,0.3005649494148762,1
23990,0.3005566734277494,1
3728,0.3005298133722824,1
22478,0.30051576563506177,1
18833,0.30049203256948404,1
27501,0.3004913027801141,1
21639,0.300478278959119,1
11065,0.3004637666009854,1
11675,0.30045513567313986,1
30119,0.30043846094035925,1
40,0.3004294579537935,1
19055,0.30040881369335465,1
8324,0.30038354210380364,1
17476,0.30038049229750396,1
1623,0.3003601631602027,1
11293,0.30035768104241944,1
11727,0.3003306481924032,1
9660,0.30032450246099596,1
3690,0.30030737319955475,1
14838,0.3002935814979433,1
11410,0.30025854126180757,1
18762,0.3002188132354606,1
19343,0.3002014008478271,1
24760,0.3001895475403135,1
6333,0.30017245069613124,1
17341,0.3001699421612097,1
9811,0.3001673584452907,1
23839,0.3001548708139407,1
14406,0.3001537727060101,1
1452,0.30014389314550594,1
1221,0.30013455971296227,1
7382,0.30012170773829794,1
11652,0.30011152042170763,1
10856,0.300104269920347,1
829,0.30007899553530293,1
27247,0.3000638120177721,1
13250,0.30005747407139877,1
6942,0.30005024034075173,1
6233,0.3000501520179412,1
23579,0.30003614037454124,1
20520,0.3000216787795059,1
12442,0.30001615038061047,1
15859,0.2999846031913742,0
5280,0.299984004027341,0
17594,0.299979764822321,0
28170,0.29996254582861764,0
16514,0.29994715656416543,0
9955,0.29993979816853644,0
31002,0.2999258204086388,0
11775,0.2999166537660793,0
11936,0.2999150765181775,0
26346,0.299889806190166,0
26174,0.29988878403791636,0
23342,0.2998853320475142,0
27426,0.29988474291865935,0
9261,0.2998620071901754,0
23863,0.2998522518221006,0
7879,0.2998505860891296,0
26308,0.29981223649989763,0
3729,0.29980889651727266,0
753,0.2998013146128109,0
9899,0.29977891830932824,0
20299,0.2997761422114693,0
19473,0.2997664751473949,0
13591,0.29976486739267066,0
27893,0.29976162616759505,0
26814,0.29975659638083924,0
8816,0.2997565180961322,0
2988,0.29974394415932065,0
17300,0.2997385265300672,0
5659,0.29973100840821815,0
27879,0.2997299183022051,0
28199,0.2997146380084087,0
18935,0.29970816203129413,0
8583,0.2996966476362984,0
30633,0.2996944243627206,0
2918,0.2996799854692212,0
3483,0.2996788321893121,0
6260,0.29967732242852163,0
6195,0.2996622223004025,0
8630,0.2996562094476346,0
18228,0.2996447389143793,0
27998,0.2996225278364704,0
19962,0.2996119792984786,0
9617,0.2995973750032517,0
6472,0.29958902131258475,0
5097,0.29958504053100016,0
25016,0.29958465226826775,0
13104,0.2995833531318874,0
3487,0.2995800618968704,0
25152,0.2995764143652598,0
2424,0.2995760626597485,0
5109,0.2995728719318086,0
31046,0.2995685670713437,0
10237,0.29956271682442653,0
6829,0.2995478318940616,0
31141,0.2995423583298685,0
6826,0.29953277822706736,0
19689,0.29952733744432,0
9296,0.29952733744432,0
5372,0.29952051536010194,0
124,0.2995126633948586,0
8540,0.29951013878409505,0
30822,0.29950877512988106,0
3938,0.2995049094685481,0
28878,0.2995027973385892,0
29787,0.2994943781077499,0
21464,0.29949378148754735,0
10493,0.29948318892547776,0
13515,0.2994774043934717,0
19218,0.2994725275041097,0
15597,0.2994466199785446,0
28813,0.29943325303842355,0
2363,0.2994323423373477,0
23575,0.29942191430313747,0
3557,0.29942167318338553,0
25862,0.2994183301719731,0
16586,0.29938812518786057,0
15868,0.2993639967220654,0
8441,0.2993413752175031,0
20012,0.2993405316623158,0
3139,0.29933613451874125,0
12121,0.29933197049323823,0
8976,0.29932912648150894,0
27402,0.2993226817072773,0
19259,0.29932073981587154,0
1228,0.29930417489174743,0
29675,0.29930417114916935,0
17432,0.2992982138564147,0
10906,0.29929623558686086,0
14959,0.29928979428909885,0
12305,0.2992860307378929,0
30297,0.299266004549483,0
25497,0.2992632670724847,0
16793,0.29926078616917207,0
4135,0.2992567870558334,0
5507,0.2992552502132949,0
4664,0.29925469109939684,0
10185,0.29924844328666095,0
22815,0.2992202242464111,0
1846,0.2991895381468613,0
12306,0.2991485128009687,0
4503,0.29914309209860906,0
17374,0.2991315162030306,0
14829,0.29913007388092616,0
19440,0.2991287847969243,0
20069,0.2991093832540215,0
12704,0.29910542794329653,0
27692,0.29910334182766873,0
11988,0.29906912902986715,0
10172,0.299048427006936,0
22141,0.2990328875806891,0
3657,0.299031076583286,0
14996,0.2990264024535259,0
27432,0.29901817945846826,0
4039,0.2990042063932383,0
10639,0.29900337928791315,0
17338,0.2989833427633836,0
23942,0.29897852044919093,0
16212,0.2989712693750705,0
14359,0.29896809915074585,0
11681,0.2989519081846837,0
29029,0.29893575843345827,0
23101,0.2989343252655308,0
2940,0.2989272363873248,0
14559,0.29891057447700153,0
31071,0.2989056907293235,0
16886,0.29890067644390245,0
18715,0.29889634481165045,0
24519,0.29888724180348036,0
28601,0.29888540365883576,0
26194,0.29888311869370543,0
19776,0.2988766307140114,0
23013,0.29886380445179095,0
5456,0.29884961149216094,0
9181,0.2988474828249701,0
10121,0.2988398244854459,0
20833,0.29881431378999124,0
17401,0.29880849100870194,0
30277,0.2988009203408366,0
11955,0.2987851921106443,0
6265,0.2987832517040452,0
29774,0.2987752440867906,0
27562,0.2987699794383261,0
20040,0.2987662943844344,0
7523,0.2987662015374597,0
6769,0.29876330050061517,0
14013,0.2987593023945025,0
20954,0.29875117279009744,0
18551,0.29875095130036666,0
23279,0.298736949087439,0
24803,0.2987244548502374,0
20691,0.29872142730698226,0
6262,0.29871317737167785,0
10091,0.29870574912579767,0
10435,0.2987034720605888,0
25827,0.29870266309163274,0
19116,0.29869639320477065,0
30345,0.29867493967804465,0
11452,0.29867422380844644,0
31063,0.2986726651426487,0
14988,0.2986496327691404,0
6151,0.2986414958807105,0
19167,0.2986345681139907,0
17750,0.29862907442628933,0
29799,0.29862288397092795,0
4096,0.29861667929963603,0
11872,0.2986062213276566,0
3525,0.2985942508948954,0
29369,0.298590447841568,0
19282,0.2985892873959362,0
13640,0.298568231673243,0
11161,0.2985654753318694,0
20254,0.29854850686161627,0
9877,0.29852885591243816,0
19450,0.2985273336185876,0
6815,0.2984901186848326,0
768,0.2984880924911935,0
9793,0.2984818482287813,0
19517,0.2984719297659985,0
8005,0.29845164939497537,0
10075,0.2984509200436104,0
1539,0.29844986817175173,0
26023,0.2984408667706401,0
18875,0.29841109947418304,0
26686,0.29839872779392246,0
19670,0.29839170727260655,0
6453,0.2983870697720653,0
13884,0.2983868979641862,0
1822,0.29838133274091155,0
13139,0.298366917196215,0
12114,0.298361261038198,0
11546,0.2983593907440464,0
11350,0.29835562544162236,0
12957,0.29835360100786007,0
1939,0.298332025068798,0
15340,0.29832425658578177,0
3882,0.29832348195369673,0
3266,0.29831981386438833,0
16872,0.29831890503980885,0
9556,0.2983154627859135,0
24192,0.298306406724024,0
31326,0.29829082467279716,0
4601,0.29828930452136043,0
30665,0.2982501605219276,0
30728,0.29823397517525146,0
11218,0.29823333776549193,0
24481,0.29822644821788635,0
22185,0.29820816973457664,0
2914,0.298178908114845,0
25466,0.2981728184206701,0
22136,0.2981441157931834,0
22682,0.2981367049313031,0
17955,0.2981255696909794,0
13114,0.29810613657038865,0
3234,0.29807502132378566,0
3786,0.2980744497484437,0
18979,0.29806588902841147,0
21623,0.2980587791609435,0
8337,0.29804958886469335,0
85,0.29804474882549103,0
10369,0.2980371915110233,0
15575,0.2980300027792093,0
18398,0.29801565296154736,0
2238,0.29800554837106735,0
13209,0.29798300358224833,0
2334,0.29797323188349306,0
462,0.297967355658987,0
10040,0.2979539134804708,0
5604,0.29795052266322203,0
8378,0.2979501340584818,0
21408,0.29794403702349126,0
17010,0.2979347232367491,0
9792,0.2979298578578708,0
13030,0.29792883821702476,0
29281,0.2979276162439454,0
7430,0.2979232614283744,0
11614,0.2979171909841012,0
21388,0.297902387698968,0
19845,0.29790212304793645,0
7499,0.2979019853788638,0
17261,0.29788536861388487,0
220,0.29788174273550777,0
26691,0.29787072820780247,0
7484,0.29785725563351984,0
1199,0.2978273606536335,0
5326,0.29781939045531397,0
14592,0.2978154817020383,0
30503,0.2978086824559574,0
30967,0.29779617159078825,0
27497,0.29779194286050037,0
27942,0.29778777832582454,0
24106,0.2977815474173755,0
29446,0.2977667691515893,0
26297,0.29776203325332673,0
23611,0.29774081829830507,0
12828,0.2977102623013683,0
8694,0.2977020993930765,0
18275,0.2977005812961415,0
29299,0.29769860763522427,0
14847,0.2976970516585126,0
25147,0.29769701686247296,0
26866,0.2976953986732788,0
6299,0.2976907757619298,0
17122,0.29768413780392466,0
27051,0.29767531908686484,0
18902,0.2976474365847177,0
6389,0.29761168422679224,0
25258,0.29760896345394117,0
16005,0.29760696630001293,0
21479,0.29759519303412313,0
4823,0.29759117609585173,0
18534,0.29759028446469143,0
12264,0.29758900373077457,0
22625,0.2975827430825814,0
20764,0.2975783449841868,0
29679,0.29757548643526766,0
1581,0.297568648731419,0
22849,0.29756614800042863,0
25628,0.2975553551850305,0
23180,0.29755218416749535,0
12972,0.2975493878137671,0
26672,0.29754502434099606,0
22230,0.29754072441518614,0
2759,0.2975311323477615,0
8353,0.2975229759306475,0
14968,0.2975172345807222,0
29020,0.2975113807451486,0
30923,0.29750807742998847,0
26173,0.2975030583660553,0
21385,0.2975017455815124,0
14243,0.29749206182033805,0
8669,0.2974819224041196,0
6153,0.2974789206659351,0
16526,0.29745906370319647,0
18544,0.29745338948885697,0
19856,0.2974508644822377,0
7265,0.2974505623176824,0
10454,0.29744564002125373,0
12530,0.2974415364449156,0
31037,0.2974365115456106,0
4026,0.29743185734097755,0
22149,0.2974247168383373,0
705,0.2974228090968676,0
12015,0.29741903934785874,0
2058,0.29740356603397183,0
26169,0.2973941207649441,0
16119,0.2973911182416769,0
26569,0.29738907326014563,0
19010,0.2973882100799963,0
3641,0.2973734246948936,0
30220,0.2973678127357887,0
16599,0.2973605894728575,0
10578,0.29735427507056467,0
21772,0.2973445433715865,0
19314,0.2973441038620575,0
4841,0.29734122996481027,0
23709,0.29730314988376744,0
1481,0.29730313134092995,0
29820,0.2973026991074119,0
25716,0.2973018845476753,0
28850,0.2972952768401146,0
4174,0.2972802346374229,0
25611,0.2972686291445443,0
1614,0.297263755606324,0
5162,0.2972484801832809,0
5517,0.29724419525899204,0
21391,0.297241871720041,0
24583,0.2971867361036088,0
1369,0.29717399994724175,0
27539,0.29717214761016264,0
1430,0.29716121525687383,0
27831,0.29715346032343615,0
2144,0.2971387819020174,0
9862,0.2971310337967141,0
6879,0.2971291799174929,0
3025,0.29711326104108854,0
28090,0.29710805050759015,0
30397,0.2971067609393985,0
29256,0.297097822452671,0
24248,0.2970919925000678,0
13178,0.29709147332723473,0
29007,0.2970566192334853,0
15530,0.2970529680577024,0
3845,0.29704965159350794,0
11688,0.297026515134977,0
20525,0.2970081272969218,0
23957,0.29700575457078404,0
2582,0.29698371837239523,0
29354,0.2969807983600189,0
26787,0.2969782582816154,0
23653,0.29697661137683146,0
4361,0.29695885169047503,0
21951,0.29695835461633135,0
13107,0.29694399675496913,0
29826,0.29694258161477394,0
29115,0.29693025655266053,0
2435,0.29692900598536126,0
8214,0.296907474854673,0
12750,0.2968995861051608,0
28186,0.29689606289047044,0
6940,0.296885388133221,0
28252,0.29688454323243424,0
26389,0.2968651599599789,0
21838,0.29684763533494685,0
16458,0.2968309733715264,0
16770,0.29682967687088063,0
13530,0.2968289509462838,0
20824,0.2968257609520274,0
13731,0.29680040793566287,0
20002,0.2967958983610775,0
10637,0.2967953854114916,0
14357,0.29679501723949253,0
4497,0.29679240004756813,0
16142,0.2967827812835225,0
8999,0.2967609999773468,0
7644,0.2967521202228726,0
22385,0.29673478334171977,0
2434,0.29672791764062145,0
30153,0.29672228263333306,0
28908,0.29671961016065196,0
3055,0.29671630376447267,0
17384,0.29670408713448976,0
13437,0.2966877464871344,0
20338,0.29667772753228017,0
11012,0.29666834831881234,0
4408,0.2966655761233816,0
16604,0.2966427622847141,0
8588,0.29663957135920627,0
19423,0.29661574857362455,0
20283,0.29661113095694763,0
21882,0.29661093755285717,0
7191,0.29659872101399704,0
9443,0.2965601108337982,0
13257,0.29652770095389863,0
3590,0.296511956793005,0
7755,0.29650393065739833,0
18572,0.29650279877603625,0
12425,0.296494672918822,0
219,0.296478606900025,0
2786,0.29647572611596057,0
23686,0.29647307335133694,0
3635,0.2964692075685292,0
8195,0.29646698082005896,0
14782,0.29644745642277043,0
13389,0.2964397638200129,0
13913,0.2964395897581875,0
14337,0.29642840554624006,0
5698,0.29642087807817624,0
22259,0.296398117653125,0
12496,0.2963967924972973,0
1086,0.29639671397391987,0
18417,0.2963938223827004,0
24911,0.29638642696624307,0
19321,0.2963783390863677,0
18649,0.29637712324985394,0
22778,0.2963706973116676,0
16125,0.2963558806826363,0
23360,0.29635425471053184,0
6502,0.2963421963658194,0
15075,0.2963358106665048,0
1137,0.2963285573807766,0
411,0.29632821517872615,0
5802,0.296323817455621,0
6092,0.296314509962502,0
2859,0.29629356145585806,0
27779,0.2962927994461985,0
29808,0.2962871504618139,0
4243,0.29628309093575095,0
24099,0.2962802200544569,0
7470,0.2962707736797007,0
21731,0.29625792012277635,0
4494,0.2962493335923871,0
14270,0.2962429067136054,0
6254,0.2962369088464534,0
5967,0.2962292216071847,0
775,0.29622382632008465,0
17690,0.2962234020301429,0
9731,0.2962169082710313,0
19549,0.2962127884059035,0
18125,0.2962061220618832,0
11633,0.29620347176834516,0
24853,0.29619055485282564,0
30384,0.2961832200008004,0
9794,0.296180980183402,0
15973,0.29617871073166857,0
21327,0.2961742942883096,0
28848,0.2961632534278031,0
25513,0.296155481124938,0
29095,0.2961355867655882,0
15925,0.29613103118765766,0
14394,0.2961228670517002,0
4004,0.2961138081878885,0
15980,0.2960987834954051,0
13973,0.29609505654848683,0
28875,0.2960853195437044,0
25510,0.2960716263950256,0
28579,0.29605253296204453,0
12656,0.29602936509184097,0
5751,0.2960252858424137,0
15270,0.2960221534491587,0
27791,0.2960167049857663,0
11496,0.29601098976242235,0
6733,0.29600804008270104,0
31093,0.29600461593581634,0
16755,0.29600324880300827,0
10614,0.29598991307101313,0
17279,0.2959868436418957,0
13091,0.29598291426043805,0
26545,0.2959818069827923,0
17410,0.29597375137122617,0
22007,0.29597086658929317,0
23698,0.2959552051526042,0
20464,0.29594419483050005,0
16312,0.2959382756891278,0
12090,0.29590469151050497,0
15000,0.2958901848161064,0
24789,0.29588791786144675,0
2055,0.29588704167438085,0
14297,0.2958835045655933,0
22998,0.29588127176311374,0
7135,0.29587344301754354,0
30735,0.2958706851215547,0
20635,0.2958593639424061,0
19266,0.2958577977483915,0
11515,0.2958456784277912,0
25726,0.2958453141505868,0
5532,0.29582359872766306,0
19424,0.29582294968277206,0
3023,0.2957962765858808,0
16816,0.29578682203296264,0
30316,0.2957715635857582,0
748,0.29576962452832395,0
9115,0.2957513782263607,0
12112,0.2957442191023566,0
27032,0.2957176152803609,0
23207,0.29571519302771243,0
1480,0.2957067697975464,0
19096,0.2956981049293863,0
2751,0.2956862242351628,0
3352,0.2956743548200552,0
15288,0.2956727514351289,0
13523,0.29567159665589726,0
5295,0.2956713451249659,0
7371,0.29566708065390357,0
5609,0.2956635005816983,0
10486,0.2956238168561365,0
10505,0.295622287041127,0
3210,0.29561824458148606,0
5289,0.29560315913542445,0
4188,0.295586728068668,0
5987,0.29557966263922525,0
23595,0.2955773291713718,0
27626,0.29557551131729204,0
27240,0.29557121646046897,0
18701,0.2955624510143581,0
16679,0.29553922642009894,0
27407,0.2955377959653165,0
22558,0.29553470003897386,0
4117,0.29551385069890596,0
20998,0.2955045003166189,0
14079,0.29550437933156876,0
3832,0.295491479181827,0
20675,0.29548547541739834,0
22333,0.2954774388733602,0
31263,0.2954748211456698,0
5979,0.29545924943253804,0
936,0.29545546769733383,0
19867,0.2954370155973402,0
26077,0.2954288404403324,0
25007,0.2954077131291404,0
30564,0.29539136549621786,0
13574,0.29538611136988535,0
6957,0.29537980722392826,0
18169,0.2953765773335637,0
26514,0.29536096352481117,0
8073,0.295342193815514,0
30598,0.29531413247543215,0
12285,0.2953009888062207,0
13339,0.2952791767646598,0
29301,0.2952568208296472,0
25229,0.29525344056296693,0
13721,0.29525305596639057,0
24712,0.295252859665992,0
30446,0.2952481236861001,0
24351,0.29524209966913434,0
23255,0.29523982208484595,0
9407,0.2952392423180046,0
24525,0.29521962206411456,0
12636,0.29521877179618355,0
12699,0.29520916672139863,0
1291,0.29520344387540676,0
15643,0.2951975944497114,0
16217,0.2951943169466594,0
2889,0.2951918878443203,0
8377,0.2951883750957073,0
15183,0.29518796294046123,0
25350,0.29517015385453865,0
12597,0.2951690807899085,0
7401,0.29516622219676325,0
5287,0.29515206042728614,0
17014,0.295145179218581,0
20619,0.2951410218136129,0
24623,0.295141020860473,0
31137,0.2951354249780301,0
5185,0.2951348363554365,0
2103,0.29512345396939305,0
22716,0.29512216467096897,0
25703,0.29511575946241597,0
16108,0.29510965334603756,0
1813,0.2950874360024916,0
4605,0.2950825865983051,0
13074,0.2950754073772978,0
15869,0.295072110664183,0
1104,0.29506382556375327,0
14849,0.2950609112400781,0
10063,0.29505630192301036,0
7703,0.29503900835649066,0
22237,0.29501433295139523,0
17819,0.2950079634549031,0
18335,0.2950069942474291,0
20370,0.29500254368348977,0
9093,0.294973507132513,0
1809,0.2949725275744796,0
15968,0.29497155546325066,0
8950,0.2949692044193489,0
14811,0.2949668716140313,0
7869,0.29495951776589263,0
12992,0.2949584685531375,0
31039,0.29495540318329216,0
27436,0.2949499390515986,0
8030,0.2949470919916061,0
11954,0.29493846900598764,0
27971,0.29493600665939573,0
23016,0.29493361688550407,0
24619,0.2949126146808066,0
3684,0.2949057694589345,0
22812,0.2949001128867611,0
13262,0.2948961172929575,0
18118,0.29487439528826853,0
11966,0.29486123937884057,0
21063,0.29485453579166565,0
25938,0.29485175693168497,0
18212,0.29483827986589933,0
14080,0.2948251997746495,0
7197,0.29482509849371497,0
16453,0.2948234512187469,0
21635,0.29481671776429264,0
29855,0.2948098931138834,0
20740,0.29479453566928976,0
24648,0.29479429982634625,0
7109,0.294793377647493,0
10015,0.294785937681975,0
23330,0.2947818051218441,0
26648,0.2947789951917738,0
18172,0.29477435645715405,0
9123,0.29476755915451086,0
28458,0.29475786137891397,0
333,0.29474469914996904,0
7968,0.294738834080246,0
30682,0.2947385994262141,0
10843,0.2947352751591508,0
15434,0.2947301813324584,0
3029,0.29472859069935625,0
29298,0.29471953070762985,0
13036,0.2947081732190118,0
1901,0.2947062117513538,0
9415,0.29468901741062953,0
8800,0.2946782693310395,0
25504,0.2946768328367665,0
15236,0.2946746883412265,0
4205,0.294670995759644,0
5248,0.2946678868543944,0
11815,0.29466271448080894,0
6892,0.2946624259283978,0
8440,0.2946540359882078,0
18628,0.2946506407815799,0
25299,0.2946341251989353,0
976,0.2946154553622016,0
15696,0.29459743006294925,0
3305,0.2945929005868117,0
2092,0.2945860027980205,0
1566,0.2945821973255836,0
28889,0.2945779068414938,0
28005,0.2945733664954089,0
23421,0.2945657784053306,0
28572,0.29456436619888055,0
17490,0.2945541422686772,0
4734,0.2945525429765251,0
30551,0.29452682208638487,0
28907,0.29450512178738514,0
7705,0.294501592775486,0
8256,0.29449181013127723,0
15618,0.2944780411689649,0
25073,0.29446671740927166,0
24101,0.29443964001491735,0
22757,0.2944321934412926,0
6117,0.2944302645629687,0
16426,0.2944132794434501,0
21101,0.2943954497669778,0
909,0.2943938202367267,0
14779,0.2943753160875412,0
23194,0.2943728394295079,0
26668,0.2943579131120846,0
21347,0.2943522597745485,0
8260,0.29434811170382347,0
22157,0.2943380782105072,0
27561,0.29433560886769616,0
25212,0.29433008262127247,0
19171,0.29431839828400413,0
7735,0.294316509576111,0
8813,0.2943094582941422,0
4419,0.2942960257430767,0
28353,0.2942949256941528,0
29643,0.2942824354505096,0
30833,0.2942750357046207,0
15574,0.2942723157779163,0
13811,0.29426420683585847,0
14916,0.29425072553836296,0
1408,0.294235406246414,0
17656,0.2942009242217874,0
11802,0.2941748618065676,0
7360,0.2941700588598487,0
15608,0.2941638633599234,0
24071,0.29416197128027216,0
15885,0.29414535364403,0
10545,0.29412463225064867,0
18844,0.2941133098444883,0
27598,0.2941107782936895,0
19277,0.29410842686042155,0
19183,0.29410746244661534,0
6703,0.29409994503373754,0
7226,0.2940966247628742,0
12902,0.294090381746468,0
15065,0.2940627643142602,0
2127,0.2940422582182003,0
21851,0.2940211947820493,0
5025,0.29399962580290917,0
29954,0.29399860621084173,0
19114,0.29399637854196803,0
7594,0.2939934373110558,0
20869,0.29399106313530016,0
2936,0.29398132860201065,0
10406,0.2939800895473967,0
637,0.2939722064926025,0
29433,0.2939653886135329,0
26535,0.2939605743473679,0
7338,0.29395638117983997,0
11610,0.2939413261986918,0
28231,0.2939339052732403,0
4673,0.2939195864739606,0
19885,0.29390772404717874,0
12251,0.2938888124341035,0
26646,0.2938844143784795,0
6932,0.2938715015219521,0
29980,0.29386190652056504,0
27009,0.29385248168054595,0
3313,0.2938264823699044,0
26188,0.29381546392124014,0
24672,0.2938132029603959,0
29841,0.2938122883970871,0
15451,0.2938085244449413,0
7355,0.2938075208660472,0
17772,0.29380393496954577,0
28953,0.29379513389255574,0
11869,0.29379367815769,0
7210,0.2937884072174732,0
18723,0.2937872409061573,0
22607,0.29377527151034594,0
21465,0.293762374401974,0
16817,0.2937517782866244,0
28407,0.29374993314340925,0
11532,0.2937223618077597,0
28256,0.2937182042208227,0
13124,0.29370332710121916,0
30955,0.2936733526297818,0
30388,0.29366268233085874,0
16022,0.2936445010398817,0
13348,0.2935938660954364,0
24491,0.29359027019606665,0
6182,0.2935729180233434,0
2531,0.29356897241578594,0
8998,0.29354800006530846,0
27921,0.29354579055244334,0
28451,0.2935301785298995,0
12357,0.2935255100283641,0
3077,0.29352046003554766,0
21940,0.2934974219223959,0
20105,0.2934939773897389,0
20578,0.293476175129993,0
23379,0.2934562929587048,0
30300,0.2934557537738146,0
22536,0.2934531920316399,0
11265,0.2934363214168405,0
3165,0.29342605769059676,0
443,0.2934139568166772,0
23920,0.29339714606885914,0
3920,0.2933931031099274,0
14264,0.29338281448405484,0
13301,0.29337843996919555,0
8876,0.2933757141043561,0
10627,0.29335074440983633,0
21980,0.2933484366850434,0
12314,0.293340654147584,0
31091,0.29333773262624413,0
6189,0.2933291648635021,0
30680,0.29331893663049147,0
20356,0.29330236862066295,0
6166,0.2932962657919142,0
28691,0.2932739838283539,0
15411,0.29326625611151574,0
29578,0.29326452112024187,0
5876,0.2932553306744824,0
22402,0.2932242148712344,0
6488,0.29321229401545756,0
6799,0.2932085516710401,0
30458,0.2932030435472549,0
21747,0.2932010504634946,0
30055,0.29319322426223365,0
8505,0.2931793480143299,0
9387,0.2931695951519335,0
12573,0.2931617955783601,0
26281,0.29316172041113214,0
18868,0.29315286437518123,0
8131,0.2931383042362575,0
12830,0.2931319819061225,0
831,0.29312891094814164,0
15588,0.293107654650477,0
27762,0.2931020863828563,0
24026,0.293065163743293,0
1590,0.29302403295453033,0
9470,0.29301940010199146,0
25487,0.2930110040775653,0
27024,0.29300508868191133,0
5608,0.2929936272905725,0
22433,0.29297294289486076,0
7762,0.29297025440085533,0
16040,0.29295951406567905,0
17800,0.292927608075047,0
11286,0.29290666034428603,0
6688,0.2928886288940714,0
18548,0.2928807651724439,0
17837,0.29287583439813725,0
26901,0.29286901194567094,0
548,0.2928274693237173,0
3508,0.2928254625351516,0
21441,0.2928027394173891,0
29306,0.2927790970213698,0
17488,0.29276931404771406,0
23129,0.29274465459578347,0
30648,0.2927428378722056,0
6465,0.29274199937292134,0
19564,0.2926997018696411,0
13723,0.29269963803645044,0
12292,0.29269800932211953,0
11713,0.2926839034670594,0
26179,0.29267007267334066,0
19508,0.29265587927391545,0
13427,0.29264023398585526,0
6609,0.2926390618907412,0
11833,0.2926387025236076,0
5223,0.2926302052151015,0
3524,0.2926265738412825,0
15015,0.2926259894538501,0
9316,0.2926256216509038,0
12383,0.2926098008538116,0
11852,0.2926062118644086,0
26464,0.292598487251586,0
649,0.29258176179030376,0
3231,0.29257853820287527,0
30778,0.2925651952695295,0
16007,0.2925632130120036,0
2137,0.29256161958427584,0
16508,0.292545567678409,0
15008,0.2925229183422793,0
1660,0.2925201847665726,0
10716,0.2925198122404931,0
23369,0.2925115623797637,0
17577,0.292504952131433,0
12510,0.2924922314603272,0
20839,0.2924914225869311,0
22946,0.2924720042576537,0
7925,0.2924616835237073,0
2020,0.29244791646158236,0
23264,0.29243668986504456,0
13076,0.29239538212945765,0
11045,0.2923767982995732,0
1039,0.29235807283860465,0
13888,0.2923580162662879,0
11512,0.2923561903828342,0
1029,0.2923548074304632,0
10057,0.2923487132830562,0
28977,0.2923379090658226,0
19727,0.2923368311165884,0
17855,0.29232569990520285,0
5318,0.2923092426628473,0
2450,0.29230362655328745,0
18308,0.2923009355550339,0
16107,0.292296215810285,0
12611,0.2922891263751543,0
4134,0.29228267154933113,0
3694,0.2922765371935797,0
23504,0.292275814004668,0
8504,0.2922740105853833,0
12223,0.29227113197366916,0
15363,0.29226876256069567,0
19784,0.29222955667709,0
6807,0.2922244254824864,0
31291,0.29222240464868177,0
30737,0.292213831278757,0
28538,0.2922033379990727,0
21226,0.29219917705501713,0
22189,0.2921937504201353,0
29795,0.29218585573717887,0
13979,0.29218352702620565,0
26635,0.29217899717924517,0
19340,0.2921754938598758,0
10583,0.2921649950886053,0
20657,0.2921630704195842,0
10005,0.2921573915183039,0
25718,0.292142680537859,0
502,0.2921397308030651,0
20723,0.29213069339736664,0
18120,0.2921042333652853,0
23791,0.29210114616839133,0
3202,0.29209764694076346,0
13387,0.2920900892908379,0
20842,0.29208529632056957,0
9950,0.2920650371490137,0
30523,0.2920471650686693,0
8516,0.29203446737960315,0
16414,0.29202685798935296,0
8237,0.29202498622442663,0
9323,0.2920227145763362,0
29601,0.2920219215124584,0
12586,0.29200440467852135,0
2852,0.2919944568731491,0
9263,0.29197910893232176,0
28694,0.2919716787808635,0
23377,0.2919658906694915,0
5088,0.29196393883339056,0
2980,0.2919541427185814,0
12878,0.29195062473980476,0
22794,0.2919473107755307,0
15395,0.2919297769337816,0
12430,0.29192831142032327,0
25911,0.29192796652312264,0
18202,0.291920085520946,0
29912,0.2919199097569901,0
14830,0.2919161115866543,0
19894,0.2919002011796943,0
21976,0.2919001752424606,0
1857,0.2918922110284575,0
17828,0.29188680508875214,0
6372,0.2918856455483832,0
11813,0.29188000978066525,0
27363,0.2918744570828955,0
4980,0.29186725611749925,0
3666,0.2918468037498028,0
10484,0.29184240407593043,0
20034,0.2918334912236188,0
4574,0.2918302105172068,0
27680,0.2918165651612686,0
23390,0.2918164440599791,0
2664,0.29177286091265736,0
15651,0.29176629069287907,0
15059,0.29175904505043077,0
15915,0.29174763743299936,0
16268,0.29173477264095865,0
14974,0.29173211868875937,0
25084,0.2917137672944923,0
10651,0.29170188154021676,0
6135,0.2917012749915175,0
9851,0.2916935932330885,0
15406,0.29168471676518043,0
24931,0.2916475499953052,0
242,0.29163354551817816,0
17067,0.29162362434054073,0
2407,0.2916218717887893,0
11159,0.2916161813106649,0
13548,0.2916078317653752,0
25388,0.2915936614852792,0
8341,0.2915907508957787,0
12502,0.2915852803207671,0
13984,0.2915850810030054,0
27027,0.29158082988821343,0
26645,0.29157451621847646,0
2353,0.2915729799611042,0
10828,0.29157204841278817,0
2280,0.29155320351706765,0
10910,0.291537980943404,0
9381,0.29153587970892586,0
4721,0.29152628090479843,0
17343,0.2915242003396963,0
5402,0.291516091462328,0
12101,0.2915084951417752,0
30702,0.29150400005260907,0
20259,0.29147677849045794,0
20781,0.29147306728440436,0
7948,0.2914681229199583,0
24336,0.291461769086566,0
22019,0.29142326612734015,0
30090,0.29141689362510026,0
19115,0.291410554051785,0
7740,0.2913918197966445,0
838,0.29138273744885046,0
3674,0.291379803090151,0
6257,0.2913744378335173,0
1908,0.29136424529867694,0
2691,0.29136313833692906,0
17653,0.29133612436319495,0
7896,0.29133360929361496,0
17598,0.29132886566502664,0
5414,0.2913220050475622,0
29913,0.2913065669381455,0
6736,0.2913024335380726,0
22085,0.2912898374194021,0
9039,0.291287654985213,0
25807,0.2912770171052736,0
17092,0.2912685719464829,0
21207,0.291261359488391,0
16283,0.29124937827248343,0
11475,0.29124400966003683,0
23246,0.2912421365272989,0
22463,0.2912310744179143,0
14433,0.29122566302427794,0
13580,0.29120809460880925,0
641,0.29120692372693396,0
27403,0.29120530040234227,0
11756,0.2911986680555005,0
5462,0.29119322168182,0
7965,0.29119021113333343,0
22592,0.29116879797683487,0
25612,0.2911225859044958,0
8365,0.2910893723885748,0
5668,0.2910534020661245,0
28665,0.29105017731333754,0
26838,0.2909984398079228,0
22029,0.2909980440181079,0
23451,0.29099278491291103,0
4066,0.29098424838195464,0
4585,0.2909738274550158,0
16984,0.29095888034753037,0
22106,0.2909522869557189,0
26878,0.2909486733950583,0
24458,0.29093860117270665,0
11555,0.29093546124102593,0
2608,0.2909271977934591,0
16771,0.29092161805130523,0
13739,0.2909155586876343,0
15727,0.29091446133534477,0
28083,0.2909131084459569,0
459,0.29091237196269937,0
20013,0.290911163340414,0
676,0.29090695932478305,0
11822,0.2908909042632812,0
9554,0.2908806137767586,0
5673,0.29085345721619915,0
28881,0.2908448052571554,0
16745,0.2908360009610188,0
13850,0.29083085319737856,0
8593,0.2908248746820747,0
10809,0.29082028398726023,0
10020,0.29080451072608154,0
617,0.29080346315496935,0
21348,0.2907927181974175,0
14015,0.2907827611606402,0
22328,0.29077991754036964,0
16090,0.2907783335716961,0
12169,0.2907671887996705,0
19018,0.29076122542731164,0
19067,0.2907474639923559,0
12821,0.2907468620157847,0
21461,0.29072710163924187,0
31232,0.2907217565457755,0
18281,0.29072064586129903,0
6658,0.29071478779383964,0
54,0.2907034265617126,0
26577,0.2906994167157748,0
1158,0.29069094295620845,0
24510,0.2906809028590319,0
23031,0.29067911480141834,0
9472,0.2906738055834626,0
11582,0.29066444508580686,0
3347,0.29065840759858835,0
28513,0.29065606713095193,0
16277,0.29064677021966023,0
29021,0.2906336710330138,0
22932,0.29062903228016734,0
29943,0.29061896991637964,0
15688,0.2906098900163329,0
17065,0.29058959855968497,0
11690,0.29058423818446844,0
22363,0.29057609811026064,0
12747,0.2905739461799415,0
10061,0.29056153275433116,0
18017,0.2905567449540668,0
27217,0.29055032506099976,0
4606,0.29054369741400954,0
27351,0.2905363629765403,0
29416,0.2905313315021043,0
23241,0.2905275681659503,0
14299,0.2905273195426004,0
29626,0.29050802160421946,0
11658,0.29050144623870133,0
20320,0.2904950725307711,0
28381,0.2904906788520285,0
19420,0.29048064777306026,0
25423,0.29047482454531925,0
14037,0.29046252188845917,0
19684,0.29046216861829505,0
22565,0.29045142556250325,0
10096,0.2904332619751433,0
2944,0.29039679963644593,0
25919,0.290396271549512,0
20195,0.2903717190836624,0
18501,0.29036395593145464,0
11981,0.29035649930917373,0
12362,0.2903524280687015,0
7797,0.29034604594967933,0
15586,0.2903406478354259,0
12288,0.29033943090710745,0
16428,0.29033557896846235,0
12423,0.2903147465304626,0
7241,0.2903052968542246,0
22276,0.2902801215321967,0
25785,0.29027126571860584,0
10980,0.2902667755109236,0
3537,0.2902585487322175,0
15753,0.2902503936795447,0
29195,0.2902373255561157,0
29968,0.29023691848384503,0
4302,0.29023639750241786,0
3409,0.29022514854618076,0
19653,0.29018887232210094,0
17544,0.2901816100639948,0
3105,0.2901510631687992,0
9926,0.2901489531640973,0
6263,0.29014389690650416,0
8186,0.290127920278604,0
28043,0.2901222127306672,0
27691,0.29011844741964754,0
30181,0.2901041566870248,0
15254,0.2900989380628716,0
24532,0.29009553327547216,0
13690,0.29009447553199086,0
22145,0.29009430806788983,0
31173,0.290092532467631,0
31038,0.2900891221643004,0
21943,0.2900735529883734,0
13136,0.2900687754068948,0
18913,0.2900666400570741,0
11885,0.29006255061908204,0
14593,0.29006006788779404,0
18466,0.2900363680366955,0
15992,0.29002544555037807,0
24198,0.2900171625743468,0
1227,0.29001354349317215,0
1751,0.2900054559947078,0
23625,0.2899997372280876,0
16804,0.28999936560595535,0
29721,0.2899598176909678,0
15884,0.2899574834801746,0
13875,0.28994552545452135,0
23826,0.2899417512615095,0
18735,0.28990548086667467,0
21422,0.2898865362276873,0
16892,0.289885548541891,0
1256,0.28987756198244247,0
7767,0.289862960649154,0
20805,0.2898380807521131,0
26171,0.28982945209677036,0
10466,0.2898259727913047,0
196,0.28981947838166894,0
13709,0.2898173974372489,0
26451,0.2897767189592394,0
8206,0.2897744065112563,0
17639,0.2897626847533171,0
15896,0.28975234876106215,0
14697,0.2897487073399773,0
30963,0.2897475192051462,0
15380,0.28973789641357284,0
17141,0.2897295167760492,0
23635,0.2897199828234325,0
12953,0.2897169691821737,0
22960,0.28971106575743,0
26273,0.28967147068979354,0
14250,0.289670568479117,0
30296,0.28966105232123734,0
10424,0.2896488259266108,0
20346,0.28964340736600125,0
10536,0.289640044504304,0
18995,0.2896385488319725,0
3080,0.2896376612968079,0
1053,0.28963098377894053,0
11220,0.28961742412167324,0
319,0.2896053014557761,0
8523,0.28960249387168424,0
9497,0.2895929878390841,0
2387,0.2895594309693747,0
30263,0.28955920402924457,0
27969,0.28954173663783533,0
8532,0.28952773629218403,0
26775,0.28952465305335484,0
4572,0.2895234063097709,0
22637,0.2894962818950566,0
479,0.28949546231025264,0
9966,0.2894857520636189,0
22213,0.28946395021157156,0
22773,0.28945357695313567,0
20863,0.28943048175225355,0
7452,0.2894252763215961,0
18847,0.28940861745965624,0
16332,0.28938859845021375,0
3253,0.2893848284859761,0
11363,0.2893842908378978,0
20435,0.28937701131779564,0
2336,0.28937439845968504,0
1320,0.2893732810700689,0
8719,0.2893592809592212,0
11547,0.2893550658602779,0
3724,0.2893491280288489,0
12203,0.2893446290648882,0
29410,0.2893368917711781,0
13520,0.2893351206722084,0
7556,0.289334318277248,0
11684,0.2893310232814089,0
14817,0.289327594213519,0
11448,0.28932679779845033,0
5011,0.28932511651670656,0
13657,0.28932110102459,0
19085,0.2893162174355725,0
13903,0.2892920407971046,0
21118,0.2892901783893268,0
18509,0.28928732980032207,0
29041,0.28926994342085144,0
14594,0.28926109145912476,0
22012,0.2892606522487989,0
22931,0.28925249278574744,0
6517,0.28924488752522115,0
866,0.289224788325406,0
4708,0.28922171967490645,0
1968,0.2892182026459499,0
26898,0.28921362104694126,0
7657,0.28919208360611615,0
9344,0.2891890956076936,0
23889,0.28917440099955355,0
30592,0.2891470440018618,0
27028,0.2891443122294338,0
21644,0.2891310146058396,0
4833,0.2891259432843726,0
4323,0.28911138434409483,0
20205,0.28909648045912884,0
30242,0.28908887416017076,0
16154,0.28908401148506235,0
26504,0.289051224437034,0
8478,0.2890272080854363,0
12301,0.2890177120258343,0
4280,0.28900451962467605,0
1772,0.2889970915275677,0
14987,0.2889753750584865,0
9346,0.2889742114901957,0
25749,0.28897328021797203,0
20294,0.2889644792515496,0
18338,0.2889600242456611,0
8146,0.28894643621744615,0
41,0.2889416584579839,0
28535,0.2889397678840558,0
7294,0.28893800059231994,0
11790,0.28892883237210404,0
5107,0.28891406652408014,0
8026,0.2888863685428939,0
28278,0.2888850483836323,0
28030,0.28888492589037723,0
13852,0.28888328738089614,0
22442,0.2888808900702842,0
12275,0.28887816493198765,0
22293,0.2888600079137923,0
4589,0.2888511652480599,0
20873,0.28884669730509205,0
2689,0.2888353439114855,0
15123,0.28882069693297685,0
17330,0.2887898823447569,0
29052,0.2887813940329097,0
16571,0.28877997887044177,0
13255,0.2887644703767506,0
30742,0.2887495167703818,0
1514,0.2887404382443713,0
29872,0.2887380778252356,0
7042,0.2887350563744131,0
8723,0.28872809641457103,0
22890,0.28872246964348103,0
1749,0.28871938564365623,0
24348,0.28870220334111346,0
19833,0.28869310894894595,0
4916,0.2886849744883717,0
26617,0.2886754795806781,0
30845,0.2886611789780175,0
19466,0.2886593655934633,0
10859,0.28865850217385003,0
26929,0.2886495977585097,0
21798,0.28864214929153265,0
12684,0.2886300843464165,0
23359,0.2886238452652556,0
25705,0.28859691529029285,0
21695,0.28858876060412747,0
12262,0.28858706852180505,0
25748,0.2885642424421875,0
17339,0.28856181783834,0
7078,0.2885611433263416,0
15432,0.2885574712833359,0
25570,0.2885438097208935,0
14658,0.28854128702773646,0
29970,0.2885346564448677,0
4107,0.2885161104686296,0
22469,0.2885069395165087,0
22314,0.2885042232591671,0
5417,0.28849525808617305,0
11354,0.2884748264020724,0
25656,0.28846800293172165,0
30445,0.28846416574093625,0
5837,0.2884555532149942,0
22354,0.2884548416282703,0
17005,0.28844378786635155,0
4592,0.28844233073798614,0
18616,0.2884375457479202,0
10726,0.28842969196317336,0
3392,0.2884073807175037,0
2518,0.2884036673720921,0
27064,0.2883943153251455,0
22927,0.2883877601421696,0
15228,0.2883854295810036,0
17430,0.28837830755699156,0
29435,0.2883735043005224,0
2099,0.288369002790308,0
11364,0.2883685758405745,0
2928,0.28835955280392905,0
4534,0.2883486838760088,0
26802,0.2883392320556989,0
25614,0.2883381899559885,0
17494,0.28832999004165905,0
31262,0.28832316767280064,0
8594,0.2883224984590055,0
15400,0.28831643688116587,0
1722,0.2883051631909682,0
23734,0.28827842935746184,0
10288,0.28827826437208753,0
5685,0.28827301297517377,0
7528,0.28825070067669795,0
26317,0.288242741873256,0
27097,0.2882263872316967,0
26124,0.28821515055383207,0
29325,0.2882118426059799,0
27168,0.28820976285437505,0
29253,0.2881927020606046,0
3879,0.2881916788452025,0
2760,0.28818753717944123,0
25696,0.2881872186257055,0
18236,0.2881865262810147,0
9297,0.28818572184460256,0
23926,0.2881808233212338,0
11180,0.2881646033692728,0
12928,0.2881636858793091,0
24404,0.2881324604860017,0
4560,0.2881298124954377,0
21859,0.28812796578795186,0
22751,0.2881243218829207,0
22426,0.2881202036643124,0
1474,0.28811658989534744,0
30999,0.2881024519734438,0
6825,0.28809414534730193,0
6206,0.2880834063126267,0
10055,0.2880820987989839,0
26794,0.2880744359601069,0
22359,0.28804249901500084,0
15361,0.2880368665873293,0
25328,0.28803247905129065,0
11549,0.2880256497067513,0
9019,0.2880244526337157,0
23832,0.2880001440142487,0
25020,0.28799730515865196,0
27081,0.28799464813719633,0
23161,0.28799236045479704,0
521,0.28797117077765294,0
26997,0.2879705693775821,0
9477,0.28796604455564584,0
26265,0.28796221484728846,0
3443,0.2879616802070148,0
22311,0.2879539712746172,0
15082,0.2879161760414975,0
5491,0.28791517731007954,0
4433,0.28791301803186875,0
19879,0.2879087586577238,0
18724,0.28789131305832716,0
26721,0.287888334852129,0
30460,0.2878827916189342,0
16713,0.28787124292810995,0
28609,0.28786649212921084,0
23633,0.28786081328225377,0
6823,0.28785703019996184,0
27939,0.28784648017605446,0
14118,0.28784499608961533,0
16931,0.2877937231208928,0
1431,0.28777516056381275,0
27060,0.28777299375235327,0
24234,0.2877611372486054,0
17115,0.2877565093587021,0
2034,0.28775621697757314,0
8970,0.28774118922805814,0
23431,0.28773256881532294,0
26061,0.2877218488510426,0
4891,0.2877210213611932,0
7917,0.2877082074946265,0
4114,0.2876979009072761,0
29687,0.2876909072514211,0
18951,0.28768444879944605,0
20174,0.2876802674442268,0
20920,0.2876613130023934,0
19839,0.2876480608702149,0
15583,0.28761728876677656,0
30991,0.2876099265441241,0
5395,0.2875989442483455,0
6330,0.28759635746898576,0
3682,0.2875885965399726,0
29783,0.28757570649835124,0
27878,0.2875738934157638,0
3254,0.2875549583020115,0
29239,0.28755433476973874,0
28970,0.2875354711365399,0
22517,0.2875161079955838,0
28646,0.28751078352652326,0
7356,0.2875051139311524,0
19387,0.28747798780775097,0
8700,0.28747631585085326,0
28230,0.28747323259915986,0
6555,0.2874676072266718,0
11858,0.2874597023892586,0
13395,0.2874576831284429,0
229,0.287422817509809,0
9870,0.2874004593467733,0
6213,0.28737902031483065,0
12837,0.2873752842024664,0
12409,0.2873736784733663,0
30777,0.28736652313495736,0
31044,0.28736633439980774,0
27813,0.2873635560231776,0
20310,0.28734547643986363,0
11176,0.2873423403729552,0
21935,0.2873397929562555,0
22916,0.28732999850137475,0
26454,0.28732549291479537,0
6881,0.2873195899771227,0
17885,0.287304213699966,0
16683,0.2872986759348378,0
25114,0.2872847429558098,0
19490,0.2872592461611764,0
11067,0.2872532800180922,0
11182,0.28725106133550943,0
12727,0.2872460631740756,0
15904,0.2872453152256404,0
20462,0.28724269322086127,0
1391,0.28722392625692916,0
29417,0.2872224681929468,0
26386,0.28721501895828494,0
5001,0.2872138197402509,0
5189,0.2872107785430509,0
16232,0.2872036562101593,0
14722,0.28716183523264543,0
21862,0.28715908478129826,0
10017,0.28715797435541895,0
7923,0.287155045399132,0
2338,0.2871250696524501,0
2843,0.2871237218557932,0
28341,0.2871206388998831,0
31053,0.2871179588601304,0
7637,0.28711357474940596,0
28229,0.28710983359483877,0
21779,0.2871090743705388,0
17646,0.28710612677633895,0
475,0.28709969436583505,0
26473,0.2870920227336212,0
5835,0.28708367267779883,0
19960,0.28707810383912113,0
23702,0.2870744873640199,0
25624,0.2870722324695492,0
6385,0.2870639644856641,0
3884,0.28706014007967035,0
16973,0.287051291815915,0
22217,0.28703816692663175,0
20637,0.28703564181065583,0
6033,0.28703549766025066,0
21021,0.2870345074576127,0
5427,0.28702791803119637,0
19325,0.2869971271630652,0
13185,0.2869951566289066,0
25645,0.28698832755529596,0
9092,0.2869778707799757,0
23719,0.2869750173210209,0
24025,0.2869739321040352,0
28111,0.2869670401358044,0
8537,0.2869525248737822,0
13088,0.28693495150529036,0
21602,0.28693415596604643,0
30346,0.28692960179129656,0
21984,0.28691909190184267,0
13560,0.28691905911371285,0
620,0.2869170213799633,0
24698,0.28690956165262105,0
16366,0.2869086918389162,0
7809,0.28690645940958376,0
22027,0.2868981265887052,0
28396,0.2868872886243397,0
27521,0.28688396738780964,0
19156,0.28688089090627306,0
18223,0.28687437059626075,0
16261,0.28687375329232373,0
7954,0.28686427287045224,0
21813,0.28686139394367693,0
6732,0.28685940158660217,0
1957,0.2868585263512146,0
14640,0.28685208176112714,0
12047,0.28683531395845974,0
7145,0.2868339114535535,0
4186,0.2868337632359635,0
18147,0.28682954816208694,0
4309,0.28682646780569093,0
22046,0.28681949848465993,0
5177,0.2868150000380516,0
18695,0.2868127831432585,0
10016,0.28678574821225183,0
11913,0.286777756800501,0
14654,0.2867725412975703,0
31299,0.2867717859797544,0
8464,0.2867702458767879,0
22808,0.28676315777391087,0
18788,0.28675983027763763,0
1282,0.2867586729039079,0
9876,0.28675703643777345,0
2687,0.28674976792201684,0
20121,0.28674433925527604,0
15543,0.28674276948296773,0
15370,0.28672769516520225,0
5737,0.286722766393439,0
9560,0.286720439613191,0
5523,0.28671900195795974,0
14048,0.2867147634736572,0
13936,0.28671189877344117,0
26561,0.2867111322878548,0
376,0.2867087002561284,0
20596,0.2867012462403341,0
7746,0.28669089302959866,0
31334,0.28668253341912203,0
25278,0.28665565765613055,0
23691,0.28664494253325046,0
27153,0.28663058458227897,0
10684,0.28661968809289745,0
28019,0.28660767195002473,0
5614,0.28660529545938834,0
820,0.28660182562375697,0
21104,0.2865951115197476,0
4130,0.28658629489667403,0
24577,0.2865475018337802,0
19375,0.28654685220415316,0
22936,0.286529925935968,0
25668,0.28648286168539727,0
26692,0.28647985668760667,0
19675,0.28647352818291744,0
7290,0.28646695703861064,0
17816,0.2864560554897422,0
1286,0.2864533494757642,0
2234,0.2864456966564751,0
15474,0.2864443729391278,0
15369,0.28644075721876733,0
16528,0.28642540418976437,0
12215,0.2864233902665959,0
7496,0.28641030052857974,0
12414,0.28640705202826244,0
30342,0.2864052974696035,0
27726,0.2863801014514584,0
26272,0.2863167787314899,0
19051,0.28631276680053097,0
4381,0.2863037813358839,0
27100,0.2862930573140283,0
21810,0.286271151067813,0
16361,0.28625640533911456,0
28909,0.286254922486974,0
11520,0.2862422548086556,0
6408,0.28623164476985424,0
21379,0.2862257336525245,0
181,0.2862245766070765,0
28770,0.28621217910819835,0
20802,0.2861705444859482,0
19113,0.2861630242029471,0
10210,0.28615490494008927,0
2523,0.2861491661505455,0
25691,0.28613944679744885,0
14922,0.2861378702753201,0
15886,0.2861350274386833,0
12026,0.28612938774112856,0
22669,0.2861188190086638,0
19199,0.28611269405594386,0
25374,0.28610270673044436,0
7439,0.2860958611133619,0
20083,0.2860958611133619,0
14898,0.28608068551449334,0
16850,0.2860693852366193,0
16347,0.28606190030473483,0
24863,0.2860427529019953,0
3972,0.2860147209316888,0
15103,0.28601262015796397,0
6228,0.286005818563928,0
6478,0.2860051153599175,0
3981,0.2860050398116282,0
20266,0.28600300614548874,0
2096,0.2859956827160477,0
2631,0.2859861124662857,0
30786,0.2859763778162775,0
5769,0.2859741458662034,0
5569,0.2859654100685683,0
6349,0.2859620156765925,0
13345,0.285959253094421,0
31234,0.28595250319732984,0
30825,0.28594693839853513,0
20859,0.2859368655268395,0
15969,0.2859343195147945,0
8955,0.2859261392433571,0
12590,0.2859209721415117,0
17652,0.2859151559685074,0
3336,0.2859120898694882,0
21966,0.28589557860276726,0
11427,0.28589272223842666,0
2166,0.28588616963068425,0
1068,0.2858859929880289,0
5240,0.28588261403988346,0
21542,0.28587956816127363,0
2081,0.28587723478789123,0
21323,0.28586286750336176,0
10858,0.285858928255649,0
6579,0.28584050777338843,0
24496,0.28582021585280876,0
24452,0.285820090721945,0
1462,0.2858149455506697,0
121,0.28579856195507264,0
16035,0.2857964167595643,0
9045,0.2857958572228157,0
18964,0.2857888829126548,0
24497,0.2857799139295251,0
27912,0.2857703508916211,0
10373,0.28575445076443307,0
16272,0.2857533448944573,0
5180,0.2857492194812277,0
1005,0.28571732523093873,0
9910,0.28570942037693636,0
4423,0.28568013916668744,0
10618,0.2856766028222832,0
29817,0.2856762968425522,0
23498,0.2856691915776394,0
9244,0.28563203082038485,0
30687,0.2856290865007259,0
25728,0.28561340690498627,0
10240,0.2856057059342858,0
10081,0.28559578703032984,0
26465,0.2855805152326198,0
1673,0.28557844160788937,0
10436,0.28555659672163713,0
3806,0.2855237066606472,0
17240,0.28550862132641475,0
15231,0.2855078626376193,0
6919,0.2855028330090901,0
5574,0.2855015732187733,0
19815,0.2854970831285555,0
4631,0.2854965527424414,0
24371,0.285463108960774,0
23116,0.28546119061660363,0
18079,0.2854355499463917,0
23112,0.28543042341923697,0
22821,0.2854279943011981,0
5447,0.2854169534193574,0
512,0.2853973461344236,0
937,0.28536870649884166,0
21540,0.2853576028179727,0
16491,0.2853520992390362,0
19028,0.2853504280719752,0
11100,0.28534806831757153,0
26555,0.2853143540360745,0
21659,0.28531392281468226,0
13463,0.2853135035194511,0
6763,0.2853031958287411,0
18462,0.28527698234894233,0
22706,0.2852563347716345,0
17479,0.28524693075822244,0
29530,0.28523990036078833,0
25072,0.28523208871304956,0
21959,0.28522866628176874,0
7937,0.28522564154972263,0
13904,0.28522311670720996,0
4618,0.2852193945966753,0
23437,0.2852104263245596,0
4422,0.28520688185770726,0
30215,0.28520392591729954,0
5059,0.28520392367321634,0
24913,0.2851944159002644,0
5994,0.28518928206407174,0
12542,0.28517632705546847,0
18040,0.28517367631055107,0
23468,0.28517117307964707,0
1344,0.28515765184219677,0
25704,0.28515369647560274,0
867,0.2851513152954002,0
24602,0.2851372078011899,0
21460,0.2851178324675568,0
13281,0.28511204522280886,0
6250,0.2851084761831806,0
21343,0.2851014215729419,0
5068,0.285094664231967,0
18143,0.28508630955683134,0
5096,0.28506706776240454,0
22774,0.2850669515257324,0
13317,0.2850609432463588,0
14681,0.2850385890845412,0
5146,0.28501435944073883,0
13594,0.2849650695243629,0
9380,0.2849484342508781,0
19862,0.28490849188994066,0
7881,0.28489658225744374,0
6850,0.2848852735169356,0
14223,0.28488477182138394,0
10085,0.2848818005306883,0
3689,0.2848796170854196,0
286,0.28487910621571844,0
9594,0.284871779066459,0
22955,0.28486183235346557,0
17096,0.28485262190800814,0
10508,0.2848519810651213,0
23604,0.284822016846256,0
23909,0.28481833076719754,0
16204,0.2848079923697114,0
17648,0.28480608061807466,0
17180,0.2847929367953408,0
20312,0.2847924506450766,0
5738,0.28478859755636454,0
877,0.28478761830163873,0
16934,0.28477598104380925,0
1203,0.284772583400651,0
14056,0.2847699165290705,0
15055,0.2847659838819536,0
31150,0.28475830089196835,0
2551,0.28475494646064436,0
31067,0.2847504434041857,0
19950,0.28474877333080023,0
13177,0.2847427602832433,0
18445,0.28474198978744225,0
30462,0.2847379391995273,0
5029,0.284733358581721,0
22388,0.28471832630919985,0
26658,0.2847174249884695,0
20055,0.28471492113851027,0
20530,0.28470386994438873,0
208,0.2846917456503998,0
955,0.2846867285775266,0
601,0.2846858078923731,0
6663,0.28467809493723306,0
19963,0.2846770653929728,0
15986,0.28467696321187175,0
25789,0.284676897057065,0
14781,0.28466759342715514,0
13322,0.2846516721828838,0
3699,0.28462192182827567,0
18216,0.2846181349280362,0
8347,0.2846097536094738,0
31296,0.2845746756402849,0
22058,0.2845615627183218,0
29308,0.2845533403951022,0
9078,0.28454374206500743,0
13528,0.2845416462829553,0
17329,0.28453503538910296,0
3714,0.28452096848271335,0
9686,0.28451995262456975,0
4468,0.28448242177082667,0
9138,0.28447584453666563,0
8578,0.2844717901827583,0
20257,0.2844671159119123,0
16274,0.2844664383540495,0
21049,0.2844332350029988,0
982,0.28442572224683826,0
14385,0.2844240453446217,0
10692,0.2844072694805178,0
12450,0.28440660900431697,0
4650,0.2843938191212525,0
22750,0.28439240509640756,0
19859,0.2843908243667792,0
19872,0.2843705348535204,0
25485,0.28435632787728254,0
25239,0.2843511627685781,0
10882,0.28434484490474965,0
19563,0.28431705287630704,0
25445,0.28429592902523776,0
15740,0.28429545248825344,0
20817,0.28429144357191644,0
16546,0.2842855171043333,0
23762,0.2842779986920061,0
2616,0.2842607876149207,0
19640,0.2842583486809711,0
15538,0.2842515882260061,0
13683,0.2842508325494508,0
24054,0.2842495608606962,0
24817,0.2842241289098907,0
3597,0.2842073731029184,0
20982,0.2842065117710989,0
23530,0.2842049612551028,0
14672,0.2842036334758715,0
10982,0.28419263653677723,0
373,0.28419084098080977,0
27397,0.2841879381081669,0
1056,0.28418454551165645,0
13573,0.2841785882945761,0
6001,0.28417752511838357,0
16222,0.28416823755260445,0
22139,0.28415710147850226,0
24720,0.2841364518393754,0
25195,0.28411920345166336,0
4996,0.28410905225725813,0
21415,0.28410584186741317,0
16280,0.28410208769446804,0
20537,0.2840954059256644,0
17710,0.2840844651352629,0
1040,0.28406460137353795,0
3164,0.28405810565134876,0
13541,0.2840487190777065,0
3661,0.28404369530778234,0
28584,0.2840399725893931,0
23843,0.28402836488044675,0
20064,0.2840088728930863,0
26909,0.2840024731351625,0
1966,0.28397918269960315,0
8074,0.28395355539320166,0
12432,0.2839337977579843,0
15844,0.28391325179517796,0
833,0.2839055844748938,0
6762,0.2839051900500211,0
20046,0.2839010840839714,0
19486,0.2838932869251412,0
14362,0.2838901811617478,0
15702,0.2838667863525697,0
2863,0.28385948227215385,0
2594,0.2838514484962793,0
27298,0.2838429969673326,0
807,0.283836179236321,0
689,0.2838320120618388,0
15347,0.283828940922267,0
21823,0.28380064382146264,0
4744,0.2837978838776846,0
3570,0.28379517131051624,0
25511,0.28379105478390837,0
24303,0.28376640157405036,0
4086,0.28376388641819994,0
11964,0.28374455960354966,0
25324,0.28370667349751116,0
1305,0.2837046254959155,0
25188,0.2836961980200938,0
15562,0.28369141868561093,0
12772,0.28368647567512806,0
20136,0.2836735272739193,0
7642,0.2836702485891831,0
15116,0.2836511397619823,0
10762,0.2836385771073897,0
29756,0.28361237620677954,0
15002,0.28361236956602776,0
15051,0.2836117474484105,0
20841,0.2836108965229243,0
9360,0.2836039898020874,0
7891,0.28359728620641284,0
27745,0.28359725602956104,0
6249,0.2835937743386892,0
3726,0.28358971819670936,0
11871,0.28358290624640703,0
7170,0.28358188721331035,0
4917,0.28356997386580485,0
11419,0.28356300824321284,0
17868,0.2835524372903424,0
19663,0.2835275122508373,0
20073,0.28352324894314873,0
25574,0.28351811669959154,0
21230,0.28351754334185075,0
28943,0.28350909325519513,0
30832,0.28349924005512844,0
25415,0.283492758049122,0
2266,0.2834832196663737,0
3073,0.2834820223174017,0
1435,0.2834762198954295,0
9461,0.28346228998730955,0
12014,0.28344553454275456,0
5256,0.2834144681188009,0
16597,0.28340862858015387,0
25964,0.28340461188088456,0
14683,0.2833904524060981,0
9868,0.2833656420869602,0
18627,0.28335515355561247,0
24988,0.28335151980321255,0
15815,0.2833321622515143,0
6699,0.28332595393111876,0
30493,0.2833121873471354,0
5907,0.2833064359397406,0
12629,0.2833040162746252,0
27918,0.28330359804566313,0
1116,0.2832910679338243,0
21645,0.28328744176419224,0
12483,0.2832849649001183,0
16354,0.28328412686257015,0
1469,0.2832817888269335,0
14586,0.2832606734562944,0
19819,0.2832570531328588,0
1006,0.2832352793449899,0
12805,0.28322002026446197,0
13035,0.28321921141503353,0
18607,0.2832054295859766,0
11264,0.2831963327720681,0
28968,0.28319251479646107,0
21196,0.2831909707742401,0
24641,0.28318898061693754,0
24982,0.28317418362883306,0
15473,0.2831242215065808,0
2932,0.28310356240442436,0
11677,0.28309522273798016,0
6653,0.2830780035913427,0
21530,0.2830768926740496,0
12706,0.2830755881072627,0
19910,0.28306789899458296,0
23925,0.28306139068373665,0
27635,0.28305881717780673,0
9543,0.2830498014162852,0
24340,0.2830456118868317,0
6000,0.2830438798662177,0
22288,0.2830301366141629,0
13487,0.28301980841462715,0
3849,0.28301442217678535,0
20858,0.28298791710905496,0
25262,0.28296911114035145,0
2189,0.2829686175153592,0
23250,0.28294934255828025,0
25735,0.2829435467967542,0
7284,0.2829387805018579,0
19117,0.2829387796855378,0
19801,0.2829330509806716,0
25454,0.2829326285645742,0
7928,0.28289963955170133,0
28059,0.2828849974498737,0
28098,0.2828721145476341,0
16541,0.2828447098436221,0
19553,0.2828329630654424,0
20478,0.2828087714096287,0
20354,0.28280785245007445,0
2463,0.28280163088447563,0
322,0.2827952721091364,0
21921,0.28278910402992996,0
28046,0.28278550270678093,0
27504,0.2827843696755501,0
5733,0.2827746043406998,0
13265,0.28276479059640214,0
21843,0.2827565916831594,0
9040,0.28275519885003664,0
7650,0.2827402403159835,0
17688,0.28273453272885213,0
2772,0.28273263195652865,0
21891,0.2827229968442093,0
5198,0.2827219903655742,0
28133,0.28271858898317803,0
21213,0.28271008137415127,0
18796,0.28269650662335516,0
28091,0.2826964483591525,0
4544,0.28268578607984657,0
885,0.2826605601515121,0
26161,0.28265614305841774,0
18536,0.2826262971158201,0
1245,0.28261502473295275,0
8178,0.2826127971540842,0
23520,0.28260259922619185,0
15866,0.2825999504606665,0
14777,0.28259405093968026,0
20296,0.28256441222666173,0
22593,0.2825562609803482,0
7319,0.2825530365811316,0
29442,0.28253731727590287,0
17029,0.282527741852933,0
24393,0.28252690820652465,0
28805,0.2825231551008558,0
7820,0.2825079287741346,0
2262,0.2824980482959997,0
24970,0.2824892356018483,0
13981,0.2824850313120799,0
14229,0.28247981615387713,0
5783,0.2824695334036459,0
10098,0.2824592545854896,0
13388,0.282457215354669,0
30759,0.28245289322123346,0
9343,0.2824357938017244,0
16425,0.2824288336524389,0
22698,0.28242635986198483,0
21307,0.28238596789541004,0
15653,0.28237281939665354,0
3978,0.28237228603078257,0
8562,0.28237098514604375,0
15616,0.28236598641892424,0
10269,0.28236526878008955,0
27602,0.2823374133879916,0
9179,0.2823362884757966,0
8614,0.2823285919080746,0
8223,0.2823160420524997,0
9146,0.28231069612320053,0
7276,0.28230105484535634,0
1760,0.28229826741970226,0
25145,0.28229725078502804,0
30488,0.2822656502120163,0
7183,0.28226495682387676,0
14141,0.28226422736759477,0
19215,0.28225798301084604,0
23063,0.28225169454652177,0
27304,0.28224367687676827,0
20023,0.282240609900887,0
18080,0.2822385087880273,0
17692,0.282231476742571,0
14083,0.28222052402711834,0
20011,0.2822125244863711,0
21023,0.2822118170223277,0
3609,0.28220448260661946,0
7000,0.2821901703704026,0
6592,0.282189811265088,0
23147,0.2821815906965482,0
17945,0.282173053738617,0
4725,0.2821660648009423,0
20137,0.2821640861249209,0
14564,0.2821631207717973,0
377,0.2821496018528576,0
5548,0.2821488653726336,0
20096,0.28214015109727003,0
13031,0.28212580607283533,0
11397,0.2821251345116911,0
9119,0.28211801829063565,0
5620,0.28211223140137187,0
6176,0.28210937404924274,0
12154,0.28210840758314587,0
6889,0.28210802727726003,0
4554,0.2820970487430194,0
30612,0.2820712371040929,0
27806,0.2820659732198124,0
16909,0.2820496677389286,0
20341,0.2820415508919081,0
15209,0.28204095603402574,0
7251,0.2820370395941258,0
116,0.2820267439204571,0
29579,0.28202635766038264,0
21763,0.28202352007906906,0
18713,0.28199953932161553,0
22831,0.2819972796993391,0
721,0.28199378784065315,0
10975,0.2819694390751004,0
8002,0.2819586004471529,0
24748,0.28189337906928547,0
16736,0.28188405734241967,0
8139,0.2818722141387228,0
3871,0.28186849854884655,0
31330,0.2818585198026098,0
18085,0.28182757176782386,0
9269,0.2817996177723885,0
15636,0.28179255187956814,0
9853,0.28178639188666166,0
14488,0.2817476228407337,0
5867,0.28174029892695945,0
17016,0.2817315459882809,0
24246,0.2817172330973015,0
8967,0.28170547846459076,0
24646,0.28168287791160557,0
1730,0.2816731854712606,0
18119,0.2816679570493653,0
18878,0.28164079903850986,0
7788,0.28163597289748177,0
8273,0.2816327650500591,0
14030,0.28159778122902573,0
28478,0.2815977767931862,0
10633,0.2815953641283928,0
15134,0.28159428911965784,0
19811,0.28159095400078366,0
7432,0.2815814177823544,0
22830,0.2815227055693857,0
152,0.28151378643377534,0
7308,0.2815074342521069,0
13355,0.28150065171791183,0
3106,0.28149948297756927,0
4803,0.28149872372727214,0
17039,0.2814713124469848,0
15693,0.2814641326305558,0
24884,0.28146072058176697,0
13798,0.28144684447054535,0
3564,0.28143272938247055,0
88,0.2814151787043429,0
9558,0.28140854630458834,0
6270,0.2813983043673739,0
4158,0.2813982252018081,0
674,0.2813822964694607,0
5575,0.28137367905754884,0
14241,0.2813709269268759,0
1571,0.2813624506924786,0
1138,0.2813472130072405,0
1634,0.2813442427392348,0
22312,0.2813322764334112,0
22610,0.2813298913255107,0
28557,0.281321146411492,0
15629,0.28130508712494257,0
28910,0.28129542573126265,0
28980,0.2812806443174237,0
13861,0.2812707977366068,0
22487,0.28126975661520726,0
16885,0.28126627711690677,0
13196,0.28125660709639,0
8334,0.28123082974425456,0
25717,0.28120964388666697,0
18166,0.2812002026052172,0
15325,0.2811880691361098,0
14633,0.28117729572163447,0
3627,0.28116953381794946,0
15694,0.28116166403722737,0
16558,0.28114424052882225,0
5924,0.2811380866887736,0
13604,0.2811360118568025,0
22073,0.28112024425329707,0
20766,0.28111315865214825,0
10321,0.2811051715735877,0
10137,0.281099921961246,0
18876,0.2810970732210927,0
503,0.28107406862242607,0
7114,0.28107227581618127,0
18985,0.28106777622762474,0
15795,0.28106375631508446,0
21018,0.2810625770756283,0
9734,0.2810590641453109,0
22677,0.28105578064164466,0
23480,0.2810474237235115,0
12905,0.2810443702842174,0
20072,0.28101019316000675,0
4652,0.2810021680093816,0
29540,0.2809960547689498,0
5174,0.2809815682859655,0
4099,0.28097524487060704,0
28576,0.2809492773148803,0
12954,0.28093029801029185,0
30508,0.28090673270412936,0
14828,0.28084827762432274,0
25470,0.28083636788367167,0
27137,0.28083323046073383,0
25923,0.28082968796590013,0
30334,0.2808223350141736,0
8868,0.28081079162440603,0
511,0.28080443663795046,0
26030,0.2807985470244322,0
11870,0.2807897193090679,0
6980,0.28078560763694893,0
21728,0.2807806016963089,0
25250,0.280770594312865,0
22924,0.28076885512454963,0
954,0.28074580171545105,0
7584,0.28074177697008335,0
26256,0.2807376756742277,0
10609,0.28073518676434567,0
15128,0.2807300930838088,0
14073,0.28070197156863297,0
11812,0.2806860863269546,0
20670,0.2806808138402339,0
17901,0.2806747189717776,0
13607,0.28066270772272583,0
4985,0.280660347427008,0
11938,0.28064687226962126,0
17495,0.2806326135448492,0
12944,0.2806291786913297,0
9468,0.2806082570898789,0
19791,0.2806063040111584,0
11378,0.2806029811447968,0
19825,0.2806026840203055,0
201,0.28059392632213764,0
15348,0.28059356107227607,0
20664,0.2805342182110793,0
830,0.28053334424459075,0
19773,0.28052514161761494,0
30714,0.2805166930819862,0
20535,0.28051265622839205,0
12648,0.2805031251248972,0
17412,0.28048278143467714,0
23371,0.2804798886175706,0
7064,0.2804777936774878,0
11928,0.2804608470477075,0
15273,0.28045975843248155,0
10358,0.28041298933247594,0
31210,0.2804082153849779,0
5941,0.280377822873789,0
12681,0.2803644184747344,0
19627,0.280355993612601,0
17874,0.2803535875596529,0
21849,0.2803268203385468,0
29186,0.28031925330882096,0
24883,0.2803156695650715,0
6630,0.28030409642327614,0
19267,0.2802961767666991,0
4314,0.28029419584278403,0
22961,0.28027944187432263,0
15644,0.28027336384774026,0
26307,0.2802727827861186,0
2959,0.28027242817786113,0
11395,0.28026261752381154,0
16321,0.2802573028881701,0
5913,0.28024860110889815,0
7442,0.2802437913806618,0
26078,0.28020817935731246,0
30239,0.28020284322458994,0
17483,0.2801997025606717,0
810,0.2801947463281031,0
14203,0.2801921499029872,0
28620,0.28018478222848736,0
9816,0.28017434365344035,0
1829,0.2801634962666296,0
4582,0.2801575787354492,0
26314,0.2801504182119279,0
19782,0.2801446416687957,0
2098,0.28014088023197875,0
13622,0.28012347996613157,0
13436,0.2800843693252463,0
21579,0.28007002259502983,0
1220,0.2800687481977675,0
24590,0.2800595273850284,0
7305,0.28005791303097716,0
20053,0.28005752569478687,0
3744,0.280041424342891,0
20192,0.2800290193179055,0
2329,0.28000600458768277,0
11141,0.2799942105240721,0
8266,0.27999136819980475,0
23428,0.27997177620734076,0
25737,0.27997170467925825,0
4888,0.2799364792197671,0
18914,0.2799338819288268,0
14386,0.27991801843680914,0
12794,0.27990940573860945,0
18317,0.27990866317072066,0
16873,0.27990306222257777,0
28492,0.2798922692341479,0
1853,0.2798872361024415,0
3260,0.27988501781270336,0
21844,0.27988431538161385,0
15020,0.2798664015208793,0
28202,0.2798600514235401,0
14778,0.27984566435851993,0
17876,0.2797885699177927,0
7958,0.2797865568173049,0
13655,0.2797795593753005,0
2690,0.27977535830831163,0
4831,0.27975875818367507,0
30470,0.27975296333293387,0
14632,0.27974287274340176,0
1275,0.279741276628136,0
19173,0.27974060582917654,0
2282,0.2797372395378771,0
20084,0.2797291029103478,0
9374,0.2797211693667218,0
16014,0.27971260107537477,0
27260,0.27970974516438635,0
22846,0.2796977454772135,0
15947,0.27969526202927414,0
19499,0.2796942953994132,0
2501,0.2796927267315668,0
5418,0.27969000661451304,0
26809,0.27967644783297574,0
4367,0.27966933745496897,0
30380,0.27966905996543984,0
22370,0.2796633859392238,0
4047,0.2796600342511005,0
28919,0.27964622162985003,0
29838,0.2796405196360647,0
5731,0.27963705288828944,0
13189,0.27963432718930337,0
19899,0.2796228090354598,0
5270,0.27960086965646513,0
18814,0.279599825504678,0
30718,0.2795956898356439,0
5616,0.27956846266878965,0
4762,0.2795651594814169,0
23712,0.27955991022988935,0
25802,0.27955567282582494,0
16609,0.279554248203932,0
29937,0.27955200214804093,0
671,0.27955106628063137,0
14051,0.27952464354345685,0
23750,0.2795126509633709,0
5440,0.27949830009079824,0
6849,0.2794911243843158,0
12018,0.27949047375759106,0
23062,0.27948969340757635,0
29149,0.2794831290411615,0
29363,0.2794797997737681,0
1493,0.27945897166223166,0
27117,0.27945581361930083,0
30240,0.27944677034088367,0
9292,0.2794429112549442,0
12804,0.2794408994971813,0
11832,0.27943043227449393,0
26562,0.27942203338252236,0
6852,0.2794154289344211,0
5714,0.27940507069480935,0
25277,0.27939666233331395,0
17100,0.27938391861304235,0
17445,0.27938217308853913,0
29574,0.2793765086800807,0
3227,0.27936899743944904,0
7498,0.27936868799770526,0
10811,0.2793613625300831,0
25168,0.2793566819092298,0
9599,0.27935230690345947,0
28086,0.279343544743149,0
2584,0.279338840171935,0
5293,0.2793268494820835,0
5192,0.27930802923938897,0
27255,0.2792850415728485,0
30059,0.2792813211812187,0
3238,0.2792752315157677,0
11231,0.27927254233035476,0
1358,0.2792670110089046,0
9901,0.2792663473074183,0
17982,0.2792584432168513,0
29978,0.27921249451804514,0
25036,0.27921127511403016,0
12093,0.2791929650106289,0
25267,0.279191856239988,0
1496,0.2791854495491553,0
25920,0.2791717760870348,0
4454,0.27916385162456453,0
10261,0.2791595681270164,0
25431,0.27915152721226844,0
30152,0.27913073546336337,0
2478,0.27911994477546076,0
18343,0.27911819551617284,0
2811,0.2791125170561977,0
6511,0.27911145999272835,0
4893,0.2791087796876464,0
22281,0.27910111185743286,0
26135,0.2790916889212473,0
3191,0.27908817509538025,0
14682,0.2790622717085264,0
15477,0.2790600890076565,0
19575,0.2790557031299443,0
10785,0.2790443886874252,0
27604,0.27904339614611245,0
23965,0.2790396100315323,0
23904,0.27903060071700564,0
20606,0.2790184651161973,0
2682,0.2790155034246611,0
17532,0.2790030274078325,0
12343,0.27900114983983804,0
4970,0.2789878709877559,0
6209,0.27898416774622203,0
12348,0.27896372027464195,0
10009,0.2789549498297285,0
10179,0.2789398713496826,0
13628,0.27892767335557567,0
5441,0.2789255401914437,0
17902,0.2789181897179182,0
11381,0.2788921385807636,0
16663,0.27889069078833456,0
7943,0.2788819433552895,0
23834,0.2788794439580599,0
8828,0.27887870467067905,0
27739,0.2788779910866438,0
29973,0.2788490113192151,0
24851,0.278846266749188,0
18663,0.27883264362906224,0
27906,0.2788315796939397,0
17862,0.27881529115902964,0
1449,0.27881479637705703,0
24752,0.27879637268022717,0
12884,0.2787877695474536,0
22120,0.27878761524362383,0
22598,0.27878494080443855,0
13633,0.2787804096552564,0
17001,0.27877531140269474,0
24604,0.2787643424186302,0
17998,0.27875388985944616,0
9708,0.2787421603195595,0
12078,0.27874111976748545,0
596,0.2787246661030893,0
25444,0.2787163007944696,0
16161,0.2787132417952715,0
27999,0.27870941894680124,0
27347,0.2787088802952892,0
14700,0.27870851814625863,0
29372,0.2787010879718988,0
8370,0.2786812071144884,0
5784,0.27867581924645196,0
26050,0.2786676033441047,0
27786,0.27865761306333253,0
9149,0.2786529504557714,0
8467,0.2786321049146453,0
29881,0.27861075907254246,0
11803,0.2786082549986064,0
587,0.2785954969784303,0
28210,0.2785941484679865,0
1637,0.27859359197815275,0
27278,0.278574338658001,0
13985,0.27856528411289994,0
17784,0.27855999638856227,0
3968,0.27850552440830456,0
28664,0.27850297348097836,0
21108,0.278499602167201,0
30693,0.27847048950701503,0
30067,0.2784595189474318,0
19706,0.2784534321830203,0
8285,0.2784428336488446,0
8062,0.27843203490068646,0
30256,0.27842074140668027,0
2366,0.2784102894456253,0
13083,0.2784029856457347,0
21131,0.2783990631730958,0
21784,0.2783985215612884,0
15071,0.2783968976391744,0
23806,0.27839460943644617,0
9386,0.2783935750347251,0
24323,0.27839352628475855,0
12941,0.2783913768341593,0
5625,0.2783863225948886,0
15975,0.2783750037897125,0
11697,0.2783692246684625,0
7561,0.2783555891525028,0
17838,0.2783443431387399,0
29815,0.2783391756898195,0
27222,0.2783273462457075,0
12187,0.278326844029606,0
20388,0.27832105467551205,0
27839,0.2783184858993107,0
6123,0.27830831972323294,0
16316,0.2783019822467023,0
21974,0.27829725509315745,0
18347,0.278289960655911,0
8466,0.2782841643213665,0
21607,0.2782816614086616,0
20038,0.2782780868579595,0
30408,0.2782671705901531,0
6729,0.2782666677162904,0
9325,0.2782657625397433,0
28714,0.27825617578184464,0
13689,0.27824373964264826,0
20821,0.278239123881833,0
11357,0.27823861570342157,0
10134,0.27822841405188137,0
17093,0.27821939700210147,0
28311,0.2782165599152842,0
9022,0.278184648979797,0
13071,0.2781628115572964,0
25465,0.2781589344471999,0
6479,0.2781533602565521,0
15796,0.27814193380890745,0
22307,0.27812944896137076,0
7132,0.2781110372232483,0
6791,0.2781066386286041,0
10156,0.27809982965602276,0
12937,0.2780939287902682,0
28598,0.278092062525025,0
25676,0.27808616447711215,0
28983,0.27806491921687,0
5345,0.27805808531883186,0
26667,0.27805395391976157,0
17262,0.27804577196580227,0
17241,0.2779933870989749,0
31205,0.27798810080862546,0
2114,0.2779878862226124,0
8254,0.2779872070448469,0
29999,0.2779858241713437,0
27702,0.27798503953729753,0
17414,0.2779656515357707,0
4447,0.27792694612228314,0
12037,0.2779197999185635,0
25352,0.27791834775589264,0
707,0.27790350400854263,0
1001,0.27790305458708675,0
21024,0.2778685531936506,0
29952,0.27786823213786216,0
19922,0.2778647564203477,0
27052,0.27786351866204984,0
9130,0.2778574255291103,0
22250,0.2778481812449143,0
31183,0.27784007325586196,0
24137,0.27783484928870317,0
17066,0.27782230001200753,0
23392,0.2778216228331658,0
21356,0.27781560569814745,0
5492,0.2778139591184896,0
12657,0.27781184345236787,0
23560,0.27780646165921374,0
4210,0.27779506389004177,0
1272,0.2777888289117529,0
3552,0.2777872947425998,0
17112,0.2777834829882986,0
3883,0.277782060519391,0
21309,0.27777548185060175,0
21516,0.2777642665801893,0
11859,0.2777624623042309,0
10173,0.2777596447447312,0
9754,0.27775360505496205,0
169,0.27774804454298907,0
12358,0.277739498202494,0
5877,0.2777373185822524,0
24060,0.2776951506567438,0
22146,0.27768618848207693,0
13971,0.27766766804262977,0
23867,0.27764450475545915,0
13606,0.27763734924526146,0
10414,0.27763046289063203,0
16225,0.2776152277174512,0
3301,0.27761018860867137,0
8725,0.2776075290674077,0
14998,0.2776027091016015,0
31280,0.2776026634302553,0
6301,0.27759890862386355,0
14763,0.2775969976362919,0
21907,0.2775817000087601,0
28025,0.2775789760785318,0
9578,0.2775686717997507,0
21954,0.27756695392790076,0
4662,0.277545059437684,0
3294,0.2775416280404728,0
18958,0.27754030601692287,0
27203,0.2775106033475591,0
25655,0.27750766379878894,0
16226,0.2775042469743292,0
20950,0.2774810499387951,0
10379,0.2774700329088748,0
9538,0.27746910202194547,0
5555,0.2774667972034742,0
14247,0.2774663841302361,0
3558,0.27745907818485976,0
1608,0.27745032605281233,0
17814,0.2774482516573492,0
10529,0.27744559750028314,0
13340,0.2774291989858929,0
9038,0.2774168079231319,0
30071,0.2774068870401687,0
3862,0.2773990503181111,0
12998,0.27739592346857206,0
20185,0.27737764182375907,0
25519,0.27736657828421646,0
3572,0.2773483399031845,0
19940,0.27731971056174315,0
7921,0.2773140470514213,0
15238,0.2773082375658099,0
15410,0.27730023303267404,0
23220,0.27729799112501086,0
26260,0.2772882205006016,0
22339,0.2772643886758872,0
29805,0.27726103362448734,0
28862,0.27724455809329046,0
1553,0.2772423593179688,0
17400,0.27724229697012887,0
29451,0.27724229152866225,0
16416,0.27721026366564905,0
3608,0.27720544732853136,0
628,0.2771941045910977,0
20856,0.27719140340559134,0
21931,0.27718375627708136,0
1141,0.27717954329452577,0
9349,0.27717295165945616,0
15959,0.27717185250525406,0
5566,0.2771711867172112,0
9134,0.27717035700264164,0
8329,0.27716665813876235,0
9218,0.2771563237692958,0
10579,0.27715420940218005,0
21438,0.2771537166112253,0
6440,0.27714608314483913,0
10232,0.27713026237705946,0
20256,0.2771287030878987,0
26943,0.27711987357678813,0
22306,0.27711023609335006,0
8082,0.2770973467367357,0
25034,0.2770813846199845,0
4810,0.2770804754624166,0
5926,0.2770606160009847,0
9797,0.2770485896535588,0
16446,0.277018896140884,0
11551,0.27701622054409697,0
13283,0.2770082720179907,0
17347,0.27700125105670037,0
27241,0.2769998404942104,0
9147,0.27697471671720386,0
8863,0.2769629800555825,0
15589,0.27694729728033585,0
21286,0.27692877187317644,0
19177,0.2769270588164494,0
5640,0.27692487743356353,0
25394,0.27692471919090206,0
5975,0.276920341992821,0
7392,0.27691856004295695,0
22740,0.2769124739352799,0
31332,0.2768982279596306,0
9555,0.2768852829476467,0
24978,0.2768703989813399,0
13374,0.27686567052386024,0
30968,0.2768584536031109,0
28134,0.27685782382769036,0
30980,0.27684548965835776,0
14899,0.27684328631299826,0
15042,0.2768316023406106,0
12887,0.27682660423380034,0
3384,0.2767945191381388,0
21140,0.276760713310709,0
3364,0.2767469432764061,0
22368,0.2767316939017834,0
29294,0.27672269013608936,0
1175,0.27672020505397,0
1878,0.27671752651968734,0
17423,0.27671699423987206,0
1367,0.2767166234425879,0
21167,0.27671659222601214,0
7207,0.2767018529050053,0
17428,0.27669895430638525,0
8952,0.276691361714389,0
24618,0.27668786723410826,0
31026,0.2766873421447801,0
4197,0.2766852391850194,0
15827,0.2766803634500424,0
857,0.27667559087475924,0
3841,0.2766613801375442,0
655,0.27665916189690654,0
13539,0.27665439869480574,0
18134,0.27663349189247677,0
1806,0.2766302690060988,0
17684,0.2766053311684196,0
8500,0.276573004835447,0
27718,0.2765726526428486,0
1526,0.27656287676652086,0
27924,0.27655978253062635,0
9508,0.27655842313862905,0
14755,0.2765372543776378,0
10740,0.2765274968022462,0
9843,0.2765113063683455,0
23277,0.2765048200523044,0
7681,0.27650306437573646,0
22050,0.2765002393203259,0
13421,0.2764899097215064,0
15046,0.276473676744755,0
14360,0.2764617092605793,0
11989,0.2764441052544939,0
7704,0.2764381652796071,0
15649,0.27642450800325463,0
12303,0.2764104221970166,0
8933,0.2763983506106913,0
26913,0.2763881711377128,0
18394,0.276369592563277,0
381,0.27636520248794444,0
21775,0.27636067897445554,0
25083,0.2763604333451234,0
6462,0.2763537439587395,0
22680,0.2763529093667822,0
13379,0.2763453179120889,0
5717,0.27632819626130267,0
19843,0.2763252261495962,0
15581,0.276313870598531,0
17113,0.27628677242785415,0
29883,0.2762835594571291,0
5191,0.2762670895301175,0
24439,0.2762563558910196,0
19987,0.276228531625673,0
16707,0.2762245379235041,0
13879,0.27622157048178336,0
11909,0.27621919929803423,0
29546,0.2762139330563443,0
8550,0.27619186858144507,0
10144,0.27617734397746496,0
29275,0.2761759430709848,0
28962,0.27615140676001587,0
26602,0.27611622317667195,0
27554,0.27609486820801293,0
21165,0.276077958601885,0
9124,0.27607065165416755,0
19652,0.27606674280462934,0
23997,0.2760611611504162,0
1986,0.27605976727591486,0
22436,0.2760533834705231,0
3522,0.2760313143853987,0
7590,0.27602566157543323,0
2942,0.2760160323207426,0
22446,0.27601565606784306,0
14512,0.2760131371692631,0
27444,0.27599248486019357,0
29993,0.27598928576324194,0
22252,0.27597668211903914,0
17908,0.2759651667141253,0
2884,0.27596475513064134,0
1416,0.2759641134453395,0
7434,0.27595866016934467,0
19587,0.27595748937086884,0
1973,0.2759542677670195,0
2517,0.27595191485118264,0
11362,0.2759372887663521,0
5613,0.2759242234535315,0
5286,0.2759227645705856,0
8468,0.27592124620520087,0
25358,0.27591183993135604,0
9623,0.2758708219040598,0
14595,0.2758581655571821,0
26073,0.27584838022445696,0
26736,0.27582504702816274,0
21442,0.27580099253041357,0
13092,0.2757761307464418,0
11456,0.2757728684158224,0
9084,0.27576764457779196,0
16999,0.27576508946187267,0
1453,0.27576315799461465,0
25517,0.27576193598403537,0
22759,0.2757552989850667,0
9227,0.2757504632955556,0
21114,0.2757421734313643,0
21199,0.2757368972819804,0
13002,0.2757260493804912,0
10844,0.27572539706992627,0
29674,0.2757178436793314,0
21439,0.2757093927331869,0
27617,0.27570580035046793,0
15196,0.27569430078942736,0
13565,0.2756858318023021,0
19318,0.275684715879416,0
5663,0.27568451986209236,0
4620,0.2756828053444502,0
24502,0.27568195575458826,0
5329,0.2756805089468957,0
449,0.27566668737824984,0
13914,0.2756606584986855,0
20916,0.27564297479119915,0
28979,0.2756320858410897,0
25163,0.2756311806126021,0
394,0.27562402005810827,0
4587,0.2756219913075742,0
24969,0.27561276143337693,0
4226,0.2756122555597591,0
19831,0.27560039431566347,0
722,0.2755898272139211,0
19572,0.27558638716699446,0
25139,0.2755576628795934,0
11351,0.27555765805991095,0
11434,0.2755420551509944,0
20204,0.2755406930023216,0
567,0.27553451057413236,0
22649,0.2755245347306663,0
9988,0.2755175762288805,0
17682,0.27551514384601683,0
4907,0.275513115067389,0
9169,0.27550868646506566,0
29561,0.2755034387054879,0
13377,0.27549792429865483,0
20298,0.275465383294766,0
8209,0.2754613868620644,0
3961,0.2754598346020748,0
14110,0.2754401422126243,0
29204,0.2754400642337465,0
15682,0.27540522854007077,0
19414,0.27537796695671074,0
299,0.2753641461112252,0
28569,0.275357198378396,0
25232,0.2753546219308863,0
17482,0.27532612540045126,0
8227,0.275316009448096,0
22412,0.27529173244288313,0
17820,0.2752861233357677,0
11348,0.27528079759811624,0
14338,0.2752720476170472,0
4704,0.2752448872554287,0
12824,0.2752447090177082,0
6507,0.2752254756103191,0
25207,0.2752097416401224,0
4387,0.27520280235698985,0
21056,0.2751879894669313,0
27993,0.2751809527153968,0
20747,0.2751550217970911,0
24118,0.27515474272888396,0
10357,0.2751541414359652,0
25087,0.27512838221170016,0
7259,0.27512428296908786,0
2791,0.27512210192671804,0
1415,0.2751052700919993,0
16209,0.27510255577020304,0
6505,0.2750934650630459,0
25982,0.27507267511598665,0
24181,0.2750697679872684,0
5887,0.2750668948563548,0
13027,0.2750656114481917,0
13517,0.27506376818841716,0
18550,0.275063181764756,0
8157,0.27506222985050355,0
7260,0.2750614622028667,0
10865,0.27505775477343475,0
9521,0.2750245332478231,0
3919,0.2750181519110125,0
31179,0.27501075464554303,0
29944,0.2750087960206464,0
12103,0.2750067612258195,0
9193,0.275005465740757,0
11985,0.27500345240659846,0
4846,0.27498744302335565,0
21480,0.2749674477994884,0
7176,0.27496339545740517,0
27569,0.2749472273443498,0
10324,0.2749461124233809,0
28730,0.2749290796182668,0
20495,0.27492777333384016,0
13679,0.27491347762860757,0
11513,0.2749101388005676,0
22665,0.2748913795204815,0
14158,0.27488321516901437,0
3589,0.274872228076561,0
4894,0.27486662298795267,0
21696,0.2748652299315616,0
23951,0.2748570770533128,0
11118,0.27485183013178033,0
30046,0.2748471006618112,0
16505,0.27483559256478574,0
26637,0.2748119063101773,0
26466,0.27481032306346553,0
6991,0.2748051243606309,0
2048,0.27479952473028496,0
20684,0.27479606199989365,0
3190,0.2747910337086264,0
1217,0.274777040896039,0
15376,0.2747380577502795,0
21338,0.27472763657770966,0
18,0.27472134739557524,0
9500,0.27471597217333266,0
11862,0.2747128892739671,0
30247,0.27468779131820115,0
17028,0.27468252651605235,0
29576,0.27467885600708813,0
18284,0.27467391335899155,0
30357,0.2746714871847092,0
21400,0.27466806078666783,0
26160,0.2746635208871031,0
25557,0.2746362242401428,0
4578,0.2746206209066444,0
22638,0.27458125715854853,0
19493,0.27456923736142186,0
4684,0.2745650786038965,0
8665,0.2745597184278856,0
30550,0.2745591939636217,0
14191,0.2745560202518267,0
21113,0.27454949257510086,0
15832,0.27451704395301446,0
28516,0.2745140560686361,0
20656,0.27451254357870314,0
4747,0.274479171149045,0
14275,0.2744739509571503,0
29327,0.27446248846349913,0
13730,0.274451595453793,0
24375,0.2744168079253358,0
1735,0.27440888959547033,0
467,0.2744014332412871,0
12910,0.2743854898655648,0
24639,0.274369005750255,0
8277,0.27436737919336057,0
27353,0.2743662146847632,0
5705,0.27432607148463045,0
2669,0.27431844360335966,0
16085,0.2743143466669826,0
29077,0.27431076858007214,0
4869,0.274308932237322,0
14767,0.2743013495984979,0
6286,0.27427773556990726,0
4596,0.27426981614238105,0
7140,0.27426064516387805,0
27082,0.2742585897272773,0
24357,0.27425197314737326,0
6378,0.2742459249171211,0
26192,0.2742448511604206,0
6509,0.2742364076176228,0
8913,0.2742350401517003,0
26917,0.2742347377494576,0
26019,0.2742330167400629,0
4008,0.27422531122839133,0
17617,0.2742096372146088,0
4347,0.27420011178593134,0
28284,0.2741868213649963,0
27505,0.27418316848589747,0
19382,0.2741498208046028,0
12013,0.274149354680324,0
27959,0.27414262358799507,0
30736,0.2741371561733186,0
14097,0.2741331977762469,0
28510,0.2741164774043498,0
7648,0.2741087753373793,0
1698,0.2740946999560779,0
21539,0.2740939324464847,0
8971,0.27408542980839773,0
11032,0.27405811173603195,0
16544,0.27404906232336207,0
16341,0.274037267986534,0
3889,0.27401232596728553,0
27769,0.2739777558755609,0
30909,0.273963780318516,0
18917,0.27396284108321256,0
14208,0.273955905955288,0
8238,0.2739407678754857,0
26206,0.273937857526605,0
22837,0.2739233966243596,0
11888,0.2739118826664113,0
23089,0.27391148423343004,0
26890,0.273904118549149,0
23764,0.2739019410471538,0
4106,0.27388084673569757,0
3873,0.27386588446280924,0
12857,0.27384926811483773,0
27606,0.27384331669411305,0
15594,0.27384029864897164,0
17110,0.2738351585891191,0
27001,0.2738166520829754,0
9885,0.2738076560764282,0
14413,0.27379748011094235,0
12827,0.27379459783723203,0
18229,0.273781175010138,0
26054,0.27375479967799665,0
1598,0.27373685825080596,0
9266,0.27372989382559343,0
20103,0.27372792304928056,0
19350,0.27372757386098906,0
25826,0.27370991668157996,0
12632,0.273700681553073,0
25172,0.27369482912676996,0
14323,0.2736931777348561,0
22302,0.2736673430472314,0
5759,0.27364911404494713,0
4505,0.2736433850376579,0
7206,0.27361033364309195,0
26666,0.27360669921322434,0
28952,0.27360345750442044,0
29811,0.2735959523485619,0
16390,0.2735940287204355,0
6601,0.27359310888295846,0
3050,0.27358280650236183,0
23189,0.2735827109285508,0
29882,0.2735734167109869,0
13610,0.273557282826423,0
14832,0.27355352391258586,0
22279,0.27353309364667433,0
4354,0.27352922173637423,0
20202,0.2735267267903871,0
9873,0.2735245375031559,0
9897,0.27351907455948293,0
23628,0.2735112330974728,0
30104,0.27350811724967816,0
18392,0.27350248551540585,0
9742,0.27348492091969095,0
18664,0.2734725206515112,0
8937,0.2734710494785353,0
3654,0.2734689152852562,0
19283,0.27344859281267836,0
8386,0.27344789912667794,0
17930,0.2734187824640948,0
22522,0.2734106989335121,0
15941,0.2733787636850121,0
19745,0.2733557676978814,0
13962,0.2733557560635458,0
26796,0.2733507225823787,0
1302,0.273331508674013,0
8233,0.27332632051218314,0
17660,0.2733128829638036,0
16625,0.2733052099531089,0
12660,0.2732936494831899,0
16605,0.27328185763195867,0
14728,0.27327769838234184,0
28384,0.27327663980607453,0
8497,0.27327526390241813,0
23446,0.2732628484175509,0
3278,0.2732612994988592,0
4401,0.27324434864426816,0
3735,0.27322960745982533,0
6341,0.273226694343315,0
6755,0.2732109378657932,0
21389,0.2732089209820536,0
15160,0.27320636800077447,0
20922,0.27320566713274586,0
6623,0.273198679269806,0
20888,0.27318317216552623,0
2326,0.2731704615212455,0
27454,0.2731680099314318,0
11394,0.2731647127159521,0
26492,0.27316039337985903,0
27457,0.27315647707475954,0
791,0.2731537087850494,0
27892,0.2731362547248893,0
27461,0.27313219416807266,0
14366,0.27313002708797873,0
22525,0.2731295085414719,0
23598,0.27311662681725424,0
25238,0.27310497953967,0
29045,0.273089288612281,0
24212,0.27308240109713733,0
10784,0.27306935369596,0
21919,0.2730635043195303,0
8726,0.2730473261221465,0
4536,0.27303449591964823,0
8784,0.27300881263315807,0
2613,0.2729854512197987,0
25998,0.27298532779713325,0
14802,0.2729826185473188,0
14976,0.2729825412475453,0
27758,0.2729660543983389,0
16734,0.27296219595965926,0
22428,0.2729552269978624,0
26596,0.2729551707564375,0
25644,0.2729497252792968,0
3816,0.2729481331016566,0
16584,0.2729474368888196,0
8654,0.27294533993046727,0
8647,0.27294077038008996,0
16563,0.2729213456038914,0
21860,0.27290150987947026,0
24440,0.272899642417088,0
6125,0.2728970076659556,0
25265,0.27289609200899057,0
30129,0.27286579162372726,0
4231,0.27286423559397815,0
13851,0.27282377649850714,0
11401,0.27281862243034927,0
9684,0.27281411414289247,0
12361,0.27281168941380957,0
30185,0.27280491527574774,0
5962,0.2727920259863172,0
31132,0.2727823900959661,0
17236,0.2727679591387935,0
29200,0.2727619183720223,0
1723,0.2727397176734834,0
10847,0.27272666863082745,0
12582,0.2727115080799512,0
315,0.272710875132186,0
18047,0.2727105733689052,0
18845,0.27270424419326866,0
17367,0.2727038873912282,0
12755,0.2726984325425799,0
26725,0.27269069706177196,0
26766,0.2726662733288874,0
7852,0.2726600508740918,0
30970,0.2726549681746986,0
20428,0.2726511132832358,0
27448,0.27264692026458587,0
9471,0.27263446498438987,0
967,0.2726310623440673,0
26427,0.27260572086770113,0
18647,0.2725814575290578,0
202,0.27257739752066146,0
14425,0.2725773851777304,0
2886,0.2725707316429442,0
28067,0.27256585992959065,0
19774,0.27255869459709336,0
29631,0.27255805109041364,0
16520,0.2725479551229192,0
2615,0.272547875762817,0
12391,0.27254494010513786,0
23672,0.27253889809826587,0
3858,0.27253318146173433,0
18691,0.27253259569314847,0
8153,0.2725200109703393,0
2544,0.27250426869981054,0
27664,0.2724975332628826,0
27790,0.27246337676130167,0
11201,0.27246011983746704,0
26871,0.2724565509278899,0
4904,0.272453870138325,0
13618,0.2724491900899526,0
22868,0.2724427605181318,0
25281,0.2724424342248064,0
30279,0.2724416082409096,0
30305,0.27243960877237194,0
16525,0.272428652729305,0
27601,0.27240244505854927,0
30518,0.27238186838602824,0
14356,0.27235564640381155,0
27531,0.27235512514213006,0
12620,0.27234807463326055,0
3090,0.27234109854848054,0
6431,0.2723359907567666,0
12468,0.272323384547836,0
11070,0.2722590801631067,0
3032,0.27225384353617005,0
24819,0.27223101208773065,0
16589,0.27223036862513994,0
6050,0.2722269039323877,0
20665,0.2722129291301823,0
5918,0.2721978183218427,0
30688,0.2721787940263447,0
24948,0.2721627219611766,0
30039,0.2721601567617853,0
5290,0.27215183501673734,0
5742,0.27214993532904463,0
24956,0.27214796311787753,0
22356,0.2721264065941851,0
30727,0.2721047596720285,0
16869,0.2721026596319397,0
28156,0.27208357157887764,0
18111,0.2720709232766853,0
1195,0.27206857535713896,0
18242,0.27206630665303266,0
16300,0.2720633532815005,0
13241,0.27206199432423916,0
13360,0.2720300670962206,0
6066,0.27201957901332385,0
18665,0.27201236416266233,0
10947,0.272006845372331,0
21699,0.2720000162647216,0
8448,0.2719771746593594,0
2174,0.27197144780153315,0
17966,0.2719590330640197,0
3179,0.2719562682222498,0
6015,0.2719529201606823,0
1596,0.2719524342139897,0
28410,0.2719387892783744,0
19169,0.2719363115130043,0
31065,0.27192695429897057,0
24701,0.2719216447617831,0
14489,0.27191373485840503,0
19261,0.27191362047329215,0
15129,0.27190867899999327,0
18575,0.27190217051588944,0
21795,0.271899460985054,0
8585,0.2718877457391129,0
20088,0.27188172765843577,0
5730,0.27187492673235747,0
27783,0.2718542812548857,0
7581,0.27184761764336707,0
30121,0.27184210507531736,0
4821,0.27182789137231345,0
6584,0.27180488488621096,0
26008,0.2717881506457836,0
23743,0.271787509080098,0
11073,0.27177140131015576,0
12439,0.27176590150393753,0
16950,0.2717605663672875,0
8708,0.27175589811930045,0
20270,0.271747258124158,0
22041,0.2717431776992435,0
13200,0.2717013988798754,0
17416,0.27166956389473396,0
1913,0.271665529748958,0
7693,0.27166121145962974,0
17565,0.2716512382264991,0
16218,0.27164457524194846,0
11433,0.27163029268601896,0
8028,0.2716108349251112,0
281,0.27160722279648253,0
10765,0.2716032510980404,0
23910,0.27158749829333506,0
9302,0.271563029475072,0
13034,0.27154940281325124,0
12606,0.27152558861482023,0
24620,0.27152016628207964,0
15153,0.27151395368191017,0
15366,0.27151175227153884,0
4360,0.27150842788960694,0
26627,0.271508294728154,0
25390,0.27149126513813476,0
7425,0.2714670664496033,0
2360,0.2714621373046063,0
19861,0.2714612315467224,0
30424,0.2714201381367647,0
20792,0.2714194114983191,0
25638,0.2713997966958338,0
9160,0.2713877927703224,0
26891,0.2713689601488037,0
22026,0.2713593012567702,0
9230,0.2713544620984154,0
19134,0.2713482277963532,0
15607,0.271348028928838,0
1945,0.27132951052197174,0
15506,0.27132286903349573,0
25642,0.27131343820779164,0
7672,0.2712984864923108,0
4103,0.27129152069724405,0
30145,0.2712834255062733,0
7522,0.2712756936054731,0
27564,0.27127246830222995,0
30662,0.27127064455105976,0
31058,0.27126943298324235,0
7266,0.27125997127824103,0
1117,0.27125122542575175,0
11657,0.27123517163569766,0
5750,0.27122040952522153,0
8698,0.27121302979866885,0
9840,0.271196389692874,0
1740,0.2711846693680673,0
6024,0.2711825501654204,0
29875,0.2711596820625082,0
2710,0.2711503234221773,0
8319,0.2711424122278171,0
30945,0.2711395754790283,0
4705,0.2711385423247626,0
4453,0.271136210295845,0
20226,0.27112906251860164,0
28319,0.2711283502350231,0
22485,0.2711271317315772,0
18053,0.2711164577387471,0
27784,0.271113948494643,0
17990,0.27110885549657593,0
14900,0.2710979880830411,0
28426,0.2710959320812822,0
23527,0.2710928418514889,0
10708,0.27108879730510876,0
3058,0.27108789441416087,0
20394,0.2710862072159377,0
8255,0.271062813901517,0
17947,0.27106106757873294,0
20972,0.27105388873349606,0
21254,0.27104957204484986,0
19597,0.271048630295852,0
31087,0.27104341248404856,0
27712,0.2710403661465446,0
4495,0.2710403030759728,0
14572,0.27103770924493253,0
2285,0.27103542614820697,0
23968,0.27101538513369194,0
13927,0.270982344263981,0
28006,0.27097993803771664,0
13963,0.270962199382981,0
6698,0.27096023619970167,0
1249,0.2709596385108558,0
7072,0.27094981883912816,0
20992,0.2709243052615642,0
5875,0.2709169591095812,0
24749,0.27091053552245314,0
24582,0.2709009276157514,0
12696,0.27089902441988023,0
7798,0.27087396378115053,0
27507,0.27084269220962087,0
15417,0.27084012938020974,0
14504,0.270835116200608,0
10229,0.27081955160103144,0
28412,0.27081692211543457,0
13106,0.2708086504833735,0
11533,0.2707982017459639,0
5664,0.2707919213406073,0
23119,0.27076792999094357,0
12581,0.27075607413813213,0
10738,0.2707541954861752,0
27071,0.27074604164727306,0
30569,0.2707319850779355,0
24624,0.2707185342503307,0
21651,0.2707048507702681,0
4951,0.2707001334905379,0
14284,0.2706561400055949,0
12193,0.27064672899814196,0
14679,0.2706442259921201,0
7715,0.270640293297777,0
26541,0.2706386207722542,0
4304,0.2706236323194882,0
13384,0.27061864320910467,0
26621,0.27060146061942403,0
9257,0.2705867534656712,0
24483,0.2705854133114203,0
23993,0.27058537844661895,0
27366,0.27058000542855604,0
18650,0.27057351338302293,0
788,0.2705706575832837,0
27686,0.27056921496893843,0
27984,0.27055041819632325,0
25618,0.27054498837998714,0
25766,0.2705333610403286,0
29478,0.27051688638316734,0
20807,0.2704928425529258,0
21558,0.2704918085521144,0
12398,0.2704871103445258,0
14412,0.27047598043301174,0
8189,0.27046511681950025,0
24169,0.27045809358120765,0
14612,0.2704248806783499,0
12571,0.27042349912213465,0
28241,0.2704141224009191,0
30530,0.27041053837730494,0
12549,0.2704021203978253,0
2154,0.27040199755255806,0
2958,0.270392285622394,0
2795,0.27036664620069834,0
29672,0.2703562948192385,0
10497,0.27035356287919227,0
14014,0.27035250339003086,0
4393,0.2703300375199935,0
12016,0.2703211999177321,0
4676,0.2703065563895781,0
13702,0.2703054159394727,0
11765,0.27030395777351535,0
22639,0.27027923562245404,0
29899,0.27027597878929926,0
18909,0.27027479041508845,0
6591,0.2702736276491165,0
21418,0.270267976919612,0
24113,0.2702668579806834,0
26116,0.27026464230572034,0
6091,0.2702622035855746,0
24721,0.27023298457475364,0
8012,0.2702235134443315,0
27835,0.2702169614318357,0
16659,0.27021196921437196,0
3244,0.27021088540085303,0
224,0.27017876893844517,0
11090,0.27017288466574124,0
8597,0.2701713773014405,0
22511,0.2701606632561429,0
11823,0.27015717982584625,0
26311,0.2701514906935858,0
29676,0.27014176888377905,0
15596,0.270139729871493,0
23680,0.27013894744800304,0
19198,0.2701367630206082,0
4249,0.27013092454018794,0
27495,0.27012801253037744,0
24551,0.2701161360875167,0
2774,0.2701104372861449,0
22588,0.27010490460204606,0
6079,0.2700906783797677,0
2181,0.2700722864169872,0
13258,0.27006816567035946,0
13230,0.270057140797886,0
27437,0.2700519229968232,0
675,0.27002778240706904,0
28547,0.2700266216544669,0
10074,0.270025447838558,0
14882,0.27001904450890135,0
8188,0.27000367825590404,0
16831,0.269975363435841,0
3307,0.26997333578382215,0
29454,0.269971248038003,0
7299,0.2699509938722866,0
10951,0.26993783604003296,0
4875,0.26991929309547286,0
19788,0.2699118763750821,0
15345,0.26990275341345965,0
18978,0.2699004715410039,0
14525,0.2698893675296802,0
30326,0.2698864843865126,0
18209,0.26983799760250704,0
13495,0.26982935373966405,0
13078,0.2698104965598437,0
30466,0.26980586487945696,0
24073,0.2697875300339221,0
16043,0.2697695543910955,0
23948,0.26976061189332406,0
20671,0.26974942686334713,0
26560,0.26974176550570456,0
22486,0.2697411648138593,0
20031,0.2697377434280872,0
22539,0.26972788953556803,0
21700,0.26972075809893425,0
26471,0.26971639531927233,0
21141,0.2697133908843601,0
28300,0.2697106510086128,0
28179,0.26970491062809165,0
5446,0.26970422912687775,0
13974,0.26969524303097553,0
25986,0.2696674367544389,0
24661,0.26966541158536117,0
27195,0.26965923268904723,0
5719,0.2696512390534156,0
19494,0.26963961173195694,0
1916,0.2696247139572265,0
2824,0.2696244621319029,0
22178,0.2696181775282016,0
21191,0.26960738651046584,0
796,0.2696011471364342,0
12096,0.269596368540795,0
30904,0.26956364196902954,0
16551,0.2695538784886622,0
4719,0.2695321722743727,0
1563,0.26952889562425464,0
24681,0.2695283489102268,0
8663,0.26952776796033356,0
16699,0.269509947731183,0
817,0.26950716234115196,0
27967,0.26947832934241517,0
13526,0.26947631532268534,0
14852,0.26946841544915184,0
18092,0.2694526584398325,0
18635,0.2694517652352038,0
16025,0.26944811866007834,0
9956,0.2694357105091045,0
6342,0.26943495176863347,0
8020,0.2694055320497244,0
29549,0.2693790149006282,0
22689,0.26935970856914854,0
18043,0.2693269723213479,0
24800,0.2693227809970585,0
29994,0.2693116225427347,0
20717,0.2693113569740305,0
29898,0.26928998390674325,0
13108,0.26926481825273246,0
1139,0.2692426218331634,0
6005,0.2692328362927773,0
30774,0.2691851742757068,0
3739,0.26917831594403535,0
1231,0.26916207681194027,0
27134,0.2691610578404517,0
14909,0.2691314274197821,0
3081,0.26912309012999286,0
5662,0.269116960189282,0
14867,0.26911088735166877,0
6103,0.269079529012401,0
16938,0.26906631925711166,0
26678,0.2690657928833275,0
21120,0.2690640376246824,0
20456,0.2690617604243047,0
24377,0.26906107023814035,0
10219,0.2690422405621035,0
21962,0.26903063887229617,0
25812,0.26902630587615095,0
20830,0.26901127521575546,0
21055,0.2690085184596614,0
17762,0.26900578060943064,0
13524,0.26899693855868323,0
6302,0.2689862315197484,0
25348,0.2689657889913778,0
9620,0.26895826318212473,0
27854,0.26895187580974306,0
8316,0.2689465125377844,0
2963,0.26894267046170056,0
27285,0.2689123618199804,0
25770,0.2689115542630505,0
27737,0.26888063558247693,0
3924,0.2688753328673554,0
20149,0.268853729548146,0
25853,0.2688388197802566,0
22715,0.2688335511236998,0
3248,0.2688089227935861,0
27642,0.26880822637283985,0
10744,0.26879080521272686,0
12312,0.2687859935176172,0
19452,0.2687848448006332,0
5407,0.2687689460507557,0
21010,0.2687594318798065,0
12163,0.2687561939089706,0
506,0.2687510141406704,0
10304,0.26873361060699347,0
965,0.2687145782430469,0
28424,0.26871097255888066,0
3393,0.2686971168595152,0
30971,0.268686316396869,0
20612,0.2686858433754514,0
12371,0.26867671209134086,0
26239,0.2686694100772342,0
19413,0.26865395310440254,0
29383,0.2686506238401473,0
24210,0.2686481735207914,0
10205,0.268620873672261,0
30851,0.2685999206454284,0
2707,0.2685893642416485,0
17264,0.2685459149945561,0
12424,0.268531391463558,0
8122,0.2685093015859107,0
15606,0.26850878100450504,0
22229,0.2685054003455508,0
4787,0.26849373818058914,0
28475,0.26848990200449935,0
26370,0.26846811654322045,0
3008,0.26846585803501705,0
30632,0.2684657988605859,0
17299,0.268463115005999,0
13590,0.2684049707000519,0
29742,0.2684041570966144,0
12334,0.26837388475340307,0
5420,0.26836825234646045,0
1484,0.2683417355319671,0
24832,0.26833835986708415,0
27900,0.26833824864984296,0
11744,0.26833646609685885,0
27977,0.2683218807036868,0
28151,0.2683164093131948,0
6300,0.2683155107621234,0
16258,0.2683145418579449,0
19577,0.26829628776393155,0
5930,0.2682928731938773,0
21474,0.26828039245805535,0
7674,0.26827000367656856,0
25157,0.2682600626318097,0
2545,0.2682531370616186,0
2983,0.26825299961786064,0
28786,0.2682241890927295,0
8085,0.2682240434944442,0
8298,0.2682198158178087,0
30364,0.26821293190007145,0
25608,0.26820664516047726,0
30686,0.2682042314407219,0
24593,0.2682031813869353,0
13934,0.26819696840099305,0
23115,0.2681960255083969,0
15881,0.2681953329930941,0
29877,0.2681886395524278,0
2611,0.26817426401315814,0
10472,0.2681595312005387,0
14698,0.2681550136108952,0
321,0.2681447367103763,0
23858,0.2681330934824817,0
619,0.2681125578303894,0
22418,0.26811152484808004,0
7105,0.2681044621938196,0
6651,0.26809309154856104,0
31033,0.2680782199869043,0
18667,0.26807422644512835,0
14302,0.2680717500279249,0
16786,0.26805816441075536,0
23543,0.26805205702213036,0
7877,0.26803810901806235,0
10504,0.2679925017130492,0
25603,0.26798851736905327,0
13535,0.2679769209617355,0
24023,0.2679768589414492,0
19533,0.26796374822487223,0
31097,0.26792023351291844,0
25631,0.26790558677493814,0
7324,0.26790316279616344,0
18431,0.2678885184414541,0
19163,0.26787800363911374,0
6964,0.26787752874708126,0
9307,0.2678642535265687,0
29267,0.2678591964675177,0
871,0.26784664855672896,0
13417,0.2678445204114594,0
20413,0.26784117359424875,0
28209,0.2678358590637798,0
11040,0.267831700491611,0
28269,0.2678232422404446,0
16727,0.267816183358344,0
5547,0.267807385123938,0
10307,0.26780174085811637,0
24795,0.2677807387226896,0
18888,0.2677773132787314,0
27961,0.26776318282874184,0
15509,0.26770880090133764,0
27632,0.26769950341575605,0
11957,0.26769775324398937,0
358,0.2676906280072015,0
28460,0.2676893975735014,0
13489,0.26768852333415727,0
18049,0.2676803317150634,0
18862,0.26767457464111066,0
23787,0.2676713775971379,0
29858,0.26766919680964046,0
20360,0.2676653451606859,0
1601,0.26764844028761625,0
19219,0.26764673405413825,0
12822,0.2676381949065703,0
24977,0.26763776928685723,0
24992,0.26763181220172,0
10417,0.26762981566624267,0
16461,0.2676245955845854,0
30840,0.26761308773654796,0
8321,0.2675899406335976,0
15731,0.2675665821106908,0
1771,0.26755946113056867,0
2800,0.26755852764676674,0
12165,0.26754865662329136,0
13704,0.26754620784118205,0
25491,0.2674951554894342,0
19248,0.2674927192881615,0
21281,0.2674783433119666,0
8541,0.2674594073047272,0
30913,0.26742690477487124,0
20200,0.2674180860576662,0
8598,0.26741728203209336,0
21300,0.2673967366284968,0
31217,0.2673769903849407,0
24964,0.26737362099905654,0
25788,0.2673722759527575,0
4,0.26736961978184814,0
6194,0.2673645839848307,0
29067,0.26735744903094116,0
18117,0.26734840310733277,0
1365,0.2673225382946783,0
16181,0.26731896527157745,0
30516,0.26731757485062735,0
28583,0.2673085935172031,0
2649,0.26730246350309067,0
8244,0.26729894247224967,0
22047,0.2672987911114181,0
18730,0.26729825705500265,0
11424,0.26729420285320216,0
4437,0.2672904193879586,0
22547,0.26728730297610465,0
5352,0.26724406571711684,0
29141,0.2672402552956489,0
14276,0.26721260785830725,0
21717,0.26720279510625206,0
11844,0.267166969039875,0
28361,0.2671647634718182,0
21627,0.26716299566199103,0
28214,0.26715228244608374,0
9700,0.26715145274020335,0
24955,0.2671329462911604,0
27985,0.26712745386498876,0
13847,0.26712472164379597,0
22664,0.26712174005084627,0
15225,0.2670968715026111,0
1454,0.2670771677189227,0
7088,0.2670718628467739,0
18115,0.2670526246586681,0
21715,0.26705087327425914,0
4202,0.26704202167082836,0
18440,0.26702602740664083,0
5984,0.2670238635762089,0
2347,0.26700551888433877,0
26832,0.26699984893137735,0
25136,0.26698901800058494,0
14742,0.26698235068536746,0
28558,0.26694287620214274,0
4351,0.2669419736462713,0
23356,0.2669325529667609,0
14825,0.26693021378620246,0
9235,0.2669241862549601,0
13323,0.26691220568487894,0
3097,0.26691126481626987,0
20441,0.26690560651663703,0
24794,0.26689970628079374,0
15072,0.26689172679242756,0
12833,0.26689070982029184,0
18719,0.2668691516240477,0
10328,0.26683802384034655,0
8581,0.26681955874874846,0
1781,0.266814441360241,0
25792,0.26681107814537497,0
26357,0.26679916020450684,0
26423,0.26679418518716347,0
25351,0.2667773229590205,0
12737,0.26677140369801283,0
25412,0.2667705078356748,0
20161,0.26676765882070347,0
17289,0.2667643352811603,0
10896,0.2667551894023795,0
20880,0.2667516445945177,0
29505,0.266749059802182,0
28652,0.2667440613204053,0
22878,0.2667381357530114,0
23171,0.266730488973449,0
1105,0.2667299925130232,0
10177,0.26672718943371043,0
5072,0.2667125955249908,0
21723,0.26668173412118734,0
6205,0.2666608445030767,0
26928,0.26665816681505683,0
4061,0.2666533349017788,0
21829,0.2666442074984719,0
14493,0.2666327330405447,0
29613,0.266628157599856,0
22585,0.26662051920400104,0
30147,0.266615914881854,0
12214,0.2666090095356735,0
27221,0.26660482416718695,0
6469,0.2666004926374796,0
7946,0.26660037122176083,0
7734,0.2665929349561861,0
493,0.26659171353602157,0
6770,0.2665810055705215,0
25925,0.2665536265082186,0
26967,0.2665360377609718,0
19040,0.26653244785700647,0
28121,0.2665169088782094,0
3345,0.26651105890079185,0
13219,0.2665109330575844,0
17601,0.2665052647469375,0
21061,0.26646664793113645,0
6685,0.26644789100037736,0
12645,0.2664353396596564,0
4012,0.2664305311007984,0
10011,0.2664286805914346,0
12401,0.2664216120652937,0
23022,0.26641902083516833,0
9905,0.26640916850793195,0
30538,0.2663955410791383,0
29930,0.2663787839238259,0
3863,0.26637320378337753,0
13562,0.26636161216930604,0
17389,0.2663573675790918,0
17210,0.26635416068504403,0
4464,0.2663234640705252,0
21306,0.26632090748091153,0
15701,0.2663194407215793,0
18885,0.26630640124745786,0
7411,0.2662849347535945,0
16493,0.26627855053871463,0
25447,0.26625542596426305,0
6533,0.26623459254893356,0
14055,0.26623301250527825,0
25300,0.2662239021298423,0
25579,0.266207712390514,0
23069,0.2662017587442406,0
26366,0.26619898553588944,0
19786,0.26619083810130073,0
2542,0.2661901886673233,0
26957,0.2661857479613656,0
18756,0.26617110089246976,0
20373,0.26615689048755176,0
28425,0.2661314556777104,0
4369,0.2661088317246787,0
5951,0.2661022350618184,0
62,0.2660917266060044,0
4248,0.2660771827163235,0
15504,0.26606800371966755,0
13969,0.26603332241407296,0
22745,0.2660222910475756,0
28070,0.2660191659853311,0
12332,0.26600932878370986,0
28981,0.26599963300923135,0
5543,0.26599926171108956,0
5258,0.2659788006480807,0
15571,0.265978787131038,0
20864,0.2659563928194018,0
16478,0.2659523494415591,0
16076,0.26594726853204004,0
12623,0.265944853576285,0
13468,0.2659363822652016,0
19315,0.26593290599306857,0
17220,0.26592073622390494,0
10957,0.26591723293271835,0
23432,0.26590633321190893,0
27547,0.2659005771410589,0
11791,0.2658958783895475,0
12061,0.26588605364371076,0
19066,0.26588588129113,0
17703,0.26587236627769767,0
26730,0.26586178612370787,0
7083,0.2658605169339286,0
24523,0.265830598583755,0
10664,0.26582321793979036,0
21536,0.26580589426723694,0
19193,0.26579056108394505,0
15816,0.265785913042617,0
19705,0.26578522802788423,0
10311,0.265761282573676,0
25357,0.2657602616908351,0
18078,0.26575882481074437,0
15148,0.2657430949802863,0
28113,0.2657287225322498,0
11092,0.2657276133953515,0
14751,0.2657224487066887,0
9938,0.26572204237810826,0
10128,0.265712675674894,0
12326,0.2656917916595195,0
17685,0.2656887159524722,0
14187,0.2656822271265986,0
13240,0.2656805681073136,0
23464,0.2656662460436074,0
15275,0.26565756884162006,0
14511,0.26565415509389145,0
28682,0.26564421543688554,0
3626,0.2656424183588597,0
10257,0.2656281945644023,0
17806,0.26561603782715826,0
10722,0.26560771339256745,0
14431,0.2655887437802082,0
5264,0.26558739785527835,0
5168,0.2655798989046492,0
22683,0.2655797025864879,0
26203,0.2655733357926772,0
11761,0.2655633960982049,0
24552,0.2655574893326202,0
13479,0.26553573853457807,0
21174,0.26553384722591267,0
30663,0.2655315676658678,0
23395,0.26549817549061205,0
3548,0.2654861809445188,0
30115,0.26548262962617897,0
12652,0.26547762613922854,0
29933,0.26546466338672464,0
28071,0.2654618430653646,0
29632,0.26543705880506335,0
4860,0.26542451127809896,0
14946,0.2653898250798289,0
23836,0.26536474498335383,0
23947,0.2653602109172878,0
29960,0.2653516303350892,0
24614,0.2653329104946746,0
15551,0.2653292298970197,0
27098,0.26532919025837365,0
28716,0.26531356725987487,0
5387,0.26531241098599506,0
3758,0.26531196110257116,0
17149,0.2653035854396205,0
23477,0.26530223415388704,0
17444,0.26529501161938657,0
16695,0.2652949676960085,0
20808,0.26529054361394644,0
20838,0.265288353023582,0
27220,0.2652535746337275,0
12812,0.26524433409310055,0
3288,0.26523541858545974,0
4712,0.26523510970129993,0
20636,0.2652273303226254,0
19345,0.2652263041199552,0
28205,0.26521243830739466,0
8221,0.26520604610864057,0
12145,0.26520513204342944,0
19860,0.26519939200208564,0
28917,0.2651917160601869,0
13513,0.2651884051897153,0
20442,0.26518730871612456,0
13443,0.2651868842485565,0
7882,0.2651701686451336,0
6522,0.2651564535744654,0
22692,0.2651542570150194,0
12403,0.2651391540343254,0
31066,0.2651390097362423,0
30852,0.2651283670864966,0
25279,0.2651206241331136,0
22064,0.2651169341322698,0
6719,0.26506964507031106,0
24049,0.2650480966736593,0
23317,0.2650088319125287,0
9751,0.26500727914727384,0
4890,0.26498708296481605,0
14207,0.26498662388129457,0
15685,0.2649677835583832,0
26835,0.26494120146176053,0
23212,0.2649398303819328,0
9596,0.2649339533128736,0
8052,0.2649338331539946,0
24912,0.2649262268522007,0
26232,0.2649176174451801,0
24586,0.2649013505623353,0
31293,0.2648829306903393,0
8151,0.26487937107584836,0
21842,0.2648626354226704,0
15349,0.26483501703399764,0
27882,0.2648336107201703,0
7391,0.26482576467791924,0
14354,0.26482203603181226,0
14194,0.2648188460800627,0
11993,0.26480758637624807,0
30787,0.2647849746018789,0
23229,0.264765780479841,0
5779,0.26475867581961393,0
12336,0.26475303585358617,0
4934,0.264735564111165,0
30169,0.2647352323903218,0
26808,0.2647299824207303,0
6187,0.26472657077892686,0
13440,0.264723562558382,0
19358,0.2647210345649937,0
27250,0.2647168563707376,0
21949,0.26468989096250106,0
1979,0.2646844773270164,0
26128,0.2646771156711742,0
4239,0.2646706170977022,0
8742,0.26466369286446534,0
4698,0.26465371517273173,0
30896,0.26465237714039364,0
17221,0.2646481235826745,0
12134,0.26463683216054834,0
13044,0.2646328736665339,0
4567,0.26461216759673123,0
6741,0.2646039790875593,0
16149,0.2646039000463045,0
8587,0.26459763275106546,0
27474,0.26458906198420884,0
5699,0.26457342024800373,0
25121,0.26457067670477047,0
20128,0.26455168094005976,0
28874,0.2645515405163408,0
27639,0.2645498355298431,0
15271,0.26454458171127576,0
10587,0.2645400743201217,0
11187,0.26453898997075614,0
10912,0.264537643967636,0
18969,0.2645058181992529,0
22346,0.2644843637333759,0
15193,0.26448436069432857,0
24469,0.2644777860111478,0
9935,0.2644600185479044,0
5482,0.26444105953314984,0
26529,0.2644367203712529,0
30022,0.2644296766224301,0
3586,0.26442750584688074,0
20208,0.2644235238723365,0
2976,0.26440671246737596,0
346,0.26440653170383055,0
25508,0.2643986432163103,0
6911,0.26439440755511606,0
3891,0.26438840932837304,0
6241,0.2643756980286262,0
3794,0.26436296944900234,0
19832,0.2643497487055457,0
16411,0.26430607641099,0
2010,0.2643057076584277,0
30860,0.26429827819458374,0
6767,0.2642846773496299,0
28704,0.2642793895683859,0
24994,0.26427485207083323,0
29164,0.26426961031586466,0
7457,0.2642660570037595,0
14133,0.26426151824092087,0
23608,0.26425353545473945,0
12712,0.2642414623485461,0
29907,0.26423556792949837,0
8366,0.26423089995521315,0
3775,0.2642200016975604,0
25971,0.2642124232240401,0
31285,0.2641949720929438,0
20176,0.2641946912985352,0
19866,0.2641748164089341,0
16253,0.2641644183088367,0
27352,0.2641590697469232,0
29584,0.26415357765847725,0
11556,0.26413376167962926,0
13016,0.26413265064463376,0
6240,0.264103882420542,0
1078,0.26409276823268435,0
3183,0.26409204640603356,0
6975,0.26408021597602865,0
451,0.26406912699038826,0
8566,0.26406647631264735,0
10314,0.2640637421928455,0
5431,0.26405839427668776,0
18464,0.2640555678872096,0
19200,0.2640488420169023,0
16327,0.26403436425843,0
7554,0.26402469046694405,0
16602,0.2640240943450646,0
20114,0.2640105383175039,0
21205,0.2640083939070343,0
11280,0.26400810379217,0
6427,0.26400253549120245,0
10118,0.2639949810809896,0
29365,0.2639930572954553,0
21500,0.2639827363646275,0
1520,0.26396928280415993,0
1656,0.26395301858804876,0
16591,0.2639512472024584,0
27213,0.2639467503971946,0
19864,0.26394586099688044,0
5262,0.26394426442484087,0
10370,0.2639312182092261,0
10900,0.26392827581849526,0
12327,0.26392389560060575,0
21067,0.2639173997579918,0
15821,0.26389355282759025,0
11413,0.26387895980221837,0
6162,0.26387540995200576,0
7044,0.26387320345833126,0
13685,0.26386879863678275,0
20669,0.26385202133162106,0
3668,0.26384401502906374,0
8305,0.26384300108321646,0
5154,0.26381004127250857,0
24989,0.2637889993399207,0
29947,0.2637814032300418,0
30691,0.26377908336517164,0
1303,0.26377886406426454,0
11671,0.2637774746136522,0
28104,0.26376377040295135,0
1942,0.2637566920252966,0
29880,0.2637418238385474,0
12294,0.26372795443428054,0
92,0.26371300893337074,0
25683,0.2637002941044326,0
8727,0.26369125196861504,0
12619,0.2636870001502661,0
22462,0.26368134284862293,0
15824,0.2636689756362114,0
8650,0.26364371015939847,0
30674,0.2636353663647438,0
28514,0.26363459269521305,0
29803,0.2636317147216131,0
23261,0.26362753997684424,0
3844,0.2636235968581681,0
30660,0.2636104751946441,0
9790,0.2636007003031886,0
8465,0.26359743299729227,0
15572,0.2635748235973029,0
7225,0.26356668125629756,0
3514,0.26355804196551325,0
19919,0.26355535932118335,0
2382,0.26355506842459314,0
18028,0.26355056766238205,0
26432,0.26354970806607503,0
25555,0.26354204014527544,0
26219,0.26354099167097256,0
11002,0.26353595499175625,0
22198,0.2635344096125331,0
5294,0.2635324316157449,0
16061,0.26353057726045176,0
22756,0.26352379269197124,0
16464,0.26351601891720616,0
28690,0.26351488943238704,0
6097,0.2635118858283287,0
11441,0.26349876031640895,0
15090,0.2634985575080985,0
14144,0.2634950696914205,0
653,0.2634901889495492,0
4958,0.26348646383922003,0
13551,0.26346929326914165,0
2657,0.2634584117994573,0
22839,0.26345687463597955,0
18410,0.26345531499125086,0
13159,0.2634082749382164,0
11748,0.2633993957767883,0
16134,0.26339345226162486,0
12308,0.2633863999269753,0
13889,0.26336577352717105,0
9120,0.2633635363537808,0
276,0.26336080688504376,0
5452,0.26335924867341565,0
482,0.26335295672400777,0
28966,0.26335255845095834,0
20364,0.263343278472376,0
1317,0.2633336575929163,0
3193,0.263323474780328,0
28291,0.263310283078356,0
30953,0.26329583738181306,0
22439,0.26329020375393475,0
26970,0.26328024050021087,0
21898,0.2632367162849399,0
18900,0.2632341659330785,0
6029,0.2632217298317646,0
16444,0.2632124120804233,0
29984,0.2631967522450128,0
25977,0.2631739211153977,0
5968,0.2631612794486469,0
2298,0.26315550198806487,0
29772,0.2631512062492712,0
22408,0.26313290767942094,0
29373,0.263120088759205,0
6339,0.2630989441099612,0
1856,0.26309812624383505,0
23183,0.2630792759166791,0
10428,0.26307379055548447,0
14086,0.2630676316554076,0
31226,0.26302265918301715,0
665,0.2630162354120257,0
19425,0.26301612266907104,0
6212,0.2630077815412901,0
19904,0.2629936997384561,0
27066,0.26299355179172473,0
26483,0.26299299402666654,0
9215,0.26295429433457296,0
2934,0.262953597735654,0
27269,0.26295206959326506,0
30054,0.2629325962337886,0
11119,0.26292846404164827,0
12720,0.2629227997821067,0
30402,0.26291618872249795,0
19509,0.26290393767167614,0
17060,0.2628682185345605,0
28228,0.26284929696342074,0
1665,0.2628259010777347,0
8184,0.2628162943813631,0
4973,0.2628122933399336,0
4941,0.2628081409490668,0
16381,0.26279965201020083,0
8573,0.26278486881335383,0
22880,0.26278466879277057,0
8857,0.2627841154869111,0
27509,0.26278023442947457,0
19711,0.2627674768252031,0
23861,0.26274941403635277,0
16214,0.2627426972042562,0
22744,0.26272556957740484,0
19012,0.2627190128020225,0
5703,0.2627092035757852,0
21885,0.2627026004568491,0
13051,0.26270243780707725,0
13659,0.26268887746004255,0
16215,0.26268473317151825,0
10090,0.26266890041711927,0
5449,0.2626686075750683,0
10958,0.26266426231157214,0
8376,0.2626434489429279,0
24290,0.26263949716267343,0
30001,0.26263597876762323,0
261,0.26263378597621573,0
7148,0.2626302520892257,0
27714,0.26262472920259405,0
14330,0.26260717411523127,0
23960,0.2625758152255028,0
5646,0.2625749275828384,0
27901,0.2625690508954868,0
29837,0.26255276815948514,0
4528,0.26253707366794266,0
4050,0.2625160194956203,0
29015,0.26251571956484654,0
25480,0.26249214221694994,0
21822,0.26247399646814806,0
31312,0.26246458422077945,0
24028,0.2624429077742818,0
7012,0.2624133587963925,0
22062,0.2623483434966734,0
17654,0.2623252326093272,0
26406,0.26232200830987806,0
9300,0.26230717337846954,0
145,0.2622976349468256,0
13410,0.2622896097969543,0
103,0.2622894539966526,0
14216,0.26228391739505336,0
12234,0.262250349584088,0
2229,0.2622475046900366,0
13525,0.26223958753289056,0
18145,0.26222845779188514,0
190,0.2622267296423606,0
18910,0.26222530314795794,0
12360,0.2622130465008843,0
2054,0.26220098562072347,0
2829,0.2621990433281758,0
19287,0.2621939558583774,0
10540,0.2621888447309716,0
21541,0.26218452943317133,0
11565,0.2621741314439271,0
28457,0.262125117850278,0
18321,0.26211843800571094,0
3810,0.2621174813775397,0
2846,0.2621101331644149,0
11323,0.26210803229771107,0
9262,0.26209611662557203,0
29199,0.2620955292366633,0
9445,0.2620466656941187,0
1381,0.26203889859758794,0
23301,0.26203240855279636,0
1399,0.2620318477581575,0
24608,0.2620189951830982,0
24,0.2619988323096751,0
1758,0.2619987833913135,0
7924,0.26199594986156777,0
9643,0.2619883868903427,0
17118,0.26198612587264986,0
25738,0.26198299793549545,0
22733,0.26197607871876194,0
22825,0.2619740137330251,0
4424,0.26196009794836744,0
7669,0.26195175305330637,0
28333,0.2619395519238199,0
23617,0.2619326754573386,0
8172,0.2619247913261469,0
15503,0.2618981157807734,0
10050,0.26189579604719887,0
22512,0.2618760157805452,0
17265,0.2618745504606485,0
8888,0.2618680847967653,0
23868,0.26186428041740084,0
27248,0.2618606215975875,0
25505,0.2618476125480226,0
29223,0.2618288333474549,0
12493,0.26181809251702487,0
29010,0.2618131664519684,0
19692,0.26180309530381957,0
13446,0.261787441058546,0
26755,0.261787441058546,0
20852,0.261787441058546,0
27590,0.26176612259427956,0
28625,0.2617604673128322,0
17972,0.261753833146294,0
11935,0.2617521648207708,0
6032,0.261744136885637,0
10760,0.2617325144250671,0
20048,0.2617190654513787,0
5032,0.26170962740060744,0
27314,0.26169799860786,0
17404,0.2616968237176965,0
10826,0.2616894466647047,0
25663,0.261687541121804,0
3542,0.26168626192281624,0
28741,0.2616789322351501,0
808,0.26167746986588386,0
6463,0.2616714179146458,0
21819,0.2616655655973764,0
21428,0.2616652542868028,0
25898,0.2616534142396195,0
14490,0.26164055602586045,0
29086,0.2616378348672803,0
11829,0.2616173938365904,0
12400,0.26159505725240595,0
13211,0.26156902966178014,0
17348,0.26155973320408615,0
10824,0.2615537198059158,0
11983,0.2615487902825456,0
17434,0.26154850942254654,0
2029,0.2615241148487314,0
18717,0.2615187472898028,0
31157,0.26151746404893106,0
5986,0.2615123359351315,0
8212,0.2614914117428391,0
6404,0.261490791190882,0
13412,0.26146871680165196,0
30465,0.26146803388062595,0
19736,0.2614596049912236,0
11494,0.26145922411066,0
1093,0.2614444457192615,0
23729,0.26143099145900534,0
26112,0.2614239272078085,0
23376,0.2614145564779418,0
4274,0.2614072309059726,0
9371,0.26140154283526307,0
17778,0.2613765768272619,0
26952,0.2613727468959921,0
11979,0.26136983649077733,0
23741,0.2613651330493878,0
18424,0.26136267267820446,0
15286,0.2613573453966809,0
21867,0.26135048650008197,0
9801,0.26134127729695356,0
13645,0.26134047660269205,0
1370,0.2613388546401803,0
17474,0.2613312793051489,0
3211,0.2613260023107918,0
30358,0.26132147042065645,0
6561,0.2613195368184192,0
2703,0.26130519648080053,0
23454,0.26130405793513867,0
1147,0.2612913884629488,0
8354,0.2612831101674872,0
14797,0.26126871945602664,0
6662,0.2612667466529137,0
18427,0.26125920626403865,0
17070,0.2612559694352884,0
13813,0.2612530377077602,0
27069,0.26125128706519296,0
5002,0.2612465312978449,0
3516,0.2612349737229851,0
24575,0.261215193714414,0
6396,0.2612032630672184,0
11906,0.26120281459659084,0
1403,0.2611994229475696,0
19457,0.2611914559954613,0
13592,0.26119137271934445,0
15094,0.26118773695513386,0
6157,0.26118302241541735,0
29531,0.26118096381137634,0
4986,0.2611733121888214,0
13097,0.2611684343587585,0
12350,0.2611587601056593,0
1350,0.261153313101236,0
9611,0.26111019514273254,0
18924,0.2611090438186607,0
14065,0.261105864484511,0
18911,0.2610928991865873,0
7485,0.261078414966053,0
11749,0.2610771435240752,0
22501,0.261071723208053,0
25677,0.2610658743100583,0
20411,0.26104427097146093,0
10953,0.26099882681255243,0
18012,0.2609981770001217,0
17288,0.2609880179988306,0
4380,0.2609792896185254,0
4246,0.2609493835185948,0
11805,0.2609430466089985,0
9835,0.26092871901365355,0
8075,0.2609236008089244,0
13488,0.2609085671902261,0
3638,0.26089419930555996,0
14206,0.26089078884504135,0
3671,0.2608877002434298,0
28423,0.2608653065838176,0
5053,0.26086522213559354,0
19556,0.26084901372135333,0
23030,0.26082470263823165,0
20387,0.26081717673686067,0
28488,0.2608144083971426,0
28360,0.26080812453451835,0
10446,0.2608058932874102,0
18989,0.26080488049361283,0
2600,0.2607907139888419,0
3440,0.26078595688629663,0
8502,0.2607602612591846,0
18621,0.2607562594345574,0
18984,0.2607478170940785,0
1972,0.2607447794303291,0
9044,0.26072154024515704,0
29854,0.26071362683411015,0
23399,0.2606921359754902,0
28031,0.26069009247396296,0
18220,0.2606843288545136,0
30811,0.2606690016538378,0
29768,0.26066455882161527,0
24305,0.26064321726477485,0
24679,0.26063408613232963,0
9336,0.26062885172029787,0
1017,0.2605947467583904,0
185,0.26058671979234327,0
25154,0.26058103389020604,0
7801,0.26056595328336973,0
27405,0.2605601505209272,0
17642,0.2605563182599186,0
24239,0.2605400038431076,0
24068,0.26052844719404944,0
19998,0.2605274673492099,0
24534,0.260516534668227,0
7780,0.26050106213898516,0
17370,0.2604883197645055,0
5224,0.26046839412503425,0
10839,0.2604661808962212,0
10036,0.2604598393612837,0
21375,0.26044088251980285,0
28292,0.26043838836966604,0
5788,0.26042171065182307,0
22579,0.2604091288232735,0
15177,0.2604062124073312,0
8825,0.2603966015074955,0
4173,0.26037657615982,0
6802,0.2603754528803657,0
9730,0.26034567076213727,0
19654,0.2603450696829271,0
30273,0.26033624964332447,0
22169,0.2603260169825786,0
11880,0.26032118094729007,0
30775,0.2602775206075721,0
28336,0.26026142003353336,0
12825,0.2602580924383726,0
6273,0.26025649129528317,0
27888,0.2602326994590776,0
1057,0.2602283116306945,0
23353,0.2602123309940368,0
21892,0.26020891382457145,0
23897,0.2601904484827821,0
3272,0.2601676818628051,0
30889,0.2601616410705992,0
21373,0.26013597453872156,0
1509,0.2601248014952574,0
22905,0.260121550135991,0
25017,0.2601106461347029,0
24052,0.26010960038367653,0
7408,0.26009470472533003,0
18827,0.2600852868764332,0
15877,0.26007683616289873,0
29134,0.26007350869114615,0
8839,0.26007300552555374,0
7157,0.26001904755906713,0
14507,0.26000884374631267,0
10111,0.25999480545197967,0
25416,0.25998776593784195,0
15893,0.2599676211909734,0
12321,0.25995552636570063,0
5126,0.2599537816752963,0
12950,0.25994734008532455,0
9116,0.25992938273828814,0
528,0.2599288593816341,0
14541,0.25992708302041007,0
15804,0.2599250137621043,0
901,0.25990473080570514,0
25420,0.2599009838729863,0
9740,0.25987657140367665,0
11112,0.25987311506463906,0
17746,0.25986249162071773,0
22133,0.25984000889220754,0
4709,0.25983283248514766,0
30656,0.25981624698692896,0
14871,0.2598050878564078,0
24438,0.2597835933926069,0
12809,0.25977248029832656,0
27898,0.2597720456514256,0
450,0.25975784566476795,0
28502,0.25975460023556995,0
27668,0.2597535206668448,0
7655,0.2597370168571901,0
7417,0.2597355511037644,0
18639,0.2597210252569255,0
13902,0.25971662951019864,0
13966,0.2596877335336292,0
10227,0.2596686052931685,0
5468,0.25966783268564214,0
27266,0.25966702500509514,0
19299,0.25965723389037626,0
6614,0.2596229640631221,0
7450,0.2596148634715531,0
15898,0.25960906124682553,0
6227,0.25956750057962574,0
28975,0.25955522530559844,0
2231,0.2595487931521056,0
20163,0.2595388003136081,0
27852,0.259529112126845,0
8611,0.2594982494113177,0
29343,0.2594930581124218,0
11799,0.25948063406498745,0
10890,0.25946483144202276,0
13736,0.259443085919334,0
16590,0.2594290020484972,0
17979,0.2594114113601112,0
31130,0.25939953147113604,0
3725,0.25939763208737593,0
21621,0.2593975537960302,0
6426,0.2593781577697197,0
10763,0.2593706425519265,0
1128,0.2593465715620995,0
16117,0.2593424212047071,0
26372,0.2593137095878736,0
6398,0.2593121755728591,0
25847,0.25930272994325654,0
9824,0.25930214098996013,0
12682,0.2592874041057868,0
31197,0.25928047435396456,0
11375,0.2592642937338007,0
21208,0.2592587469211342,0
3757,0.25925751072319014,0
3182,0.2592280284066231,0
8278,0.2592055557396024,0
1304,0.2591723279343443,0
9195,0.2591631280928379,0
14155,0.25915917300636876,0
21145,0.2591556064198247,0
6186,0.25914096028450584,0
16824,0.2591218936538241,0
10459,0.25911468779103186,0
12818,0.2590849916509847,0
12732,0.259050983945327,0
27580,0.2590477828054102,0
25122,0.25904454440239394,0
6367,0.25902654210708836,0
7828,0.25901486855719336,0
13213,0.2590105553113666,0
20730,0.2589919173615832,0
12984,0.2589706982732284,0
30746,0.25896988256532055,0
686,0.2589624184080829,0
29234,0.2589606020667315,0
10519,0.25895366696103855,0
28608,0.25893801857971255,0
18230,0.2589188782215371,0
24018,0.2588947229213564,0
4789,0.25889429497211,0
26150,0.25889231830837484,0
29535,0.25889161747057465,0
26424,0.2588800374591097,0
16711,0.25886478684939906,0
301,0.2588600069493366,0
4290,0.2588526241273349,0
24773,0.25884526908248684,0
14113,0.2588414583172404,0
25138,0.2588322026295902,0
4431,0.25882258619408816,0
10354,0.2588129024292225,0
776,0.25880619509181174,0
2779,0.2588044782021553,0
10310,0.2588024263543863,0
2894,0.2588012818259712,0
28847,0.25877344215515913,0
24201,0.25876075082214206,0
4003,0.2587601433113596,0
9887,0.2587541311133771,0
3987,0.25874786262420635,0
28177,0.25872750260029115,0
8622,0.25870689384535395,0
12085,0.25870153664486817,0
23267,0.25869946819563433,0
4561,0.25869807944997125,0
2310,0.25868981958735676,0
6276,0.2586870247218871,0
30372,0.25868248461276605,0
13217,0.25867317727213407,0
29387,0.25867040244819933,0
20594,0.2586310865222137,0
25418,0.2586178201424251,0
18879,0.2586167325327505,0
16229,0.258606485303587,0
4550,0.2585799077148763,0
3323,0.2585657599916248,0
6536,0.2585622166513753,0
23857,0.2585246544302171,0
5794,0.25851100381819964,0
16144,0.2585070823057776,0
11144,0.25848914820887153,0
5563,0.25848613602498566,0
21187,0.2584834561295288,0
17253,0.25846484012310195,0
16631,0.25845993298528647,0
25679,0.2584585609819627,0
17298,0.2584543320442837,0
18968,0.25845426198209526,0
3826,0.25844841468111,0
10150,0.25844607020323124,0
13021,0.25842745649909804,0
4108,0.2584245607990255,0
21384,0.25839160712004117,0
4884,0.2583894350242714,0
19411,0.25837898402807363,0
23098,0.2583781886380596,0
17154,0.25837620581176457,0
16692,0.25835953460355077,0
16688,0.25835606975812725,0
3940,0.2583542541718697,0
2854,0.2583465855235625,0
24579,0.2583306107742371,0
28600,0.25831929749880006,0
12541,0.25831155818435564,0
23738,0.2583042871741839,0
11368,0.2582942337307025,0
7009,0.2582917811496537,0
4984,0.258268722074452,0
25256,0.2582563428643191,0
7465,0.2582489926999918,0
15895,0.2582379844989027,0
30722,0.25823065196877587,0
11814,0.2582299037656986,0
13275,0.25822066298895185,0
4371,0.25819093014668304,0
30102,0.25816502913114603,0
27573,0.25816053307998993,0
5520,0.258146824789762,0
4978,0.2581349292462879,0
29264,0.2581333943590531,0
10473,0.25813128150492554,0
24914,0.25812732789343096,0
28667,0.2581262628997674,0
19395,0.2581246786365961,0
24378,0.2581196502179563,0
11150,0.2581156693024427,0
7625,0.2581084957595013,0
28399,0.2580914772819669,0
26595,0.2580513343590014,0
12454,0.25805116019765784,0
20406,0.25803368956551875,0
13254,0.2580263725845887,0
6380,0.2580100525995174,0
23853,0.2580048499898478,0
22377,0.25800283739582286,0
17327,0.2579585840302237,0
29465,0.2579535124431972,0
22407,0.25790057128142957,0
6077,0.2578887934981848,0
30392,0.25787855490364725,0
3983,0.25784907465849505,0
24723,0.2578450570437495,0
4539,0.25784358079653413,0
8969,0.2578327498263934,0
4121,0.257831477262856,0
27267,0.2577866729595268,0
13298,0.25778372817453177,0
23230,0.25777801672000433,0
24504,0.25777216507457223,0
17194,0.2577513612537364,0
4430,0.25772784084333833,0
3460,0.2577173139159286,0
23627,0.2577016571194441,0
9355,0.2576420975673715,0
12161,0.2576340736937511,0
29693,0.25763397158598483,0
13493,0.2576268829368776,0
18182,0.2576241281707653,0
11278,0.2576210769916202,0
1721,0.25758925826244133,0
23139,0.257585301382738,0
12422,0.25758392329312013,0
25798,0.2575783530036866,0
30914,0.2575725474353732,0
20961,0.2575639749219591,0
22862,0.2575416257513047,0
28792,0.25753913711226284,0
15887,0.2575235010783831,0
4334,0.2574902910534159,0
27778,0.25748603664082703,0
29725,0.2574755664576378,0
27265,0.25747371058518875,0
4071,0.2574733846585944,0
22563,0.2574724021126014,0
8123,0.2574696940994765,0
6368,0.25745808623299077,0
20167,0.2574386196996993,0
28643,0.25741883091128276,0
9691,0.25741323977660985,0
10928,0.2573867786174754,0
10670,0.25738525019988684,0
27089,0.2573731022011121,0
21016,0.25734858441988373,0
23075,0.2573428187502072,0
24995,0.25734160120719723,0
2515,0.2573377690189041,0
14973,0.25732632072467676,0
2405,0.25731559022266237,0
20277,0.25729512848601843,0
15341,0.2572950893876263,0
352,0.25728939585425364,0
9158,0.25728891742540144,0
20006,0.25728680518820995,0
3515,0.2572786316568324,0
22554,0.2572728827849193,0
10836,0.2572688811281301,0
5785,0.25725662295158896,0
712,0.2572479010169779,0
27599,0.2572115007226564,0
30319,0.2571881549335062,0
6246,0.25718325510318846,0
23123,0.2571803486235976,0
1907,0.2571786365607014,0
2794,0.2571728294465051,0
8947,0.25716571616341777,0
25158,0.25716555446093314,0
12405,0.25715637450867557,0
11654,0.2571559954518942,0
13519,0.25714590586222946,0
13727,0.257142049386564,0
19161,0.25714162330249757,0
21321,0.25713912114762033,0
12475,0.2571277630961002,0
26162,0.25712293013854803,0
25725,0.2571144665968518,0
17452,0.2571119627467842,0
432,0.25711090016935784,0
3430,0.25710679500547273,0
16638,0.25709017107228765,0
23162,0.2570895839685691,0
16504,0.2570742607815828,0
10482,0.25706219256592366,0
5490,0.2570257062925464,0
3283,0.2569861484395848,0
26867,0.2569742753166854,0
14170,0.2569524505262171,0
24450,0.2569496924086032,0
16160,0.2569450289412737,0
18352,0.25694407340688963,0
26080,0.25694071040006206,0
9679,0.25693792628437184,0
17506,0.2569290450055531,0
67,0.2569222265749588,0
26349,0.2569099294992865,0
17088,0.2569094902635659,0
15737,0.25690686918153316,0
2567,0.25690019705742034,0
741,0.2568719113475359,0
26557,0.2568667696707646,0
28204,0.25686615671143204,0
27125,0.25686020313957497,0
10228,0.256839059054574,0
24190,0.2568290647467718,0
29758,0.2568157196067605,0
1498,0.256809202616118,0
20351,0.2567978291063283,0
26294,0.25679294139596026,0
16917,0.25678620070732583,0
27379,0.2567468634036287,0
27224,0.2567272130461908,0
17260,0.256721682221964,0
20016,0.25670410826943363,0
2718,0.25670119989676715,0
29903,0.25668157302156075,0
23471,0.2566768669914718,0
11349,0.25667588119351303,0
9142,0.25666046503887574,0
21097,0.2566593612863391,0
42,0.2566346694100002,0
5762,0.2566311528753307,0
24420,0.25660213668018356,0
12291,0.2566018835539585,0
2802,0.25660032146753436,0
24269,0.2565941930015633,0
2022,0.2565742073364728,0
20911,0.25656382407975287,0
26142,0.2565455726316671,0
11842,0.2565417929100261,0
2790,0.2565412910740868,0
4729,0.2565407852606867,0
1178,0.2565401767277192,0
7459,0.2565367873781455,0
1505,0.25652781058418767,0
24825,0.25650891661991193,0
20225,0.25650478866321125,0
14619,0.25649703624265213,0
30882,0.2564928362340583,0
1642,0.2564915564356222,0
27932,0.2564879494893809,0
8837,0.25647559024557254,0
27409,0.25647421203471626,0
9893,0.25644762388067266,0
27338,0.2564466493331363,0
14848,0.256437130143881,0
20113,0.2564258119996738,0
28218,0.2564171902359014,0
12544,0.2564151472805226,0
5956,0.2564104909945618,0
11205,0.2563939051888074,0
15279,0.2563664215372237,0
14390,0.2563355240458509,0
5428,0.25630091912302966,0
22103,0.25629033641165466,0
20659,0.2562890821311973,0
703,0.25628879341542027,0
2925,0.2562806073863396,0
2607,0.2562804155755875,0
2160,0.2562602624573672,0
23601,0.25624996210024337,0
5260,0.25621711189812035,0
9220,0.2562160624340212,0
9902,0.25621451219840014,0
17536,0.25621314477779783,0
10983,0.256212763009955,0
16331,0.25619597821394247,0
922,0.25619408497306756,0
7821,0.25618218225716255,0
28161,0.25618157675040176,0
6746,0.2561760672982156,0
4466,0.2561682404682797,0
30199,0.2561476094402877,0
22297,0.25613747917405943,0
17991,0.2561150348732811,0
20575,0.2561042562224792,0
18482,0.2560997415688376,0
25864,0.2560943510309804,0
8814,0.25608479059066724,0
24806,0.25606865719217425,0
28957,0.25605632539755924,0
14384,0.25605425917898184,0
20183,0.25604783361711186,0
27818,0.2560452279574354,0
15213,0.25601438371855534,0
14459,0.2560078798652549,0
14146,0.2559783865137536,0
4389,0.2559768426116995,0
21273,0.25597614783943706,0
28445,0.25596484369818095,0
23087,0.25594538461218985,0
25712,0.25593168558238444,0
3900,0.2558811476348,0
19409,0.2558779387576095,0
29781,0.2558649626419564,0
17717,0.25586212829412763,0
24237,0.2558552678345832,0
2991,0.25584689079568773,0
4255,0.25582635003021065,0
17960,0.2558221648978096,0
29964,0.2558069161009812,0
24713,0.2558019098806357,0
28462,0.2557894787862276,0
3997,0.25578219496139687,0
7070,0.255768377024123,0
5082,0.2557622473013518,0
12569,0.2557601300578744,0
6236,0.2557480160456512,0
21070,0.25574278756821583,0
507,0.2557361674912581,0
13039,0.2557332179581774,0
17148,0.255730174564401,0
16960,0.25572837355491784,0
24278,0.25571336434931474,0
24437,0.2557088208736067,0
26734,0.25570681809768775,0
25578,0.25570221869688914,0
31329,0.25569110680322643,0
3349,0.25565006360952125,0
1349,0.25564636525813655,0
25142,0.25560801503849256,0
21259,0.25559179535656357,0
26125,0.25557008343127374,0
6842,0.25556188514668243,0
10140,0.2555585154742891,0
15141,0.25555808930743296,0
18167,0.25555632502564474,0
4170,0.255555234603042,0
22474,0.2555203570960877,0
15703,0.25550845764926705,0
6280,0.2555042331321377,0
3107,0.2554955678373786,0
19851,0.25548132430842857,0
24177,0.2554775012386954,0
234,0.2554675193605754,0
19762,0.25544541569919776,0
5749,0.2554414930982226,0
15943,0.2554351585243697,0
11198,0.2554100792072409,0
14475,0.2553930069006815,0
7645,0.25536326752198923,0
12427,0.25535861498766305,0
2408,0.2553585691808434,0
21802,0.2553568055920367,0
6057,0.255347237854279,0
13912,0.25534158014955755,0
24172,0.255336437572959,0
28904,0.25532160187797115,0
9587,0.2553202144657803,0
2045,0.2553004129477807,0
27365,0.25529122257777065,0
23553,0.25526917535048915,0
18190,0.25524050654897557,0
20245,0.25520414462261154,0
25879,0.25520237404026797,0
15453,0.25519611578435036,0
1542,0.2551922541036831,0
610,0.25514447631826803,0
10345,0.2551436337804533,0
9963,0.25513389121677515,0
8972,0.25512348365284715,0
24841,0.25512033257952726,0
15136,0.255097228599262,0
24573,0.2550903800316007,0
9137,0.2550756147148812,0
5161,0.2550721001251451,0
1176,0.2550538596101393,0
17007,0.2550421647169937,0
23163,0.2550224183447238,0
16405,0.2549997339211105,0
10456,0.25499051345430634,0
9338,0.25497583966646603,0
18437,0.2549695042013978,0
28453,0.2549656899315226,0
10359,0.2549591694822288,0
20713,0.2549525849223805,0
2561,0.25492823903860246,0
24904,0.25491715230249756,0
20583,0.25490016539224486,0
17326,0.2548904731372741,0
19628,0.2548880286495011,0
21446,0.2548642759963522,0
4051,0.2548548921294537,0
13809,0.25484651209846815,0
29293,0.25484311452512975,0
16492,0.25484006471374043,0
21411,0.25483289244850454,0
14665,0.25482561615266,0
4782,0.2548141817297365,0
7675,0.25481167217722966,0
3561,0.25480814248453926,0
10960,0.25480156941996934,0
2835,0.2548010919217811,0
20448,0.2547967237600874,0
17611,0.2547949425622699,0
25955,0.2547850959336289,0
6877,0.25478001212668067,0
26409,0.25477344676223007,0
19588,0.2547710201685874,0
8895,0.25477055620109046,0
15568,0.2547672395090493,0
5182,0.2547513678152618,0
11924,0.25472983936627996,0
13429,0.2547254936927848,0
4102,0.25472478906932833,0
20617,0.2547235511753305,0
25175,0.2547226330016268,0
21037,0.25471156234221626,0
16386,0.2547055924760923,0
4637,0.2546645954530141,0
6995,0.2546605720054894,0
14578,0.2546600059719027,0
3763,0.2546587035387096,0
29331,0.25465491888188097,0
13171,0.2546420520728199,0
17320,0.25463283896378336,0
22105,0.2546244070425576,0
4849,0.25461087284997136,0
18021,0.2546078818173145,0
19554,0.25460222093739254,0
14082,0.2545930183395907,0
1984,0.2545917655551443,0
4953,0.2545764979911295,0
11696,0.2545346949869187,0
8485,0.2545301198527577,0
22269,0.2545284218659161,0
28631,0.25451824929662015,0
2254,0.2545153165108324,0
13399,0.25451157408845776,0
11223,0.2545089313625463,0
29447,0.25450642585860966,0
9564,0.25450293856672895,0
16801,0.2544985232925299,0
25617,0.25449322857515955,0
26887,0.25448271118117477,0
18655,0.25445591740324497,0
10151,0.2544465129881967,0
17442,0.2544324834261935,0
26968,0.25442569465987974,0
23108,0.2544176125379493,0
12829,0.25438772356277084,0
12646,0.25438673564299497,0
2370,0.2543853026085213,0
21153,0.2543781175333352,0
24476,0.2543488306644683,0
14372,0.25432661731292766,0
22438,0.2543032779519225,0
21221,0.254293535826042,0
1743,0.2542836165570403,0
29524,0.25426671271586265,0
4132,0.25424838297461727,0
27114,0.2542206172273678,0
26098,0.2541912704505358,0
28570,0.25414746205850836,0
8908,0.25409771523316144,0
29830,0.25409440648228726,0
21038,0.2540884678155539,0
22833,0.25407547654147566,0
18529,0.25405757151436725,0
25606,0.25404764294704424,0
29173,0.25402921150891195,0
2176,0.2540262486964643,0
8033,0.2540248392217872,0
9813,0.25402333559720264,0
4997,0.25401674682833475,0
6836,0.25400993578955194,0
1337,0.25400903344739356,0
16482,0.2539633789774106,0
7126,0.25395870177796437,0
25928,0.2539477051605935,0
14554,0.25394568761934194,0
16959,0.2539350315411314,0
22741,0.25393287807612736,0
20698,0.2539291311951916,0
12339,0.2538962404329265,0
17281,0.25387732841377775,0
6554,0.2538773168134955,0
11335,0.25387629212242613,0
6743,0.2538745622272718,0
30574,0.2538683930167969,0
22273,0.25386585837320985,0
25760,0.25386576684022455,0
4498,0.25385709110927906,0
6996,0.253854110065587,0
9446,0.25385005180818426,0
2729,0.25384629306480067,0
2376,0.25383909533946086,0
6366,0.2538364278591293,0
10913,0.2538306960473722,0
308,0.25382330150355115,0
17797,0.253820205803325,0
19624,0.25380777447809005,0
29692,0.2538045888490839,0
32,0.2537965221055111,0
1035,0.25377613097709323,0
1681,0.2537624635288037,0
14506,0.2537540287919839,0
23120,0.25375200714347074,0
23989,0.25374190469414,0
3389,0.253733880648689,0
12032,0.25372554529425967,0
18851,0.2537212794175854,0
30130,0.25367531168836616,0
823,0.25367443255358774,0
24389,0.2536631033084268,0
2533,0.2536547249888015,0
9414,0.2536396674521906,0
683,0.2536347597084164,0
17644,0.2536328227120042,0
28934,0.2536143804479158,0
9915,0.2536054430011918,0
7023,0.2536006530465124,0
4703,0.25359110410157754,0
12370,0.2535855551052268,0
11939,0.25358010563315436,0
27523,0.2535777176000174,0
1944,0.2535505905493231,0
17125,0.2535247651636038,0
23753,0.25352159437187094,0
18097,0.2535195468134659,0
7151,0.2535118946376001,0
31272,0.2535080338930744,0
9946,0.2534742880367038,0
14378,0.253462218083355,0
4714,0.2534610127120569,0
3776,0.2534470460627592,0
26035,0.25344651030938775,0
22728,0.2534398799559295,0
21092,0.2534345124665414,0
21156,0.2534338559359761,0
17766,0.2534293338804411,0
986,0.25342139010584286,0
19013,0.2534050217974875,0
19286,0.25338571119501413,0
12369,0.25338383677351767,0
7293,0.253381751594032,0
11014,0.2533647659063457,0
7624,0.2533613289433133,0
10362,0.2533595998920352,0
12105,0.25335286841435734,0
3732,0.2533424928455082,0
24194,0.25332727209502187,0
9633,0.25332398304348663,0
542,0.2533078295320511,0
19979,0.25330586890208884,0
24965,0.25328829187232715,0
2040,0.2532880280948022,0
24022,0.2532863734171205,0
17497,0.2532854236710521,0
1879,0.25327998508823,0
1873,0.2532513773808354,0
8565,0.2532484372116491,0
11052,0.25324581962595316,0
14068,0.2532426058108122,0
22666,0.2532421619618008,0
28555,0.25321297506122487,0
9702,0.25320776139815704,0
27354,0.2532050584334804,0
5227,0.2532035443410512,0
6538,0.25317622932712586,0
29615,0.25317208936715546,0
24356,0.25315651149508117,0
17542,0.2531430207396153,0
23218,0.25312235600235794,0
21081,0.2531185584258067,0
23531,0.25311495705153475,0
897,0.25308012769458277,0
1664,0.2530795103581981,0
390,0.2530672754512584,0
24221,0.2530655928906508,0
19068,0.25306397856535634,0
2194,0.25306093602866847,0
24848,0.2530511061903974,0
26759,0.25304238515669736,0
15873,0.2530296387376569,0
22515,0.25300899674671895,0
22572,0.2530057920151711,0
13321,0.25299867360197265,0
24082,0.252996047139352,0
13839,0.2529935747908314,0
1978,0.2529810562889904,0
6735,0.25295773110999215,0
2603,0.25295471748018256,0
5039,0.2529436150588776,0
17205,0.2529235673284417,0
4284,0.2529162641551922,0
31188,0.2529156779700513,0
16943,0.25291390436664635,0
17824,0.2529054184769123,0
29962,0.2528940412646362,0
22132,0.25286770505728745,0
6765,0.2528641322768819,0
6588,0.2528483052067253,0
27211,0.25282590833196517,0
2220,0.25281970337658766,0
14319,0.25281809999888594,0
26216,0.2527942167864049,0
2131,0.2527922673901687,0
2175,0.2527678239509011,0
24086,0.25276570774855317,0
30217,0.2527337433172932,0
24753,0.2527293083244789,0
16616,0.2527186652834216,0
13403,0.2527030687961959,0
17534,0.25269365410840355,0
14911,0.252680163877135,0
22885,0.25266765068272934,0
24581,0.25265901341981417,0
5652,0.2526524782506156,0
804,0.2526268104014209,0
21848,0.2526147065198056,0
445,0.2525917220975549,0
11673,0.2525625085295193,0
19483,0.25252665839267574,0
966,0.2525240604610878,0
2853,0.25248422911319474,0
3100,0.2524585129008418,0
3613,0.2524496900934834,0
31343,0.2524400079469912,0
6503,0.25243822315745085,0
19713,0.2524376656941643,0
14765,0.25242833473083315,0
29125,0.252419441030863,0
3223,0.2524170000602967,0
5670,0.25241053736161084,0
11942,0.2523881550645753,0
30810,0.25237611982611,0
21036,0.2523754761350828,0
24362,0.25235788609278115,0
3881,0.25234364608530263,0
29900,0.25228351946997274,0
22913,0.25227948818613355,0
12666,0.2522728800098498,0
5752,0.2522705925395287,0
12449,0.2522594090795582,0
3205,0.2522569544548514,0
18941,0.2522546663649034,0
2589,0.25225383192073475,0
22971,0.25222008202154356,0
1792,0.2522015319457544,0
15861,0.25217574565020473,0
8850,0.25216159183670167,0
29064,0.2521561282051505,0
10783,0.2521482508357398,0
15990,0.25213756566237944,0
9994,0.2521188037226381,0
11106,0.2520943018204078,0
23609,0.25209003365230764,0
26505,0.2520869096932684,0
29123,0.2520861032320959,0
24739,0.2520853362116888,0
21251,0.25208114374135976,0
6413,0.25207289684775197,0
21944,0.25205638103318173,0
2745,0.2520470706271115,0
10135,0.2520423795914196,0
7271,0.25203127952634324,0
23577,0.25203047901275055,0
18772,0.2520261911266078,0
22374,0.25202585591766113,0
1885,0.25201676408398543,0
25699,0.25200341976201107,0
21129,0.2519901786744319,0
3028,0.25197920722836,0
24157,0.25197679963567493,0
13485,0.2519674658147574,0
6278,0.2519567695186181,0
4939,0.25195180269791406,0
28208,0.2519517050704069,0
29568,0.25194496275128875,0
10798,0.2519409530722438,0
30270,0.2519278072402063,0
4730,0.2519235716293369,0
26226,0.2519186202215593,0
29240,0.2519157796421426,0
14978,0.25190645332637895,0
6926,0.25189303991032624,0
30521,0.2518790396638718,0
15032,0.2518772931096285,0
22348,0.25186396253747717,0
9831,0.25185642740818304,0
471,0.2518532828552705,0
30824,0.25185261657662106,0
14589,0.2518524924195205,0
4880,0.25182247215812315,0
30434,0.2518185834371302,0
16398,0.25181615087740883,0
9150,0.2518013939981423,0
10697,0.251800729932037,0
4945,0.2517950888952036,0
19014,0.25175443109738105,0
928,0.2517378127233066,0
25247,0.25173164475293747,0
6475,0.2517241478224068,0
4485,0.2516993043050058,0
24273,0.25169469003651107,0
18787,0.2516944884206267,0
17192,0.25168958516009804,0
1280,0.25167874210884617,0
4689,0.25166576774202176,0
22828,0.25163809908369444,0
3381,0.251637662034208,0
11800,0.25163684997403046,0
17758,0.2516275259584482,0
3865,0.2516274744067371,0
25709,0.2516164618791052,0
8008,0.25161239108673494,0
4256,0.2515920731705294,0
237,0.2515880004910224,0
6618,0.25158133558519674,0
15041,0.2515686272798598,0
7732,0.2515681656835602,0
18830,0.25154203620439003,0
11519,0.2515398881670268,0
29163,0.2515330216026056,0
28421,0.2515262949374403,0
10563,0.2515255095127537,0
21693,0.25152093198331366,0
27459,0.25150848292018574,0
12122,0.25150785019115135,0
24700,0.25148899083579723,0
30081,0.2514710180031881,0
11877,0.2514634299146191,0
13504,0.251459387921251,0
727,0.2514590359306459,0
2866,0.2514361660395252,0
16905,0.25142772946822534,0
483,0.2514255855601635,0
1340,0.25141814093157105,0
2129,0.2514153364298669,0
13953,0.2514131310271226,0
12642,0.2514110988403106,0
14151,0.2514087574830059,0
11884,0.2513916286066925,0
27530,0.25139151888063116,0
1135,0.25137085939203785,0
9156,0.25135958783379153,0
25290,0.2513502443660114,0
16761,0.25135008763419053,0
20778,0.2513393532868765,0
30649,0.2513389729802182,0
23403,0.25132901919350653,0
27688,0.2513236215960101,0
8674,0.2513017021377989,0
29859,0.25129693110083945,0
7495,0.25129599936861274,0
13423,0.25129007952028753,0
29641,0.2512830832487264,0
17517,0.25128279951154264,0
5459,0.2512698975628911,0
25382,0.25126544007923873,0
15409,0.2512584260062483,0
22957,0.2512381731851549,0
9674,0.25123460262305913,0
6031,0.2512188881623866,0
10207,0.25121684140430545,0
25540,0.2512127078576717,0
24755,0.2511809668087833,0
15833,0.25117513867363483,0
26851,0.25117424691799967,0
12842,0.2511721965326144,0
5306,0.2511590613029412,0
17409,0.2511585727694261,0
10067,0.25112709696853364,0
15479,0.2511110768087721,0
12416,0.2511092907246492,0
3344,0.2511088736866504,0
14153,0.2511072807568075,0
1808,0.2511065313548001,0
13420,0.2511056615201222,0
1486,0.2510851479530183,0
26826,0.2510617434365562,0
8590,0.2510481625169633,0
23469,0.2510351114930479,0
21354,0.2510312379978243,0
31222,0.2510310160185345,0
1433,0.2510246350089588,0
21841,0.25101264080304786,0
25385,0.25101066111362536,0
13812,0.2509988250242139,0
9971,0.25096585062392895,0
17716,0.2509586275143687,0
2574,0.25093321435871085,0
29295,0.2509320835914727,0
17808,0.25092128353859244,0
24536,0.25088826036831047,0
23615,0.25087324991840904,0
14827,0.25086629625244866,0
2989,0.25085386509999685,0
5538,0.2508206797477978,0
30094,0.25080837888315066,0
949,0.2508064674838788,0
12607,0.2508055589883675,0
15631,0.2507833909629343,0
12728,0.2507688206658794,0
28695,0.2507572510871977,0
290,0.25075426926086514,0
10422,0.25073683836893174,0
22949,0.25073407648074375,0
31314,0.2507322554944804,0
16895,0.25071746980878834,0
15585,0.25071200464292676,0
3122,0.2507054602663749,0
26550,0.2507009579239445,0
13991,0.25069654444968903,0
3174,0.25068854982809496,0
16288,0.25068660184039177,0
21130,0.25068485489355824,0
4543,0.2506825519172981,0
11951,0.2506668980129757,0
8015,0.2506623347512079,0
26214,0.25064904090375056,0
27030,0.2506331776646956,0
24468,0.2506289945866655,0
15054,0.2506181868945075,0
28544,0.2506008609332272,0
2508,0.25060083771852093,0
13496,0.2505883983310843,0
13367,0.25058107117113315,0
3701,0.25056938801828793,0
10078,0.2505629969634023,0
22887,0.2505426295842844,0
10329,0.25053584097852505,0
20536,0.2505343121400256,0
24538,0.25052763225869773,0
11742,0.25051815094567564,0
21344,0.25051697111211224,0
25461,0.25049986761577847,0
969,0.25048465219369165,0
25049,0.25046610949432146,0
21369,0.25046114229210514,0
9382,0.25040113289374466,0
14729,0.25039532145848015,0
7578,0.2503796168500818,0
9222,0.25037584636579485,0
21970,0.2503629062777302,0
7497,0.2503559723183102,0
28677,0.2503463578943593,0
12674,0.2503315849200812,0
26610,0.25032371614872356,0
23035,0.25032208286759267,0
27022,0.2503016575924647,0
23561,0.2502754168496089,0
30101,0.2502738683451949,0
8463,0.2502660729249932,0
2248,0.25024483049044094,0
14792,0.2502433311354821,0
20386,0.2502315012158223,0
4859,0.2502195881474917,0
23978,0.2501995372176642,0
28255,0.2501840525588527,0
7205,0.2501799630643249,0
10734,0.2501604710917323,0
6998,0.25015207545114704,0
19651,0.25014692728886023,0
31251,0.250141871164183,0
23998,0.25010860420423353,0
1992,0.2500934801276914,0
24847,0.2500789517428727,0
182,0.250068354401681,0
5981,0.25005325342911516,0
4435,0.2500441160455775,0
30796,0.2500372058547828,0
10739,0.25003028764590957,0
20857,0.25001856516907234,0
22234,0.24999360982982743,0
28198,0.2499862690202068,0
14215,0.24997196806495692,0
21086,0.24997041547553103,0
7124,0.2499677661238885,0
28759,0.24995561296354069,0
9585,0.24995517095088343,0
8103,0.24993949487921313,0
21043,0.2499324815384249,0
10302,0.249916831680158,0
23657,0.2499117275101092,0
8657,0.24987745245186604,0
19984,0.24986444856005469,0
5536,0.24984869942668542,0
9860,0.24984628806062134,0
3521,0.24984408082297604,0
19855,0.24982838647319142,0
10695,0.24982200762625908,0
24528,0.24980316725459695,0
19688,0.2498022451620624,0
6933,0.24978360427766266,0
1033,0.24977937832174693,0
15422,0.2497572090158846,0
14532,0.24975590508518666,0
3673,0.24974919909368523,0
26326,0.24973199665900647,0
13828,0.2497310707395566,0
7125,0.2497234292701319,0
20390,0.24971148535996832,0
6990,0.24969292212427205,0
12602,0.24963933667107915,0
12046,0.2496347419738434,0
15091,0.24962769145751001,0
25942,0.24962476719746157,0
29491,0.24959030493339385,0
24074,0.24958788689752143,0
27735,0.24958666282881975,0
6607,0.2495840459838333,0
25432,0.2495832849214361,0
22770,0.24953228177219983,0
9410,0.24952886296359697,0
7362,0.24951894224144822,0
2864,0.2495173479227953,0
6319,0.24951463996829104,0
15221,0.24948219595296772,0
17198,0.2494655209561218,0
14464,0.24945746976506952,0
10095,0.2494540525673406,0
25821,0.2494474653519347,0
11774,0.24943786629406106,0
859,0.249427282901216,0
29991,0.24939622197383748,0
17475,0.24939598747606326,0
28696,0.24938251208494017,0
17346,0.24937566413600964,0
29091,0.24936051625257682,0
2357,0.2493557446844329,0
25707,0.2493517078512499,0
18345,0.24934987406964673,0
8682,0.24933083264285383,0
25266,0.24927603130670264,0
24277,0.2492709129018344,0
20281,0.24926004624156,0
11185,0.2492520153363067,0
6281,0.2492477160225574,0
3833,0.24923111925853159,0
7706,0.24923107769694186,0
8218,0.24922787154451348,0
12503,0.24922109166883402,0
19785,0.24920057608065446,0
17123,0.24919462274285237,0
16836,0.2491861814641759,0
13975,0.24918221450401148,0
7560,0.24917973301739907,0
1136,0.24915751613276566,0
15515,0.24914998492924942,0
26583,0.24912843400833928,0
27287,0.24912257626263504,0
24306,0.24909746456734805,0
30140,0.24907830128771988,0
7050,0.24905738979371062,0
16314,0.24904486557396205,0
30543,0.2490432379352433,0
12118,0.2490356937988275,0
18642,0.24900320077849922,0
21543,0.24898332571664386,0
17351,0.24897915715011837,0
2819,0.2489536499231626,0
19781,0.24894404100669007,0
2888,0.24894202973092447,0
25477,0.2489347461940331,0
20560,0.24892487687412326,0
11484,0.2489205040862372,0
544,0.24890601627099276,0
28871,0.24890011754839128,0
25671,0.2488992373000526,0
13857,0.24886988158391246,0
24949,0.24886214643610713,0
10817,0.24884381528988356,0
15181,0.2488408365010194,0
568,0.24883478877745024,0
9234,0.2488346935572971,0
22322,0.2488330670352937,0
27506,0.248823299198089,0
15648,0.2488185264491528,0
30745,0.24879867614919274,0
2468,0.24879748267266294,0
30407,0.24879081768030467,0
14197,0.2487859002649963,0
1668,0.24878402817020956,0
28348,0.24878374401602926,0
10638,0.24876568282560632,0
7071,0.24876037886584668,0
29263,0.24873927711976926,0
23124,0.24873884531249954,0
22789,0.24873521076711932,0
28251,0.2487321270445591,0
16412,0.2487256848291831,0
4962,0.2487248674329872,0
8202,0.24872139092798182,0
7056,0.24871366862949892,0
30017,0.24869608821769276,0
14661,0.24869276741685145,0
21910,0.24869031773944755,0
24632,0.24868666283961796,0
22864,0.24868478716816345,0
11644,0.24868026309235627,0
29437,0.24867370048318843,0
28324,0.2486682577474283,0
25883,0.24866685841740954,0
9275,0.2486659779483773,0
9070,0.24862740323670227,0
4476,0.2486266288128451,0
19262,0.24861761758669051,0
28327,0.2486001447031966,0
29218,0.2485878472817054,0
7443,0.24858528399600444,0
9949,0.2485792754313427,0
27528,0.2485729627997911,0
13509,0.24853920771532814,0
13316,0.24853574069971643,0
1495,0.24853248752889434,0
2413,0.2485302058330271,0
8115,0.24852627590725324,0
12580,0.2485220027677936,0
5207,0.24851972569647102,0
10675,0.24850569115605342,0
22096,0.2485054370524945,0
21048,0.24848957505608918,0
15527,0.24846682711131224,0
23394,0.2484478759147057,0
24996,0.24843659648244093,0
10220,0.24843307929095193,0
3312,0.24842668862650263,0
154,0.24840282184023066,0
12274,0.24840179710230853,0
3134,0.24839417954060683,0
2820,0.2483931443192463,0
25469,0.2483880346733135,0
23748,0.24838159485752193,0
21206,0.24837010197559217,0
2560,0.24836806060942732,0
29923,0.24836277938575574,0
19275,0.24835720655188895,0
10224,0.2483247200026019,0
25327,0.24832464551454408,0
20714,0.24831861208076345,0
5832,0.2483047300350127,0
2373,0.24830403511335178,0
18503,0.24829342017813594,0
14093,0.248287700130075,0
25353,0.2482820421016271,0
10967,0.24825737373351156,0
12351,0.24824906814814593,0
7907,0.24822508731400206,0
18319,0.24819849250180162,0
30803,0.24817603890578066,0
30901,0.24817114044144906,0
16966,0.24816836930010544,0
8326,0.2481623784389346,0
18357,0.24815374114480004,0
30473,0.2481264732453309,0
29809,0.2481209658308827,0
22425,0.24810911300860397,0
2447,0.24810471985542332,0
25019,0.24807837945394745,0
12705,0.24807317385808733,0
14857,0.24805046505085193,0
8691,0.24804785215600714,0
28254,0.24803400436296613,0
22589,0.2480258780922617,0
21783,0.2480072362405326,0
5303,0.24800245808439428,0
5267,0.24797954900515243,0
26642,0.247972878570963,0
560,0.24796656424614827,0
5057,0.24795343292412766,0
14957,0.24794629159964124,0
11617,0.24794013474003926,0
2287,0.24793762034733113,0
7374,0.24793079647384617,0
31139,0.2479305750998901,0
3813,0.24792044324056628,0
28159,0.2479174639215264,0
29798,0.24791622895458443,0
21836,0.247907451988203,0
25550,0.24790393686494594,0
2822,0.24789329175041583,0
338,0.24789180031449007,0
19469,0.2478866414523573,0
15991,0.2478823356254751,0
21496,0.24787806821732872,0
14703,0.24787795726186018,0
14219,0.24786867207888832,0
21757,0.24785581219165256,0
6784,0.2478511493197684,0
8291,0.24784843564793443,0
26886,0.24784157664982367,0
19870,0.24783459779635486,0
19723,0.24781140645258312,0
26230,0.24780363025187782,0
26296,0.24775540250150793,0
21746,0.24774109548296167,0
10419,0.24772725208116683,0
19368,0.2477241961440436,0
25174,0.2477219613313572,0
20019,0.24769199153014865,0
563,0.24766154145621525,0
11911,0.24761530962492412,0
5367,0.24761001463794383,0
30949,0.24760400597740476,0
2304,0.24759959860013825,0
11445,0.24758808663132864,0
17657,0.24758340814914753,0
18189,0.24757609866138341,0
26737,0.24757289063831206,0
16690,0.24755166210865734,0
16395,0.24753178810351337,0
21561,0.2475199031012293,0
11301,0.24750871958042583,0
28630,0.24750167751913313,0
21928,0.2474898115274011,0
18945,0.24748214324167692,0
19733,0.24748147473523996,0
19807,0.24748123580537587,0
20932,0.2474746467433823,0
16296,0.24747408866149578,0
28392,0.24745734724970664,0
22533,0.24745380450626128,0
13639,0.24745021236104145,0
3985,0.24744109608744616,0
21136,0.2474351855141608,0
5518,0.24743327986257266,0
18818,0.24741433482606617,0
16475,0.24741309218916402,0
18112,0.24740715774290004,0
2163,0.24737160102637276,0
13098,0.2473605156526489,0
20879,0.2473535836687399,0
10245,0.24734320349131175,0
4307,0.2473429852792891,0
31079,0.24733219292368017,0
24050,0.24732285395720457,0
15293,0.24730810103403397,0
1564,0.24729559925782246,0
5524,0.24728349868054722,0
7853,0.2472809544833928,0
30234,0.2472784455136136,0
4991,0.2472618115544089,0
15911,0.2472554065741544,0
19840,0.24724994569011535,0
8517,0.24723023014007847,0
17751,0.24722739775312622,0
13112,0.24721340532197394,0
10064,0.24721100075152388,0
26419,0.24721052658915288,0
31085,0.24720879511045607,0
19462,0.24720785151852445,0
23391,0.24719538905971133,0
22353,0.2471948244906845,0
3449,0.2471859251075352,0
27470,0.24718208642753148,0
28105,0.24717550918120007,0
14050,0.247140943859165,0
19109,0.2471142338501269,0
24711,0.24710835535928616,0
29370,0.24710146987329915,0
17755,0.2470998687459555,0
17917,0.24709214378510574,0
10713,0.24708773401903625,0
24240,0.24708707570068877,0
30879,0.24708676253059003,0
12930,0.24707552397234878,0
25230,0.24706743030671446,0
24251,0.2470499631563014,0
16627,0.2470395002033378,0
14518,0.24701935910845652,0
15528,0.2469947818451439,0
29741,0.24697055086627326,0
238,0.24696866415029184,0
1647,0.24695368082990948,0
5841,0.24693879246614742,0
17493,0.24693758867318572,0
19944,0.24693219321661256,0
8511,0.24692939335762687,0
25643,0.24692474040901152,0
8582,0.24691603371207896,0
29297,0.24691096042413022,0
20471,0.2469089845475695,0
23347,0.2469049772099465,0
6155,0.24690430679687597,0
10509,0.24689355528457146,0
5873,0.24689219896219655,0
30883,0.24689011921756499,0
19677,0.24687211605188444,0
2750,0.24685176923813038,0
25148,0.24683945585234868,0
891,0.24683814963741466,0
24486,0.2468370721490059,0
7296,0.24683070661688236,0
9544,0.24682995989936718,0
3037,0.24681228238467462,0
8903,0.24679818779415919,0
1361,0.24679579383793812,0
16489,0.24679248532321132,0
18747,0.24679020411714458,0
9014,0.24678040722923694,0
18459,0.24677600132583236,0
29280,0.24676021555907604,0
4824,0.24674919569567014,0
15617,0.24671917849801603,0
26976,0.24670053602948408,0
4075,0.24669946880411225,0
17037,0.24669901966926602,0
12048,0.24669466043270652,0
6067,0.2466876593565988,0
27072,0.24668433156176472,0
3710,0.24668356194179858,0
30570,0.24665534700446745,0
9716,0.24664614073030391,0
7864,0.24663317895114506,0
4388,0.2466320212466461,0
18641,0.24663189800505275,0
5302,0.2466279066463994,0
4805,0.24660570445048766,0
23765,0.2465886137503787,0
6934,0.24658640688663017,0
6928,0.2465680465643559,0
7662,0.2465678814603018,0
20484,0.24656203211779054,0
22545,0.2465564327508378,0
12469,0.24655368259248192,0
27935,0.24653949468182737,0
24132,0.24653493069316196,0
9068,0.24653137468616243,0
30864,0.24653079468786146,0
20931,0.24651307629169605,0
7489,0.24650945909684302,0
13024,0.24650221087716692,0
23749,0.2464799528899153,0
15437,0.2464729240582498,0
2345,0.2464627782711764,0
2314,0.24644790857796495,0
26989,0.24644246029709943,0
11274,0.24644217739673685,0
30614,0.24644076026874026,0
22360,0.246432452181947,0
19753,0.2464261127214213,0
16798,0.24641764560964677,0
26534,0.24641659632848328,0
12278,0.24641481999157894,0
19809,0.24639240948064406,0
25426,0.246392271090183,0
5027,0.24638511076631345,0
3933,0.2463825232239471,0
11602,0.2463798600467376,0
19918,0.246365816649855,0
20761,0.24635101787040195,0
29043,0.24634900572167534,0
17135,0.2463451819023125,0
25371,0.24633657197107728,0
26987,0.24633301275003547,0
14404,0.24632349247595925,0
22999,0.24630129859033098,0
20695,0.24627475689020048,0
6053,0.24626868228658644,0
16201,0.24626253016472435,0
10162,0.24624249858209513,0
1798,0.24623389213053096,0
7666,0.24623250082667794,0
18183,0.24622783434042986,0
1357,0.24622370422325815,0
846,0.2462029870944415,0
11627,0.2461942338382757,0
29258,0.24618847033651353,0
27508,0.2461850197104492,0
3753,0.24615818727925057,0
14935,0.24614070030730636,0
25260,0.24613851986828705,0
5493,0.2461376750640145,0
11333,0.24611710033653622,0
15600,0.24610618098235507,0
20626,0.24608052298324767,0
12532,0.246075940862655,0
30657,0.246075393643493,0
27327,0.24605935741866733,0
8930,0.24604635789065635,0
16460,0.24602996927033352,0
5023,0.2460034168215446,0
5075,0.24599965411029745,0
7804,0.24599221733726456,0
8330,0.24599180476592264,0
27704,0.24597177434414483,0
17143,0.2459584366654633,0
19514,0.24594742506347134,0
30330,0.2459332707390959,0
25425,0.24593168031213744,0
3822,0.24593055874047878,0
9618,0.24590894744396194,0
22764,0.24588397704640744,0
30846,0.24588180510326244,0
29003,0.24587579392452896,0
2950,0.24586697362629945,0
22324,0.2458661369132117,0
24716,0.24586494879930135,0
16637,0.2458636162761815,0
27291,0.2458593964228197,0
3645,0.24585890468358595,0
15848,0.24584983074586864,0
9486,0.2458391160538632,0
2530,0.2458366124016911,0
20293,0.24582087213676396,0
19985,0.24580263910352687,0
21889,0.24579850460158148,0
26752,0.2457929042848255,0
3915,0.24579118438749378,0
18297,0.24578949204326025,0
30776,0.2457893714711991,0
5583,0.24578781278470982,0
9246,0.24578477808806778,0
2255,0.24577823304893312,0
5852,0.24576178378699745,0
2482,0.24572852377746848,0
11811,0.24572200670597374,0
22811,0.24571995962453433,0
22780,0.2457108289737151,0
2296,0.24569751855804378,0
27469,0.24569579701244634,0
21675,0.24567125594204256,0
1759,0.24567097791208464,0
20985,0.24566390805823216,0
21325,0.24565341244368047,0
4837,0.24564298590123504,0
8736,0.24564212026410676,0
10964,0.24563133309698845,0
27869,0.24560020045376002,0
6969,0.245586882937909,0
24617,0.24555526073889067,0
8393,0.24555129382917137,0
27423,0.24554185871958786,0
20686,0.24553533554496187,0
15226,0.24552863321373525,0
5694,0.24552758714876544,0
21721,0.24550029353558542,0
10299,0.24543085022861408,0
17977,0.2453910827358551,0
4407,0.24539104344982107,0
25556,0.24536998679069302,0
5589,0.24536036674858985,0
30491,0.2453458020910775,0
12188,0.24533898607677998,0
25793,0.24533216618480455,0
8150,0.2453296243204407,0
2809,0.24531923548541706,0
2303,0.24530987181631553,0
693,0.24530772930649689,0
8818,0.24527377259059244,0
226,0.24525876765239693,0
25732,0.24523179903180395,0
3939,0.2451977446966818,0
16789,0.2451896851287653,0
15391,0.24518395912258334,0
10033,0.2451824012929631,0
504,0.24518036941166496,0
22834,0.24517530244361854,0
16271,0.2451581296082438,0
29180,0.24515589370840324,0
9396,0.24515518517169263,0
6197,0.2451521858218779,0
31323,0.2451443596952429,0
24410,0.24514399540202397,0
3922,0.24513071049017424,0
10068,0.24511937361855451,0
22668,0.2450841231182042,0
18150,0.24508018429178247,0
10501,0.24506720516068722,0
1242,0.24506279248926163,0
36,0.2450543086387848,0
21012,0.24504811945415853,0
5539,0.24504642996581108,0
20610,0.24504137719916724,0
28863,0.2450398189759358,0
11896,0.2450376275540664,0
4857,0.2450198210100001,0
279,0.24500969222537222,0
18091,0.2450034360463916,0
6218,0.24499136836610236,0
12677,0.24498318796862972,0
12001,0.24498011803434888,0
24838,0.24497763782727222,0
4636,0.24497156186005747,0
8474,0.24497094520754284,0
12976,0.2449679178987774,0
1441,0.24496400279192104,0
5829,0.24495124630119347,0
19728,0.24492789285451394,0
5897,0.24490923580062263,0
23044,0.24490864759029546,0
2833,0.24490652069348395,0
25173,0.24490259426130012,0
9532,0.2448963618819021,0
4338,0.24488414869337052,0
7010,0.24486763623655147,0
27551,0.2448452747741943,0
8974,0.24483687083397573,0
5862,0.24482993536983308,0
826,0.24481797918924475,0
670,0.24481556042159208,0
21794,0.24481010271000256,0
28635,0.2447964791103127,0
28038,0.24479062896846618,0
3598,0.24477770119867095,0
17331,0.24477466529367697,0
11522,0.24476980513362573,0
6526,0.2447614013398851,0
17842,0.24475323754052516,0
9848,0.24474298561469204,0
13065,0.24473571972885647,0
24293,0.2447332716529259,0
26650,0.24472523761867346,0
1985,0.24472309478175425,0
10319,0.24471841747946904,0
1284,0.24471751367680564,0
31225,0.2447127403782709,0
21311,0.24470362109291247,0
17892,0.2446905008365484,0
8351,0.24468842451893252,0
26064,0.24465618379087262,0
25459,0.2446442828943129,0
4760,0.24464414877626647,0
2397,0.24462531478503446,0
22729,0.24457732376991412,0
6547,0.24457540651321197,0
25214,0.24456963161699505,0
26113,0.24456359322515958,0
19017,0.24456212947674402,0
9221,0.24454723740524748,0
3417,0.244537044690296,0
1841,0.24453528092210752,0
3150,0.24452205244950218,0
5405,0.2445101829086131,0
4796,0.24450988378908722,0
8148,0.24450038365658458,0
8660,0.24449656322681781,0
23538,0.2444932599587154,0
20384,0.2444786448641105,0
114,0.24445071605064128,0
16701,0.2444499249100447,0
1392,0.24444726600475689,0
7906,0.24444429049045518,0
15445,0.24444053570255966,0
29205,0.24443571814586498,0
25651,0.24443094067878865,0
23850,0.24442503570632895,0
8602,0.24442126049321658,0
23492,0.24440305523388733,0
25885,0.2443975851382867,0
9772,0.24439726542704318,0
15748,0.24439475338177696,0
9254,0.24439165453411646,0
11763,0.2443712458647601,0
14307,0.24436467316510796,0
5878,0.2443285482189336,0
22121,0.24432556001129274,0
22953,0.2443223227159178,0
12092,0.2443113470388462,0
12310,0.24430752278742957,0
22651,0.2443013265225586,0
8389,0.24429326409173946,0
4377,0.2442789001807315,0
9583,0.24427650433198353,0
9225,0.2442728446825277,0
28843,0.24427180996091644,0
2283,0.24426892248321244,0
7119,0.24426877445160788,0
14576,0.24426075875761882,0
12221,0.24425745952422506,0
9140,0.24424295869225965,0
6854,0.24421593242756384,0
110,0.2442145529163688,0
15093,0.24420525990562145,0
12906,0.24419451159259392,0
20129,0.24417553049005222,0
13663,0.2441714828786457,0
18837,0.2441700871212525,0
17415,0.2441672596316169,0
14314,0.24416178267875524,0
28334,0.24415528826787145,0
17426,0.24415007727866786,0
6335,0.2441374985635404,0
4690,0.24412690692530675,0
446,0.2441214102454761,0
15684,0.2441145392534019,0
7563,0.24407805948952205,0
14395,0.24404652938527804,0
25405,0.2440446775239291,0
30048,0.24402847870033736,0
8885,0.24401043321359814,0
4641,0.24400399743770998,0
23849,0.24398706884475932,0
16126,0.24397486454775608,0
14709,0.2439500359047044,0
18751,0.24393819481470116,0
915,0.2439332513534106,0
22014,0.24392917110709716,0
13881,0.24392230204693785,0
18571,0.2439188092800899,0
3913,0.24391426375554254,0
5970,0.2439075543254133,0
3007,0.24390415504411112,0
7103,0.24388193575586975,0
10218,0.24383613099652213,0
13357,0.24382663873440344,0
8385,0.24382600505210764,0
30496,0.24380010643931996,0
554,0.24375879242008694,0
3812,0.2437299823471497,0
6510,0.24371816429437565,0
4221,0.24371543629558293,0
15415,0.24369952076303783,0
21492,0.2436580766160889,0
14708,0.24365198902381324,0
9817,0.24365150113697953,0
16744,0.24364778857875868,0
2457,0.24364667621972338,0
4647,0.2436334593534325,0
21160,0.24361391605655594,0
14630,0.24361289499794317,0
23404,0.24361108563728265,0
24727,0.24361065157900708,0
25970,0.24360950342556337,0
21471,0.2436009107351578,0
21282,0.2435547410728115,0
7717,0.24353869494075006,0
9776,0.2435337351121879,0
1112,0.24353000589078622,0
117,0.24351278350910588,0
2807,0.2435086897607447,0
19827,0.24350093222268068,0
366,0.24349769713658126,0
2550,0.24348771004353703,0
9516,0.24347009597638,0
30315,0.24346509216713372,0
28731,0.24345761734593932,0
16818,0.24345558150851143,0
785,0.2434539978532962,0
5301,0.24342552235344347,0
8346,0.24342529705152047,0
26911,0.24341132594235884,0
17891,0.24339489009054213,0
23829,0.2433909203879473,0
12831,0.24334009788797986,0
29035,0.24333960771675947,0
17759,0.24332463935806115,0
6939,0.24331264189319426,0
25568,0.24328300775830577,0
16339,0.2432699847040462,0
17491,0.24326706071301119,0
26344,0.24326413820228354,0
28989,0.24326223674100267,0
16796,0.24324641690370188,0
9122,0.24324592832521574,0
20850,0.24323222717169593,0
19459,0.24322883447885638,0
14928,0.24322526739885617,0
13391,0.2432234235611044,0
21337,0.24321348982726929,0
21444,0.24319075500654885,0
8579,0.24316826991575485,0
16976,0.24316800231681818,0
10623,0.2431673491184434,0
10440,0.24316514127150984,0
8526,0.24314042516973494,0
29521,0.24313116690596284,0
15666,0.24312911072841129,0
30332,0.2431251760447669,0
14753,0.24312183672741866,0
29439,0.2431161172978683,0
16250,0.2431053748540127,0
4706,0.24310449762468445,0
14596,0.24310132623023822,0
23643,0.24308606895886492,0
9493,0.24306777724151885,0
10733,0.2430413291704245,0
14816,0.24303304526572744,0
15808,0.24302805955867512,0
22466,0.2430278910763405,0
15725,0.24302593383094298,0
27283,0.24302198787433774,0
21214,0.24302130536351674,0
23387,0.24301602989864546,0
17451,0.2430120835372199,0
1780,0.2430025587640358,0
16445,0.2429777622794181,0
7741,0.24295491206287786,0
17405,0.2429492052401156,0
18174,0.2429351705555301,0
22709,0.24293205206430088,0
17538,0.24291778385812318,0
12543,0.2428878559621424,0
13120,0.24288592167078474,0
25249,0.2428840098987773,0
5781,0.24287998652507692,0
17132,0.24287745717231968,0
19159,0.242873341125511,0
17629,0.24286671799617326,0
28468,0.2428619650589795,0
466,0.24284857269037868,0
10869,0.24284580951472204,0
21109,0.24283193237018097,0
10391,0.2428234167649019,0
8710,0.24281404763038167,0
12593,0.24281270970680022,0
387,0.2428094044231841,0
1644,0.24280507183628683,0
3382,0.24280491067232254,0
20336,0.24279849638956819,0
3969,0.24279005239062026,0
21457,0.24277994507938142,0
77,0.24276872167189326,0
15241,0.2427676294400477,0
25365,0.24276629731016233,0
17407,0.24275865122207788,0
11322,0.24273454129516744,0
578,0.2427281299876682,0
12411,0.2427246026823754,0
26375,0.24270685779772147,0
2698,0.24270502909274774,0
15591,0.24270328911680106,0
10643,0.24269166915801246,0
13222,0.24268797261879343,0
29137,0.24268071252551335,0
22320,0.24263985616273037,0
9089,0.24262700100028414,0
20952,0.24262431292312414,0
11226,0.2425770903994437,0
19305,0.24255163896558976,0
5504,0.24255067341825562,0
21478,0.24254372456321632,0
2688,0.24253501782557166,0
15246,0.2425281348416949,0
15573,0.24252347476330718,0
19643,0.242521911518987,0
12394,0.24252190234319887,0
31016,0.24251015097468775,0
12190,0.24245855387011953,0
685,0.2424576742548592,0
9632,0.24245252250157584,0
26507,0.24244254930115652,0
15584,0.24244031306890154,0
16016,0.2424144834826929,0
16060,0.24236959126523366,0
14813,0.24236247724775553,0
5164,0.24236183857061985,0
5675,0.24235013413723583,0
24790,0.2423434354749867,0
9867,0.24233821485051477,0
29236,0.2423380570636156,0
15531,0.24233604657067126,0
29922,0.24233525380713974,0
27911,0.24231710849442747,0
18947,0.24230920709270215,0
14143,0.24229968000487556,0
30997,0.24229630995936496,0
12010,0.24228536768941397,0
21181,0.24227983465264724,0
20199,0.2422652242050457,0
4932,0.2422640825896632,0
16576,0.24224588574740857,0
26788,0.24224185690690875,0
4070,0.2422345611998444,0
23941,0.24222224643467627,0
10268,0.24220480411571174,0
21054,0.2422030294465488,0
15664,0.24219781754397243,0
23758,0.24219737459025228,0
17996,0.2421797121992806,0
10876,0.2421671343577898,0
10937,0.2421421507190275,0
22984,0.24213780385925282,0
16642,0.24213662705409195,0
27188,0.24213496914193042,0
17907,0.24212587223370174,0
10857,0.24210641069053174,0
27593,0.24209688696252007,0
20801,0.24208656648707927,0
17177,0.2420677839617642,0
4555,0.24206205993790902,0
2406,0.2420512419169933,0
16854,0.24201463080267757,0
24088,0.24201359962306818,0
21296,0.24197061511239198,0
23340,0.24196369883007032,0
21938,0.2419525796074144,0
28217,0.24195227219309964,0
29214,0.24194982743155932,0
29684,0.2419475824970427,0
8493,0.24193921277404606,0
21324,0.24189996501098654,0
23433,0.24188036892364675,0
9011,0.24187642517742114,0
18792,0.24184814919137143,0
7962,0.24183350181427377,0
5003,0.24181103254919303,0
6387,0.2418087494059032,0
26953,0.24178075066812788,0
29082,0.2417805991181692,0
11753,0.24174486458097755,0
18340,0.24172803006639995,0
21099,0.2417043535401366,0
26745,0.24169686336879362,0
15276,0.2416854143890042,0
11732,0.24166384799993476,0
19585,0.24165678070045643,0
19858,0.24164850043490688,0
4836,0.24163780309939825,0
9199,0.24163774726135404,0
20377,0.2416353871296937,0
13422,0.24162872219170903,0
12788,0.24162642693706593,0
1186,0.241619141745894,0
7945,0.24159661382714784,0
929,0.24159637621153343,0
19142,0.2415387674327568,0
27677,0.24153836171818102,0
6572,0.2415191171205769,0
752,0.24151245174669167,0
13460,0.24149760336586523,0
17578,0.24149707536366147,0
801,0.24146555124378577,0
3991,0.24146353559361342,0
2511,0.24146161474824118,0
7234,0.2414604963607176,0
15399,0.24145225791227953,0
20745,0.24144941841226555,0
10195,0.24144627260975862,0
463,0.24144432181882114,0
13922,0.24143669435322554,0
19936,0.24142553968374592,0
5450,0.24141328040550156,0
16139,0.24141109990638426,0
14333,0.2414104664538188,0
14666,0.24140895539458693,0
273,0.24137905139852048,0
1627,0.2413726229238594,0
30544,0.24136994940617876,0
14116,0.24136833724371595,0
20184,0.2413618555080941,0
809,0.24134974100825984,0
10238,0.24134008292077527,0
16954,0.2413399514348147,0
9423,0.2413321249920439,0
6211,0.24132881603409118,0
28234,0.24131531869812647,0
18993,0.24129826781002692,0
728,0.24129389025773382,0
30806,0.241265233118988,0
19383,0.2412626714965602,0
11624,0.241249675735659,0
10956,0.24124945937412734,0
24628,0.24123313840704483,0
15147,0.24123028656164391,0
24958,0.2412140722360445,0
3036,0.24121267429482451,0
9245,0.2411927363512577,0
22617,0.24118130814446503,0
10491,0.24116032474860202,0
15660,0.24114919388312953,0
2805,0.24112815507914345,0
2647,0.24111683411302468,0
11714,0.2410759601457737,0
24972,0.241073100967206,0
6844,0.2410707195003919,0
383,0.24106787560992468,0
2777,0.24105027384423258,0
29988,0.24104981570235112,0
15438,0.24103894002391965,0
23797,0.2410066111599709,0
15142,0.24098211292328395,0
18610,0.2409777733925151,0
24218,0.2409734296302689,0
12964,0.24094994416099894,0
27584,0.24092028339388158,0
14613,0.24091559959971418,0
2057,0.24091513604712145,0
9914,0.24090346054574974,0
11689,0.2408765989728369,0
13989,0.24087162540751753,0
14757,0.24086410351935394,0
14458,0.24085812542095314,0
16930,0.24083554970695178,0
3902,0.24082934656557226,0
9648,0.24081053690428939,0
26714,0.2407928528787241,0
23487,0.24076497027491223,0
14621,0.240761348038756,0
6600,0.24075349419390982,0
23908,0.24073709649593855,0
16883,0.24073703105553054,0
23343,0.24071219773348354,0
12740,0.2406974138072246,0
16455,0.24068891214108556,0
26385,0.24067541090352457,0
27962,0.24067507222776002,0
9606,0.240672570363345,0
29529,0.24064891716707204,0
4669,0.24063435677930134,0
7827,0.24061557622172816,0
20814,0.24060924535972025,0
6082,0.24057382692216286,0
5856,0.2405609418270281,0
20247,0.2405581847442367,0
17219,0.24055589070524042,0
21572,0.24055042403159682,0
23641,0.24053900381885135,0
9941,0.2405208291600569,0
4345,0.24050848184716692,0
16961,0.2405081328677657,0
14020,0.24050185638767008,0
5197,0.24049899285979104,0
17645,0.24049642491601333,0
25544,0.24049145989506684,0
14549,0.24047384767676605,0
29272,0.24046833740674103,0
11254,0.24045235346522667,0
14686,0.24044629592199526,0
16349,0.2404097447436685,0
18294,0.2404083918136013,0
28471,0.24039869626390437,0
8483,0.24039344847911695,0
30740,0.2403406741788866,0
12780,0.24034018533877308,0
23128,0.24032054429583383,0
14471,0.24031814700909795,0
18441,0.2403158225166011,0
22362,0.24031433169122454,0
18898,0.24030660734519776,0
27742,0.24029078100393073,0
14168,0.24028563490728921,0
29836,0.24027853460566717,0
3850,0.24025580105955963,0
13608,0.24024772768591263,0
27544,0.2402244497052435,0
28463,0.24020479318489926,0
25455,0.24019817337833074,0
2051,0.24019466748399307,0
11959,0.24019383095381402,0
17615,0.2401636942927411,0
1933,0.2401549604541126,0
30179,0.24014847033991907,0
29160,0.24014742486378604,0
6496,0.24014500679692113,0
4545,0.24014149332217868,0
18712,0.24012383936871237,0
10680,0.2401210408706732,0
25323,0.24010058461675776,0
8520,0.24009227050182566,0
22938,0.24006626470781542,0
27672,0.24005438396879925,0
5657,0.24005057072370994,0
7409,0.24005055972529088,0
14884,0.24004051119461486,0
5471,0.24003352335718184,0
30724,0.24003110170915765,0
3151,0.24001883359917975,0
6134,0.2400046231156912,0
4094,0.23999973640046474,0
1629,0.23999781481575544,0
7805,0.23999008859627705,0
10388,0.2399850695933353,0
1844,0.23996773115312045,0
6458,0.2399530850137433,0
16676,0.2399448212328358,0
24805,0.23994145792032676,0
2419,0.23994017574898965,0
26448,0.23992037524176812,0
15826,0.23991776773445095,0
28688,0.23987283512482424,0
9437,0.23986396136299568,0
14124,0.23986362090434019,0
7562,0.23985645769421743,0
30578,0.23985393011244002,0
2568,0.2398373930755507,0
28389,0.23983133983817517,0
20463,0.2398211511370156,0
30387,0.23982084937254722,0
8350,0.2398081337651737,0
16890,0.2398076422950236,0
27679,0.23979802485506685,0
8542,0.23978857341833795,0
21004,0.23978852836298542,0
3401,0.2397883480177001,0
18463,0.23978443796064247,0
8513,0.23978435089958303,0
10249,0.2397732491555022,0
18250,0.23975585730477778,0
16017,0.23973978176948615,0
7474,0.23972971278651165,0
21671,0.2397220168430371,0
10092,0.23970955868058919,0
2825,0.23969334125917352,0
14184,0.23968989993377324,0
24637,0.23967401475889893,0
18305,0.23967123432685422,0
29713,0.2396637882650156,0
861,0.23965889871437646,0
16389,0.2396523502030513,0
12074,0.23961859611231542,0
9953,0.23961283873764297,0
5394,0.23961255633303982,0
27123,0.2396121043487571,0
9795,0.23957373977188484,0
1289,0.23956691276195322,0
26858,0.23955921202061958,0
28577,0.23954885291079134,0
702,0.23953084501891875,0
13696,0.23952386025084774,0
7573,0.23948879830637768,0
7116,0.2394641658354802,0
12216,0.23944350084285598,0
6828,0.23944296027420994,0
24017,0.2394415078058924,0
6048,0.2394248455415317,0
14363,0.23942058706358385,0
24024,0.23941884131309643,0
9625,0.23941124928366203,0
1789,0.23940350432138516,0
2409,0.23938742152879378,0
30625,0.23937907866313096,0
10107,0.23937334652639197,0
29157,0.23934404988910077,0
934,0.23933774145333925,0
12406,0.23933429507139664,0
15711,0.2393342849437834,0
22981,0.23932913273904596,0
10119,0.23932897628635924,0
27169,0.2393191342780493,0
19354,0.23930299976026148,0
8137,0.23928443605994676,0
24203,0.23928059155731168,0
16564,0.2392796959975403,0
15426,0.2392782658130836,0
5230,0.23926890799860284,0
4829,0.23924545775368164,0
23652,0.23924194514769673,0
12826,0.23919583015481125,0
25899,0.2391753409873667,0
7856,0.239160817112011,0
20143,0.2391479571130256,0
5423,0.2391475634444643,0
21252,0.23914448805156788,0
2134,0.2391297181111265,0
16097,0.23910593655656684,0
9083,0.23909456109544333,0
843,0.2390825398431587,0
2079,0.2390785442010473,0
10336,0.2390734932107815,0
89,0.23905640189681965,0
25298,0.23903613463079623,0
24722,0.23903476651456643,0
11153,0.23902758898996151,0
26811,0.23901510595919218,0
14663,0.2390130567298881,0
30836,0.23900535992300884,0
16430,0.23900329191752603,0
23751,0.23899899872818936,0
6959,0.2389811881358689,0
9547,0.23897608260129855,0
30558,0.23897330855334054,0
12939,0.23897186627144273,0
12410,0.23896187658393994,0
31284,0.2389219771583078,0
28779,0.23891767660699945,0
7291,0.23890984535440776,0
14258,0.23890350803974328,0
6027,0.23889426826402638,0
4161,0.23889311684361775,0
30134,0.23888736102631672,0
24499,0.23887971356134116,0
15757,0.23884926710174778,0
9533,0.23883827732333643,0
28939,0.2388303935239275,0
7419,0.23881677993061234,0
28429,0.23880709450796225,0
5274,0.23880613671883574,0
28618,0.23879408420412954,0
2293,0.23879344042025963,0
8838,0.23879086466473787,0
15194,0.23879033995849328,0
1212,0.23878769013464982,0
28768,0.23878437021310167,0
28818,0.23878169024644558,0
23201,0.23876776515762818,0
22417,0.23875479412466355,0
21194,0.2387057513391839,0
30903,0.23870428595346577,0
11751,0.23870404325388186,0
17743,0.2386875224225205,0
29573,0.23867831334549244,0
5596,0.23867033651575886,0
3979,0.23866570896877373,0
26589,0.23864137676639186,0
18790,0.23862543917882156,0
4886,0.23862113165538912,0
17726,0.23861588904970316,0
20154,0.23861121526949536,0
10615,0.23860084072596932,0
16623,0.2385980153601264,0
11995,0.23859499477559154,0
15024,0.2385915368947725,0
10246,0.23857706308312715,0
18273,0.2385683387345683,0
10986,0.23856737421020036,0
18001,0.23856158303532596,0
18654,0.2385583535574808,0
15764,0.23855562005309502,0
10209,0.23855489579996406,0
438,0.23854662698774656,0
9595,0.2385409615059907,0
7155,0.2385326102346143,0
10384,0.2385296714258843,0
10565,0.23852926324609797,0
2279,0.23852219626082852,0
1261,0.2385154681665043,0
28345,0.23850880139725752,0
5735,0.2385083667356633,0
30929,0.23849331736442456,0
13621,0.23847957461932776,0
20618,0.23846967233845404,0
18734,0.23846053187992683,0
30951,0.2384316531397559,0
27958,0.2384307034748875,0
5284,0.23842543489320928,0
30031,0.23842456309486848,0
18770,0.238405329334556,0
3196,0.23839605103020126,0
26927,0.23839254652892866,0
24559,0.23838560082403723,0
8035,0.23838359332225764,0
24812,0.23837350740999266,0
13245,0.2383702924269123,0
12104,0.238369137813407,0
17254,0.23835679190639428,0
16490,0.2383438980897174,0
15537,0.23833043866928183,0
25363,0.23830630765100508,0
20553,0.23830140865528424,0
19412,0.2382913539823912,0
27183,0.2382746412943151,0
9418,0.23827381148546056,0
9164,0.23827107231357136,0
23678,0.2382705984559947,0
3853,0.23825824404314752,0
6912,0.23825085097344123,0
3533,0.2382353124620176,0
25589,0.23820864114966123,0
11288,0.2381974870015227,0
21476,0.2381890753420424,0
19233,0.2381817578566747,0
910,0.23817748184070436,0
12676,0.23817270998825227,0
13822,0.23815832883716379,0
2451,0.23815829817701864,0
29339,0.23815751874437485,0
17697,0.23815522728615002,0
6947,0.23815518164224717,0
23532,0.23814336070345438,0
17231,0.23812384521022983,0
13671,0.23811615990125087,0
24466,0.2381048499925784,0
19975,0.23809694421920277,0
14368,0.23808790059665288,0
5753,0.23805963390146398,0
27936,0.23805637761842044,0
6786,0.23803076538832946,0
15385,0.23802401730282907,0
23763,0.23800103208962628,0
17106,0.2379658020888903,0
5927,0.2379647393061779,0
18090,0.23790871041850423,0
21678,0.23790656075850103,0
23138,0.23790557344508254,0
26157,0.2379023263734053,0
8089,0.23788956045140125,0
20482,0.2378878802163969,0
16070,0.23788508416105078,0
20585,0.23783405826124845,0
19730,0.23783187853427307,0
17630,0.23783177397153657,0
18506,0.23782556526475648,0
18721,0.2378209192179239,0
30482,0.23782065178475303,0
3836,0.23782050702783056,0
12823,0.23781544111828917,0
25116,0.23780988953836382,0
12520,0.23780030100279548,0
11279,0.23779251675623989,0
14306,0.23778881968140578,0
12625,0.23778727324525942,0
8430,0.23778186427397918,0
21310,0.23777994013268675,0
19187,0.23773067207968152,0
20789,0.2377205321506614,0
17006,0.2377144015507998,0
6955,0.23770996110834122,0
30173,0.2377089193638649,0
16723,0.23770392116207956,0
25479,0.2377021591239703,0
3311,0.23768412445182258,0
11798,0.2376555355822724,0
21933,0.23765513130920124,0
29489,0.23764810269541062,0
7136,0.2376438108490772,0
3208,0.23763961715020293,0
27387,0.2376378237974204,0
25811,0.2376271717351099,0
7708,0.23761394058987886,0
30172,0.23761331450965564,0
28477,0.23759540763160478,0
19496,0.23758374944486726,0
22561,0.2375764385531239,0
26133,0.237563908097102,0
16538,0.2375632349829959,0
29248,0.23754743487098806,0
21665,0.23754470464918553,0
28992,0.23753056626257954,0
10707,0.23752865718310254,0
2812,0.23751711640078482,0
6674,0.2375169595878106,0
22805,0.237515621278796,0
7456,0.23750931151113583,0
29312,0.23750823457986242,0
13048,0.2374755062443506,0
25341,0.23747366472060658,0
19255,0.23746603412059591,0
2987,0.23746248208159637,0
14130,0.2374500433917092,0
16764,0.2374457257599226,0
6883,0.23744130128612928,0
4452,0.2374223944160751,0
8164,0.23741388873990382,0
19547,0.23741371183487459,0
17779,0.23740799568210152,0
842,0.23739944452679812,0
22054,0.23739217697526305,0
24750,0.23737631561583603,0
7926,0.2373732187972043,0
22990,0.23736192470190953,0
9960,0.23735298462796467,0
11503,0.2373487174248988,0
4306,0.23733323750174523,0
28182,0.23732315599942985,0
9397,0.23731556768555728,0
11058,0.23731047556307586,0
12551,0.23730805776779054,0
2525,0.23729266706070082,0
25141,0.23728066485317317,0
24235,0.23727530477094588,0
8098,0.2372489342261797,0
12027,0.23722725678167714,0
8563,0.23721854042817586,0
10316,0.23721111689486254,0
29145,0.23719766315734322,0
16356,0.2371967670485314,0
10943,0.23717515030934677,0
20290,0.23716786560694086,0
13763,0.23716665054777514,0
6702,0.2371654647691937,0
13693,0.23716110815612765,0
18773,0.23714776724886807,0
27182,0.23713469869066406,0
11932,0.23712911820771101,0
16496,0.2371223100324278,0
16163,0.23711534943632018,0
17946,0.2371134700257018,0
27270,0.23710954115927416,0
8061,0.23710932997995285,0
18135,0.23710792000377348,0
12871,0.23710591657763572,0
14367,0.23708840813345503,0
10781,0.23707710224392248,0
26998,0.23707306118263868,0
18899,0.23707037970393152,0
4014,0.23706732362935842,0
29729,0.23706394556154106,0
27108,0.2370556760867343,0
12246,0.23704861535235797,0
9945,0.23702585631979362,0
16080,0.2370158497734661,0
4251,0.2370010677381809,0
23620,0.23699693346845394,0
11588,0.23699663054280595,0
27775,0.23695453009565923,0
11640,0.23694492581585358,0
23813,0.23694441112331643,0
27836,0.23694261093244393,0
12798,0.23693631805402252,0
11165,0.23692797823435055,0
28338,0.23691768711032296,0
18771,0.23690937052703098,0
20189,0.23688629512522905,0
1041,0.23688367360633605,0
27494,0.23687944087885934,0
11470,0.23683290593046205,0
23262,0.2368298401243314,0
426,0.23681874826029536,0
17131,0.2368010833545754,0
18455,0.2367836974511179,0
31159,0.23677822091412917,0
9187,0.23675451228972316,0
16935,0.2367425764456429,0
15334,0.2367155142222796,0
13874,0.23670238310537453,0
1558,0.23669596604240045,0
24999,0.23669505630959378,0
626,0.236691821420145,0
11807,0.23668034873653832,0
17083,0.2366789484703839,0
26490,0.23665743255784175,0
5069,0.23665227271184203,0
6714,0.2366427318586645,0
18088,0.23663873490232729,0
12609,0.23663400675805563,0
7216,0.23662698142278862,0
2372,0.23661868856925686,0
16844,0.23660988000724603,0
17311,0.23659884011833263,0
10660,0.23659743883824852,0
27029,0.23656641592236224,0
24654,0.23654481882894618,0
7940,0.23650420346106482,0
6962,0.2364874863775492,0
131,0.23647939948467772,0
4535,0.23647611322395887,0
28849,0.23646896521046368,0
16365,0.23644852677525321,0
16471,0.23643488957284492,0
18226,0.23643255454524098,0
26921,0.23642767022036723,0
18051,0.23641970318467034,0
18614,0.23641860048153263,0
17042,0.23641432945045002,0
21679,0.23638116880416674,0
22222,0.23636012062330894,0
21402,0.2363561112952884,0
21027,0.23634922322721877,0
20457,0.23634750487786416,0
750,0.2363430933906393,0
2228,0.23633442167674104,0
25503,0.23632870191450436,0
14955,0.236322527164449,0
31096,0.23631697479932234,0
23134,0.2363095425486531,0
14660,0.23630496504346593,0
14741,0.23629700304708115,0
20376,0.2362931800074887,0
25078,0.23629087548547187,0
22858,0.23628125286914234,0
4887,0.23623905925190705,0
21263,0.23622741355291788,0
15958,0.2362087805421054,0
5156,0.236208345557979,0
28405,0.23620557215185245,0
16715,0.23620132879492817,0
15928,0.236178156824196,0
2524,0.23617475861378076,0
3355,0.2361735401632616,0
17376,0.23617006648512678,0
15255,0.2361613011189757,0
18203,0.23614757668413208,0
9364,0.23613391512177848,0
28895,0.23613155440391695,0
10410,0.2361296526988882,0
16811,0.23612120379035328,0
9135,0.2361190157483132,0
9850,0.23611882693511327,0
3249,0.23611389507791383,0
6295,0.23611007849049997,0
21982,0.23610692685122708,0
12487,0.2360991042292616,0
5202,0.2360921266716086,0
9448,0.23607001523176963,0
15639,0.23606523356546238,0
16672,0.2360445309394355,0
27088,0.2360290675010321,0
19664,0.2360257604371319,0
17516,0.23602521128273543,0
22450,0.23601714357029002,0
5909,0.23598823718140893,0
30831,0.23592518176565755,0
18259,0.23590898792143972,0
15260,0.23588415773378937,0
29659,0.2358700491827494,0
14991,0.2358563296630473,0
7978,0.23583560840759737,0
5219,0.23583209763940044,0
3450,0.23581116147213754,0
8031,0.23580195529593886,0
3999,0.23579873547459532,0
28056,0.23579167990189312,0
18592,0.2357748377684587,0
18685,0.2357730052805717,0
195,0.23576511386479593,0
16752,0.23576340839576054,0
23100,0.23573262312963578,0
29030,0.23572842914187003,0
30002,0.2357233137091824,0
27518,0.23571981838678685,0
2726,0.23571757917281444,0
18087,0.23571514571619814,0
717,0.23571232020795885,0
22904,0.23571080743458317,0
15315,0.23570590829709892,0
23007,0.23570417817736405,0
9829,0.23569914435671938,0
510,0.2356991253315325,0
3630,0.23569887043693794,0
26012,0.23568909365688648,0
3894,0.23568141313761284,0
12616,0.2356780921397846,0
3006,0.23564202353739405,0
16967,0.23562311005703884,0
9499,0.23562091209164499,0
11821,0.23561841178187323,0
28540,0.23561682928658165,0
26812,0.23560535787118692,0
13678,0.23559571733099488,0
6821,0.235592281959875,0
14295,0.23557611276130178,0
4862,0.23555933452450822,0
28629,0.23555325184762715,0
25240,0.23554520045844066,0
25293,0.2355448238923393,0
18419,0.23553710007664008,0
10635,0.2355367835792801,0
10853,0.2355032389431998,0
20734,0.23549727596297793,0
24731,0.23549602914818796,0
26757,0.23548509512271043,0
828,0.2354754980043754,0
8774,0.23547196429483366,0
14924,0.23546820501106253,0
30743,0.23543433149559725,0
7771,0.23538945934939126,0
12053,0.2353716488496874,0
14476,0.235352279851752,0
17406,0.23534246279856552,0
14293,0.23533069641475296,0
27946,0.23532921719976246,0
30704,0.23532492631002966,0
17061,0.23532225525111752,0
24600,0.23532191624594073,0
13842,0.23530814239221498,0
28755,0.23530088646049274,0
29152,0.23530070431070665,0
13587,0.23529226944050927,0
8528,0.23528973003262738,0
11359,0.23526565166815408,0
2146,0.235244074586154,0
9015,0.23522784797202043,0
17193,0.23520306847460185,0
12949,0.23518882863161078,0
19666,0.23518213412002825,0
3362,0.23517875957738588,0
11416,0.2351543533640042,0
1827,0.2351465082846503,0
18824,0.2351209413876331,0
7887,0.23511784449309012,0
21688,0.2351092071037067,0
17417,0.23510174463010114,0
29405,0.23509843379330364,0
4458,0.23505607259466652,0
1775,0.23505221188303538,0
14346,0.23503801480708741,0
26494,0.2350311982572638,0
10669,0.2350170737633915,0
2113,0.2350144748650447,0
22843,0.2350137968463635,0
10251,0.23501317665124963,0
574,0.2350118730015497,0
2236,0.23499923340437512,0
731,0.234985995423861,0
246,0.2349677052414225,0
13378,0.23495958673904152,0
22550,0.23495910809611234,0
6264,0.2349431838438794,0
18555,0.2349372051485858,0
10003,0.23492316982456973,0
4042,0.23492314478575615,0
17588,0.23491901182834257,0
30635,0.23491543582705984,0
1701,0.2349102277069481,0
29344,0.2348740338699693,0
17670,0.23486502094211276,0
29698,0.23486199726940385,0
19120,0.23485584008438298,0
17044,0.2348507329613133,0
18367,0.23484142343966025,0
27344,0.23483749338635007,0
10672,0.23483580179758853,0
15510,0.23482817953060778,0
118,0.23480029811782577,0
20075,0.2347816112186157,0
21507,0.23477875841377036,0
17658,0.23477173561857734,0
19928,0.23477062547103034,0
26956,0.23476959781332396,0
23570,0.23476831136625992,0
2323,0.23476757602523154,0
26728,0.23475456325543628,0
519,0.2347448410061759,0
13043,0.23472380372503085,0
18068,0.2347121185894233,0
12302,0.23471108193726922,0
28215,0.23469911132041305,0
14288,0.23469625517142764,0
20044,0.2346756697902785,0
26902,0.23466757848018724,0
13201,0.23466558508351537,0
23110,0.2346616997339967,0
22531,0.23462624053248923,0
25288,0.2346182969523749,0
19205,0.23459850532384638,0
8994,0.23457643025906005,0
12152,0.23456282843445625,0
19437,0.23455853652481673,0
25780,0.23454752742134796,0
23205,0.23454047053358404,0
221,0.23453947324326058,0
27843,0.23453451349056695,0
25383,0.23453368352874818,0
3423,0.23452423793638938,0
5206,0.23451115163377328,0
27823,0.23449717718922108,0
21177,0.23447769740664545,0
28367,0.23447200239237517,0
11548,0.23444499807752753,0
27015,0.23443487981375044,0
29696,0.23442494057534533,0
956,0.23440842762520425,0
6119,0.23440809373125898,0
7802,0.23440777190203768,0
4325,0.23439616684006137,0
22429,0.2343652634789928,0
27042,0.23435689518452968,0
1213,0.23434789521907312,0
14890,0.2343231612948822,0
1315,0.23432285697654354,0
31119,0.23430825018292675,0
29302,0.23429129062577536,0
28573,0.23428810572918835,0
19760,0.23426601920806142,0
9671,0.23424822352166128,0
25786,0.2342443302443295,0
20425,0.23421274546175624,0
31153,0.23420956002459714,0
25422,0.23420518504701116,0
9455,0.23418201644824171,0
3834,0.2341778198850481,0
5974,0.23415851157018358,0
7980,0.23415440018565992,0
1494,0.23415267102103532,0
14039,0.2341413774094312,0
22177,0.23413342941775434,0
27633,0.23413066934041726,0
30602,0.2341143283335439,0
26497,0.23411356827176139,0
300,0.23410336390438793,0
9104,0.23409451743848922,0
25956,0.23407716202754428,0
25159,0.23406905886943993,0
20532,0.23403225923392662,0
6285,0.23398171751009958,0
12192,0.23396762911249,0
19307,0.23394441885043166,0
3864,0.23394370160242253,0
12324,0.23394301274996118,0
11202,0.23394043803556047,0
28651,0.23393136493964323,0
7602,0.23392942194656904,0
8368,0.23391669086644434,0
19639,0.23389907057293666,0
28131,0.23389763672226574,0
30780,0.23388408835422742,0
18537,0.23387941218069933,0
28237,0.2338730493826639,0
20193,0.23384039120611153,0
26452,0.23383128847350668,0
9379,0.23382342161790892,0
4608,0.23382233650862105,0
15085,0.23381952399848857,0
25472,0.23380817020581493,0
13613,0.23379493324645126,0
4315,0.23377921693297274,0
10712,0.23377589801194215,0
7394,0.23376485468104352,0
21330,0.23375838015339753,0
21232,0.23374523513521747,0
25994,0.2337415115255086,0
27479,0.2337158018075657,0
22483,0.2336987060956352,0
14866,0.23366597320684984,0
18415,0.23364223730356493,0
31184,0.23363907627642358,0
16319,0.23363608304123726,0
6611,0.23362581280366193,0
12156,0.233612265807141,0
31147,0.23361126600720283,0
3375,0.23359225158759475,0
2177,0.23359140187048028,0
10636,0.23358692954782692,0
15373,0.23358208478293624,0
3921,0.2335558855620584,0
24147,0.23355424904491645,0
11145,0.23355237206092908,0
30609,0.23353454680438926,0
4077,0.2335327607035033,0
27050,0.23350728184890854,0
19703,0.23350477720693275,0
8666,0.23350443272173318,0
5480,0.23349739930876878,0
9642,0.2334915776814716,0
18094,0.2334748580148944,0
12023,0.23347243646844418,0
9969,0.23342169779318397,0
24282,0.23341524122348262,0
26086,0.23341067698974982,0
21774,0.23340587451216016,0
21733,0.23339913003986026,0
31190,0.2333845107045239,0
9607,0.2333807068906584,0
13144,0.23337921159396696,0
15073,0.2333656751741045,0
27511,0.2333517499439906,0
1094,0.23334031180558587,0
29570,0.23331989743256734,0
19048,0.23331082609678977,0
25674,0.23330707956121163,0
25117,0.23330425028976187,0
23567,0.23329654206228423,0
11029,0.23328633153233813,0
18231,0.2332857123556698,0
324,0.23328153668865373,0
27443,0.23327414299746901,0
9715,0.23324882073928493,0
23528,0.23324568098812942,0
23593,0.23324500794951183,0
22758,0.23324372187524997,0
19463,0.23323931660918035,0
2665,0.2332386474008304,0
5259,0.23323311484329076,0
18820,0.23322413115137638,0
18666,0.2332210570286545,0
30795,0.23321101834008767,0
4522,0.23319703678643056,0
16677,0.2331756380819726,0
11789,0.2331707120670474,0
21370,0.23315651770393672,0
4785,0.233149722834726,0
12280,0.2331401000781546,0
19100,0.2331152723690549,0
9286,0.23311524881140894,0
83,0.23311295818237712,0
20652,0.23311251942982752,0
26861,0.23310225571751522,0
12477,0.23309923889784123,0
29697,0.23309617069463837,0
31148,0.23309333940725277,0
28905,0.23308873626199403,0
10171,0.2330852790878769,0
14212,0.23306012998051429,0
2529,0.2330411294007415,0
9582,0.23303581068575188,0
6443,0.23303125018319634,0
24321,0.23302384373347362,0
11701,0.23301262976957726,0
9939,0.23300539475154955,0
1892,0.23300443223088227,0
19897,0.2329999759263452,0
8729,0.2329948660190321,0
29956,0.23299282802101665,0
30291,0.23297242655752146,0
988,0.23296812936639008,0
29807,0.23296746081922304,0
6684,0.23296717464542777,0
30188,0.23295506421936668,0
4819,0.23295414366968267,0
19444,0.2329443076478921,0
18662,0.23294372543594538,0
25856,0.2329418006340325,0
17304,0.23294068806374604,0
20557,0.23293840566718182,0
27927,0.23290508096438223,0
9243,0.23287516207163128,0
26433,0.23286486303218443,0
7130,0.23285286582680936,0
30056,0.23283952353689824,0
23945,0.23283879276155356,0
9100,0.23283776828402852,0
23412,0.23283340259030005,0
3216,0.2328329162764344,0
1069,0.23283157364380724,0
12160,0.23282676584356587,0
8506,0.23281269446052932,0
51,0.23280574323090264,0
30895,0.232802629368953,0
12518,0.232790158900232,0
25900,0.2327762549256608,0
9628,0.23277072454517478,0
22753,0.23276635758133776,0
9861,0.23275020315108275,0
1671,0.23273339284757114,0
27693,0.23271959783240623,0
12256,0.23271941595633472,0
8728,0.23269798370945977,0
10397,0.23267889755543233,0
24417,0.23266667270875613,0
12328,0.2326426311818755,0
22718,0.23263896664669773,0
5627,0.2326050769900541,0
11285,0.2325921440196935,0
22719,0.2325884301445711,0
24741,0.2325830920735437,0
22023,0.23257871557183027,0
22187,0.23257727404893178,0
15913,0.23255848987420782,0
25435,0.23255344099821965,0
9087,0.23252980969126968,0
16141,0.23252861947533954,0
22464,0.23252643288418007,0
9174,0.23252420616437403,0
30058,0.23251740490449993,0
29070,0.232513681635591,0
8705,0.23250924147237256,0
14320,0.23249100009216936,0
18494,0.23248350639892756,0
23245,0.2324789541965751,0
29016,0.23247244533035358,0
24835,0.23245245209900545,0
7320,0.23243457180526023,0
27079,0.23243433618835335,0
22126,0.23241445719326656,0
4896,0.23241196032090472,0
20851,0.23240855791133513,0
15060,0.23240521898553762,0
29307,0.23238676298918898,0
3655,0.23237719884109892,0
19997,0.23236945724023006,0
15137,0.23236280859456976,0
17515,0.2323559253605233,0
28867,0.23234053960015832,0
18737,0.23231798080869312,0
9188,0.2323128329465667,0
2381,0.23228686628283057,0
13151,0.23226990767321812,0
9006,0.23224914438848682,0
4341,0.23222662811912706,0
25527,0.2322228176471998,0
19398,0.23219958835005933,0
6149,0.23216710561540668,0
28164,0.2321622194236894,0
21080,0.2321449328461329,0
3648,0.23213946284750403,0
4944,0.23212974135005218,0
26762,0.23210460489713378,0
20499,0.2320967512192497,0
10069,0.2320656090098333,0
5040,0.2320515219314049,0
20692,0.23205128137336026,0
15481,0.23204865824228407,0
5688,0.2320450273718016,0
21028,0.23204482147110098,0
28102,0.23202731210074737,0
13053,0.23202577681012343,0
12359,0.23200080129272727,0
16643,0.23199547246009902,0
18404,0.23199242183311014,0
28758,0.23199147613980403,0
14370,0.2319694958476898,0
19366,0.231968830212073,0
6795,0.23194016277610463,0
968,0.23192975525920256,0
5847,0.23191910880560265,0
14877,0.231894111981676,0
2625,0.23188780542451426,0
4199,0.23187411238456238,0
832,0.23186847232883132,0
16488,0.23186730611485026,0
10729,0.23185944616574894,0
4651,0.23185825508146746,0
30772,0.231846764941229,0
5429,0.23181749643975336,0
12638,0.23181251969042602,0
22114,0.23179825649335026,0
7400,0.23179410171041803,0
15278,0.23179190476257927,0
7823,0.23179091474438338,0
8786,0.23177471603585534,0
16942,0.23177440498658985,0
406,0.23177057355536412,0
7156,0.23176204137370374,0
3740,0.23175023183128243,0
7361,0.2317348856689403,0
8231,0.23172025319598885,0
20060,0.23172024373164973,0
29813,0.23170413203911727,0
10702,0.23170199874243122,0
28095,0.2316891205310143,0
474,0.23166569948965832,0
11471,0.23165433252390388,0
657,0.23164777937842274,0
11229,0.2316242352024271,0
174,0.2316117322297372,0
17153,0.2316090270985612,0
17159,0.23160559197988262,0
5850,0.23159808742180377,0
15801,0.23159614202648376,0
30229,0.2315696652080093,0
22395,0.2315685448286048,0
11191,0.23155627331691964,0
6304,0.23152997504701653,0
14379,0.23152817698472677,0
24005,0.23151843696564822,0
5991,0.23148958290112162,0
29909,0.2314737598675816,0
13938,0.2314707646269855,0
20003,0.23146580916526294,0
17566,0.23146082021883457,0
3543,0.23144413206427256,0
4032,0.23144389509614682,0
12946,0.23144025635037632,0
24084,0.23144022998595626,0
16042,0.231439287182397,0
25389,0.23142518340634355,0
20494,0.23137833757471968,0
26603,0.23135292267600135,0
27054,0.2313514750669022,0
12916,0.23131812618151648,0
10512,0.2313138087458866,0
787,0.23131159740004859,0
12466,0.2313049023275555,0
30834,0.23130390823640887,0
21815,0.23129821071756837,0
30209,0.23129458988885085,0
24936,0.2312913258224164,0
14328,0.23129009751155227,0
16133,0.2312624211629346,0
18436,0.2312480782768981,0
4827,0.23123423825079045,0
10696,0.23122201065012266,0
21567,0.23120745789777053,0
9574,0.2312040352393744,0
5826,0.23119944170154952,0
15546,0.2311970910292375,0
1580,0.2311928215174634,0
9096,0.2311887227585595,0
23995,0.2311605007738137,0
12139,0.23115948641151096,0
20543,0.23114606296042622,0
4145,0.23114506590978925,0
1159,0.23113790079882177,0
16846,0.2311335299279264,0
9293,0.23110811338308312,0
10361,0.23109474190318705,0
8681,0.2310922637257383,0
21050,0.23109151489558621,0
15550,0.23107657049428995,0
905,0.23107579861697491,0
23222,0.23107570899301155,0
14481,0.23107236111907567,0
2937,0.23106550467402007,0
30565,0.23105857445892486,0
14886,0.23105030612630795,0
30893,0.23104281681410574,0
25548,0.23104124282129607,0
14381,0.23103041839381522,0
6590,0.231029828747452,0
12938,0.23102862592720905,0
25202,0.23102447091727984,0
17169,0.23101976251894757,0
11706,0.23098640062032316,0
7096,0.23098498097267559,0
14174,0.23093201513045128,0
8459,0.23092294937060004,0
29138,0.23091633600655503,0
5321,0.2309114541625486,0
2488,0.23086565860518993,0
10688,0.2308076000037164,0
13381,0.23080615116012343,0
22582,0.23080301376203002,0
11941,0.23080195495942113,0
8775,0.23079908487433534,0
29017,0.23079064227729945,0
27312,0.23078604856983845,0
5261,0.23077986708034665,0
2438,0.23077596303648892,0
2386,0.23077409651619427,0
27253,0.23075343444264307,0
30710,0.23074332356437993,0
23871,0.2307311842348506,0
3607,0.23072553634157653,0
9055,0.2307089774940067,0
25286,0.23070377350333143,0
12499,0.23070049540163243,0
15287,0.23069311084938648,0
17385,0.2306782012971804,0
29639,0.23066739911923156,0
10814,0.2306458818471087,0
7043,0.23062366346980792,0
17605,0.23061719139140677,0
7281,0.23061422798625178,0
2609,0.23061370663608968,0
17184,0.2306121997880235,0
5831,0.23060764301771386,0
26109,0.23060642890603927,0
6093,0.2305967743318771,0
28693,0.23059621890668214,0
19108,0.23059385569855995,0
130,0.2305889271093243,0
697,0.23056691885119143,0
8472,0.2305638887834889,0
25272,0.23056281401420275,0
22872,0.2305603217663736,0
26328,0.23054984415580626,0
13140,0.23053362265023764,0
28032,0.23050048051485347,0
15127,0.23049774859862837,0
24889,0.230497427204273,0
15338,0.23048307111892946,0
22188,0.230477407314795,0
18215,0.23047428350888666,0
19041,0.23045894000513648,0
10968,0.2304541556765777,0
14019,0.23044187543407907,0
16285,0.23043925434796605,0
18171,0.23042219217002977,0
25687,0.23041755133385197,0
10602,0.23037403642841947,0
2086,0.23036826836628507,0
26155,0.23035411767453354,0
9399,0.23034451423191032,0
28929,0.23034170415158203,0
12517,0.23033371057034865,0
11482,0.23032477556647513,0
16046,0.2303204687362556,0
18815,0.23030728658513208,0
11059,0.23029667722572483,0
9303,0.2302954952068524,0
7513,0.2302883059993599,0
16165,0.23026674164873373,0
11276,0.23024207999538646,0
29393,0.2302330557788785,0
5701,0.23022410363754503,0
28823,0.23020420207804412,0
2697,0.23019948326468684,0
28506,0.23015496679247271,0
6363,0.23015448842702177,0
25053,0.23014940686683424,0
30178,0.23013877633360383,0
23784,0.23013545033164592,0
21264,0.23010871166901428,0
27607,0.2300862374145576,0
22037,0.23007777101667043,0
25060,0.2300729499968239,0
17879,0.23006942696040827,0
22844,0.23006352301239638,0
29038,0.23004770627804277,0
10187,0.23003563998501547,0
30430,0.23003292300945483,0
14942,0.23003063492700554,0
22604,0.23001590472948247,0
20505,0.2299917745787094,0
29863,0.2299886057471638,0
10917,0.22998839579810074,0
21670,0.2299560776233017,0
25602,0.22994594421879788,0
24426,0.2299307674110694,0
23348,0.22992391801963852,0
18791,0.2299177105509961,0
22175,0.22990193942583434,0
14167,0.22988084515208546,0
20325,0.22987161040505782,0
24804,0.229857127731457,0
2956,0.22985281531076962,0
16084,0.2297918745068696,0
12141,0.22978845614033985,0
1599,0.22977811291539,0
29107,0.22977505795732467,0
17805,0.22976676855459285,0
2398,0.22976499642137044,0
762,0.22976457603116343,0
18950,0.22973607140859958,0
9744,0.22969598750377304,0
9133,0.22968506245135661,0
15176,0.2296755238452797,0
22721,0.2296663082433283,0
28068,0.2296490672543049,0
3309,0.22959561717136207,0
3870,0.2295935162620273,0
17720,0.2295918587475837,0
8010,0.22959081985592789,0
13722,0.22958308752680087,0
31194,0.22958132065668585,0
16364,0.2295718810827583,0
19559,0.229564623599311,0
17829,0.22955967744214129,0
2015,0.22953809669024022,0
1867,0.22951630662955264,0
21316,0.2294694394625461,0
31131,0.229462844073139,0
19216,0.22946189662720712,0
16799,0.22943271099189558,0
2242,0.2294306002722613,0
16685,0.22942377760543436,0
5036,0.22942036347425784,0
17317,0.22941787411517325,0
28781,0.22941731720264827,0
17932,0.22939902564805895,0
15689,0.22939603693809724,0
24771,0.2293782246081614,0
5291,0.22935386453270484,0
23024,0.22935040336503182,0
994,0.22934699900603087,0
28119,0.22933876680111126,0
20615,0.22933562739656044,0
30678,0.22933095491757846,0
1443,0.22933020824074002,0
16645,0.229323333365947,0
10577,0.22932286456932233,0
9839,0.2292891879467844,0
499,0.22928304958040516,0
27399,0.22926847794940788,0
9658,0.229264431122793,0
19699,0.22924022623228407,0
18450,0.22923832228436505,0
4131,0.22923544198749468,0
692,0.22921327681188305,0
15552,0.22919239627634294,0
24492,0.22918262004092857,0
18743,0.22917363115908782,0
12311,0.2291430932370581,0
2930,0.22913502896351406,0
3447,0.22911437061231044,0
2145,0.2291101786028351,0
7318,0.2291095305706606,0
22423,0.22909596929095763,0
8235,0.22909514543840895,0
24676,0.2290945009904987,0
28524,0.2290895374132874,0
6606,0.22907455253903528,0
31094,0.22907087271188722,0
27094,0.22906555423388902,0
7796,0.2290609879094797,0
27375,0.22905870931186104,0
22894,0.22901672345458848,0
9080,0.2289942625686971,0
12672,0.22899195125385824,0
21886,0.2289880993609402,0
4214,0.2289876569276368,0
2052,0.2289490905399257,0
18447,0.2289386278759865,0
16002,0.2289208163112738,0
4000,0.2289171961927366,0
404,0.228901115974675,0
22245,0.2288934690009973,0
1975,0.2288673231633517,0
25600,0.22886323327012298,0
1125,0.22886226213726374,0
28476,0.22885651018316328,0
12172,0.22885464547122164,0
20702,0.22884095512369854,0
9081,0.22883441078556088,0
7467,0.228827741384822,0
6344,0.2288137465496368,0
2243,0.22880347449381783,0
18263,0.2288007637750733,0
10770,0.2287994807231128,0
13957,0.22879577316062563,0
15096,0.22877820960815842,0
17457,0.22877109752298966,0
20470,0.22876625166232045,0
3360,0.22876081893246483,0
8193,0.22875485098952406,0
9644,0.2287481007692194,0
1964,0.2287381120323155,0
7865,0.22872924298204064,0
4331,0.22871953352423882,0
19415,0.22871275824099657,0
21182,0.22870424013659096,0
8907,0.22869586262130506,0
22915,0.22867796813882624,0
23769,0.22867411362961992,0
24029,0.22867090733374953,0
20912,0.2286612871341432,0
11331,0.2286604288044282,0
28473,0.22864072798759674,0
17022,0.2286378951775637,0
8945,0.22861554237248874,0
2356,0.22859992027383982,0
2379,0.2285937386255454,0
1606,0.22858762739329547,0
7433,0.2285838000764587,0
27519,0.2285772453690587,0
17502,0.2285550442503653,0
24846,0.22855245491773377,0
5055,0.22853991106381744,0
25189,0.2285313743993782,0
13939,0.22853024086654186,0
10204,0.2285221764773066,0
18631,0.22851809530379122,0
24953,0.22851552447728743,0
5252,0.22850384322891842,0
16993,0.22850326234882637,0
4633,0.2285007271235176,0
17967,0.22849774740549,0
25957,0.22849467741471602,0
30902,0.22848198544391657,0
21781,0.22847784503390564,0
30928,0.22845451874023456,0
23994,0.22842588909323944,0
28812,0.22842535736951505,0
19994,0.22841862110444702,0
13933,0.2284173237888636,0
19568,0.22840349858974507,0
28660,0.22838829203096914,0
26500,0.2283834392457969,0
21472,0.2283804149308576,0
1009,0.22837484842031547,0
28787,0.22837157650672427,0
18718,0.22836424311653034,0
23003,0.22836009622936793,0
30386,0.22835836810473364,0
29983,0.2283514874054933,0
847,0.22835051884759938,0
16372,0.2283356942722948,0
6970,0.22833503578290468,0
29005,0.22832975024273255,0
24895,0.22832624195939658,0
14958,0.22831759327926643,0
917,0.2283069012280567,0
14294,0.2283038453096922,0
15721,0.2283019535710268,0
25407,0.22830064509923628,0
18057,0.22827730122001416,0
30498,0.22826200524009657,0
23463,0.22824852630176054,0
12990,0.2282446243029413,0
31133,0.22824201646962372,0
25045,0.22821887281556547,0
8849,0.2281811661311475,0
24522,0.22818106939388025,0
25547,0.22814992406504359,0
10093,0.22814073556030717,0
23021,0.22811616096469006,0
5018,0.22811276188577667,0
28080,0.22811026227065248,0
21147,0.22810462557556258,0
3372,0.22809481372697424,0
15202,0.22808537711004678,0
19972,0.2280755008344895,0
12813,0.2280753982458622,0
26729,0.22807066870909473,0
21588,0.22806322876429674,0
2171,0.2280593077962805,0
20455,0.2280531933726084,0
31340,0.22802130713779825,0
29989,0.22801581454962505,0
6935,0.22800782168283704,0
8848,0.22800289058900816,0
30341,0.22799738676793485,0
21927,0.22797445586125292,0
8776,0.22797146703656634,0
17873,0.22793054916079009,0
28395,0.22790094082481563,0
9372,0.22789833451822333,0
10517,0.22789563065713195,0
31074,0.22787823896221973,0
20313,0.22787513243923263,0
10898,0.22787257200289784,0
23929,0.22786012739375017,0
18316,0.22786006812093743,0
5344,0.22785008289696448,0
15343,0.22782400265173433,0
4159,0.22779741449622812,0
5631,0.22778752312973616,0
10044,0.2277702706216445,0
22705,0.22776790587923973,0
26630,0.22774295429717062,0
26512,0.22774020159404185,0
26127,0.22773044909428528,0
8772,0.22772173949013985,0
19756,0.22772172014119152,0
6982,0.22771959545949705,0
29608,0.22771265367172627,0
24434,0.2277091421366529,0
15996,0.22767528946950716,0
27687,0.22766702547932724,0
24171,0.22766275469579678,0
19891,0.2276605545381985,0
6175,0.22764154918822777,0
5496,0.2276405361158601,0
27091,0.2276367152354614,0
5906,0.22762166311291562,0
7829,0.22760349842730374,0
18963,0.2275725320216112,0
20512,0.2275715640629121,0
18406,0.22756228825688812,0
3394,0.22754126342872177,0
30411,0.22753357537843932,0
21459,0.22752528162894184,0
6945,0.22751500646443015,0
5691,0.2275031959443963,0
1607,0.2275023214942376,0
30644,0.22749839989615928,0
21706,0.22749190879934866,0
12988,0.2274843368267493,0
17003,0.22747657117154726,0
17804,0.22745039792405738,0
25571,0.22744760206106204,0
22574,0.22743728805086738,0
29761,0.2274347057973531,0
1088,0.22743360078902647,0
27538,0.22741719998674279,0
31084,0.22740460463334752,0
18841,0.22739527980253663,0
26244,0.2273952690638023,0
26011,0.22739191267327244,0
20746,0.22738483983963756,0
22635,0.2273724183729396,0
5464,0.22736870604587048,0
26818,0.22736832354484865,0
1477,0.22736683711222144,0
25237,0.22735742564416864,0
3538,0.22733687475451664,0
3722,0.22731874981433392,0
18569,0.22730591743510092,0
5108,0.22729374637011499,0
2284,0.22729145655275548,0
28118,0.22725893587321,0
20712,0.2272494565895838,0
18988,0.22724548407522213,0
4072,0.22722586244444776,0
1562,0.22720521082289508,0
7969,0.2271862919920907,0
29305,0.22717277410137027,0
30276,0.2271712973133549,0
30175,0.22716256884282524,0
10961,0.22716051341837867,0
29422,0.2271413869248095,0
18336,0.22713031451759794,0
23671,0.22712495815362843,0
10383,0.2271188001665326,0
4499,0.22710967346193944,0
28654,0.22710660195014776,0
24078,0.22710543639544464,0
15045,0.22709371642249743,0
25179,0.22708600020925165,0
26659,0.22708476233894978,0
30731,0.227079971800807,0
26365,0.22707576257960313,0
9967,0.22707153015495657,0
4227,0.2270631681971958,0
6972,0.22705399961086414,0
23312,0.2270350638543217,0
18971,0.2270319879157389,0
5013,0.22701790884260548,0
12429,0.2270004907491965,0
13239,0.22699202238947588,0
453,0.2269811462085835,0
19712,0.22697652013600064,0
29699,0.22697378675712165,0
21031,0.22697014721447523,0
28837,0.22695736619350743,0
13735,0.22695401339845386,0
6757,0.2269461267583955,0
16252,0.2269378305276755,0
12201,0.22693218843991633,0
3282,0.22691628772513955,0
15168,0.226902061173974,0
15252,0.2268907607240744,0
11478,0.22688124193550382,0
26083,0.22687967431378644,0
9373,0.2268644670686216,0
20396,0.2268477908485483,0
8891,0.22684351464417468,0
5760,0.22682813070543342,0
24320,0.22680908819208942,0
28617,0.2267847912027811,0
9511,0.22677686378036505,0
16051,0.22677291477934536,0
15812,0.22676708892926192,0
9098,0.22675672984682407,0
28852,0.2267468012231484,0
24702,0.2267351860118184,0
132,0.22673274698678625,0
28437,0.22670304245269043,0
6626,0.2266993353773511,0
16730,0.2266991442867991,0
31324,0.22667962295059904,0
15052,0.22667123317617632,0
29174,0.22666484304739523,0
13512,0.2266347290136788,0
8318,0.22662561524872946,0
5919,0.22661583836181123,0
16451,0.22661201070926904,0
12610,0.22660080471124616,0
28357,0.22658862524036663,0
19913,0.22658562306744975,0
22265,0.22658337687987123,0
2000,0.2265436700979068,0
31351,0.2265419769110511,0
3071,0.22648749810381996,0
22793,0.22646789456283822,0
28040,0.22646094689715876,0
17548,0.22644496330933198,0
21664,0.2264131428652375,0
5342,0.22641298098909876,0
24055,0.22639964486321731,0
10343,0.22638753411353654,0
9952,0.2263843834785909,0
16200,0.22638346235931955,0
26487,0.22638276713648384,0
30293,0.22638201462469099,0
26053,0.22638000963382723,0
1645,0.2263741774980801,0
2923,0.22635067325792638,0
10849,0.22632781406225036,0
24539,0.22630924096952543,0
21879,0.22629463437440717,0
24129,0.22628658083456885,0
18648,0.22627143888042142,0
15069,0.2262701276607828,0
1718,0.22626091103783896,0
9007,0.2262606728757807,0
18298,0.22623646511945514,0
4362,0.2262212006362859,0
13542,0.22620364561729078,0
22560,0.2261884765583141,0
10469,0.22617063999837808,0
16855,0.22615673152601726,0
7629,0.2261563917291738,0
5992,0.22615549100268248,0
9206,0.22613408512917016,0
22673,0.2261251146755536,0
25537,0.22610867575029367,0
30437,0.22610400733242092,0
26958,0.22609070357093738,0
3637,0.22608807286267701,0
12355,0.22608479012204669,0
15087,0.2260801260026588,0
10231,0.22607488050215635,0
13310,0.22607053268634694,0
21752,0.22606515280030212,0
1538,0.22605968453144076,0
20539,0.2260551498804824,0
30611,0.2260463513474873,0
12770,0.2260415979402848,0
22194,0.22604093796050606,0
11987,0.22603242879021482,0
24309,0.2260225732052322,0
5660,0.22600828760795008,0
3348,0.22599777038842928,0
29598,0.2259959839580704,0
14232,0.22599006399197566,0
27853,0.2259790894599607,0
11277,0.22597833116963767,0
20924,0.22594407717163814,0
9889,0.2259382646299705,0
21239,0.2259164467908243,0
7972,0.22590786251317227,0
19165,0.22590521675326167,0
23584,0.22588300981834122,0
4885,0.22587889722063959,0
30157,0.22585900127353548,0
15921,0.2258387897092955,0
20519,0.2258144320045974,0
29378,0.22579238446346273,0
27591,0.2257910674600152,0
27391,0.22577876118348056,0
2032,0.22576358087996312,0
22883,0.22575592971936198,0
4168,0.22575257344615718,0
24140,0.22573115821124035,0
13646,0.22572962623860207,0
27926,0.22571272777453635,0
17413,0.22571147929549162,0
14095,0.22569646858204476,0
24066,0.22569072930868683,0
12545,0.22568090055124632,0
27048,0.22567663137994146,0
13398,0.22566590269998635,0
19118,0.22565397128193085,0
10689,0.22562499404346664,0
28519,0.2256193951089338,0
17379,0.2256151706782672,0
15728,0.2256041863876207,0
17983,0.2255813506916289,0
7816,0.22557647110516757,0
19914,0.22557169878332115,0
18176,0.22555236830385655,0
21322,0.2255490064541435,0
20289,0.22554774322064916,0
16120,0.22554211476907673,0
23883,0.22554189691693927,0
28484,0.2255395930761982,0
23982,0.2255337972035998,0
5708,0.2255123897595551,0
18337,0.22551081611496726,0
29037,0.22550596558041355,0
22829,0.22550583370495983,0
7342,0.22549612900168936,0
13572,0.22548825749050752,0
3795,0.22548750955782895,0
8064,0.2254759474972841,0
8247,0.22546306455488285,0
24263,0.2254469389267918,0
5767,0.22544513204640443,0
1887,0.22543177685125232,0
9101,0.22540934626244963,0
29127,0.22540067662244226,0
30429,0.22539765147479415,0
14748,0.2253896344458435,0
27656,0.22535887936451499,0
23512,0.22535217018192708,0
23549,0.22534571175791596,0
10732,0.22533737473033863,0
14312,0.22533078802760362,0
22732,0.22532783188148892,0
1273,0.2253245108729364,0
17562,0.2253144392530263,0
15204,0.22527426990968158,0
28732,0.22527115837738304,0
27857,0.225262526478704,0
18302,0.2252509637359745,0
20848,0.22524947993464128,0
19518,0.2252365813306218,0
13188,0.22522763702540388,0
25463,0.22521487132714857,0
29235,0.22520995098343452,0
23485,0.225204491972705,0
22944,0.22520006679971927,0
31265,0.22519221717317012,0
26393,0.2251771264159933,0
13713,0.2251770599492919,0
27307,0.22517360750696525,0
29048,0.22516548807170214,0
975,0.22514962422880366,0
3285,0.22514440246999953,0
13386,0.22513425460265782,0
28245,0.22510817454306228,0
8743,0.22510771900331378,0
7003,0.22510170601109106,0
1546,0.2250723020696424,0
9823,0.2250608289922327,0
30677,0.22505518208853986,0
18826,0.2250376768877573,0
7406,0.2250272580127524,0
26407,0.2250224160320563,0
4391,0.22500773037290375,0
26102,0.2249980594541082,0
30073,0.22499511504395628,0
13194,0.22498184427210052,0
17597,0.22498178312716077,0
19025,0.224976375466184,0
603,0.22495640725134805,0
25774,0.22494994172599467,0
15900,0.22491340512726918,0
13308,0.22491165665827034,0
5990,0.22491061839001183,0
27841,0.22490914472614107,0
4999,0.22489632422008154,0
15337,0.22488195612537,0
3004,0.22486186293288005,0
21686,0.2248613065275694,0
26191,0.22482807407365046,0
22379,0.22482448309050085,0
28048,0.22481951768117855,0
5014,0.22480994081038003,0
15782,0.22480859576673887,0
10605,0.22475293705553243,0
30892,0.2247517060188303,0
21846,0.22472227692001673,0
19758,0.22469899033861282,0
29358,0.22469285368329686,0
25495,0.2246924534104855,0
23452,0.22469003381227637,0
7221,0.22468445828111389,0
13892,0.22467500859162304,0
271,0.22467136323402687,0
10046,0.2246696373401486,0
27889,0.22466621804790182,0
30568,0.22465964904182426,0
24042,0.2246510981245077,0
14456,0.22464358401559278,0
28763,0.22462125351653484,0
11894,0.2246005437168739,0
12473,0.2245936309966059,0
28276,0.22459359016110964,0
2186,0.2245864319859583,0
7819,0.22457281550741778,0
10403,0.22457069965234208,0
27798,0.2245616608064359,0
30294,0.22454419800194836,0
97,0.22454017766694734,0
17048,0.2245363606774214,0
25649,0.2245289327844855,0
9112,0.22452337940270542,0
2629,0.22450520700855922,0
26208,0.224503565983559,0
18035,0.22449971338614072,0
10750,0.22449803616203018,0
15699,0.22447986864330172,0
5936,0.22447134738952368,0
1795,0.22447000892783145,0
18278,0.22445151652054476,0
26870,0.22443570471314847,0
21865,0.22443411366330593,0
3368,0.22443064137288946,0
20815,0.2244199041340531,0
25176,0.22441975183829643,0
6397,0.22441845617236245,0
3089,0.22441595848783927,0
18130,0.2244126229037833,0
8514,0.2244069557712332,0
24724,0.22440002810921897,0
2844,0.22438076652253575,0
27129,0.22437618978179802,0
28272,0.2243509573119014,0
26039,0.22433080721182275,0
1460,0.22432486180564085,0
12686,0.22431988161419092,0
22983,0.22429120279467388,0
8095,0.2242861867989313,0
20899,0.2242795907069764,0
31000,0.22427930983088756,0
16417,0.22427319562046732,0
4469,0.2242678110331501,0
16912,0.22426559550507946,0
2083,0.22424302804997534,0
20945,0.2242351959616485,0
11943,0.22423234532917358,0
16382,0.2242319635403202,0
7818,0.224202273455279,0
8124,0.22419786882998585,0
6417,0.22419343001980174,0
1165,0.22418215151275994,0
10730,0.2241744003031537,0
10142,0.2241578209824456,0
4462,0.22415190662772846,0
17666,0.22415162572853908,0
24376,0.22414299772257462,0
2817,0.22413394444266976,0
29771,0.22412052310772157,0
9010,0.2241170967848263,0
22455,0.22410936741241977,0
3492,0.22409038851684432,0
11796,0.22408761074737224,0
26662,0.2240663374057592,0
5686,0.22404737163906305,0
16367,0.2240411151812078,0
12218,0.22404019817344406,0
5758,0.22403712861076702,0
11528,0.22402208824548744,0
13226,0.22401298532444966,0
7001,0.22400875157489383,0
13710,0.2240046850955547,0
18912,0.22400023464870406,0
10042,0.2239716038752341,0
17499,0.22396616960024937,0
13864,0.22394796933862945,0
22219,0.22393832572348787,0
14076,0.22392365700312974,0
25615,0.2239214051073597,0
17719,0.22392014707469232,0
2883,0.22391444941794755,0
29019,0.22389642735506524,0
13831,0.22389314766404414,0
2377,0.22383986941449646,0
14304,0.22383563058052192,0
20739,0.22379269718111827,0
7066,0.2237568035895531,0
13085,0.22375568982554192,0
28385,0.22374604070526083,0
39,0.22373890080564657,0
10077,0.22372273383952584,0
27631,0.22372021618823607,0
8375,0.22369707142495965,0
28536,0.22369259992727408,0
28819,0.22369194139176105,0
17628,0.22367651377107073,0
23847,0.22367399504963476,0
17429,0.22367346562628806,0
5700,0.22365138717105168,0
16834,0.22362723951402194,0
14254,0.2236113160331751,0
1311,0.22360862503619805,0
25287,0.22358782585958037,0
30684,0.22355900231319084,0
28836,0.22355803691034457,0
8842,0.2235497029205163,0
23816,0.22354162303096284,0
26623,0.22354135789398094,0
9030,0.22353416148576236,0
9490,0.223532720741097,0
8226,0.22352026484138782,0
21060,0.22351502386709343,0
24397,0.22350028808188108,0
16044,0.2234959100028985,0
17737,0.22346778924472716,0
29794,0.22346443710962216,0
25523,0.22346433834020857,0
16698,0.22344396321107707,0
26908,0.22344098836062018,0
3370,0.2234179875837161,0
14676,0.22341774945235165,0
7121,0.2234137022608426,0
13674,0.2234087650192977,0
8230,0.2234031926794999,0
29428,0.22340145215677804,0
28659,0.22339584923927017,0
4166,0.22338758655154095,0
20286,0.22338695703821115,0
3310,0.22338174493503019,0
6115,0.22337711424297113,0
28168,0.22336330032996682,0
1801,0.22336184397589645,0
15217,0.22334442532314003,0
22212,0.2233368278922306,0
29390,0.22332689846164658,0
26484,0.22332286069876692,0
8241,0.22331995156822684,0
16947,0.2233181849331135,0
12790,0.22331005513435437,0
894,0.2232992465613048,0
25560,0.22328878386556097,0
3079,0.22328030236655028,0
20861,0.2232636680228692,0
4263,0.2232613382183316,0
2204,0.22324378319529598,0
4915,0.22322743379905316,0
14642,0.22322734433454802,0
1999,0.22322276519841824,0
25123,0.22321802855219416,0
4487,0.22321518445618732,0
12815,0.22321447013191315,0
18711,0.2231987713580057,0
615,0.22319852578791205,0
8973,0.2231793681151124,0
6269,0.22312263357519593,0
22945,0.22312144696802685,0
7517,0.22311710048556269,0
25337,0.22310601421317053,0
14995,0.22309985914518637,0
19004,0.2230861675445586,0
12717,0.2230856461002794,0
13087,0.22306936744175776,0
25150,0.22304923453222295,0
6946,0.2230459827091527,0
9597,0.2230445191928224,0
15109,0.22303666846339998,0
6847,0.22303357087025824,0
12195,0.22302970678709497,0
20485,0.2230236124839757,0
1299,0.2230202436663713,0
3497,0.22300627730883243,0
29260,0.22298865683897048,0
31098,0.22298671059337802,0
11284,0.22298379632981952,0
15977,0.2229580549569115,0
9659,0.2229570730321651,0
18072,0.22295657555049975,0
12758,0.22293579947290237,0
9646,0.22291862315658206,0
4138,0.22291418871292237,0
9046,0.2229023826872622,0
7152,0.22288939394769325,0
5747,0.2228649950456682,0
5624,0.2228594701175787,0
1649,0.22284989399966645,0
20194,0.222847368345853,0
372,0.22284380299625817,0
22366,0.2228381915554435,0
6654,0.2228064944372101,0
19107,0.22280309770519546,0
5084,0.22279738657479503,0
4285,0.22278356367567234,0
27035,0.2227812273366674,0
31029,0.22277568043289958,0
10829,0.22275608182925577,0
9784,0.22273663796994406,0
27324,0.22272652211152025,0
9565,0.22272054042101364,0
8486,0.2226890532517525,0
25165,0.22268440388195682,0
15016,0.22267855446684642,0
28925,0.22266992033212887,0
25784,0.2226295970555695,0
10805,0.22261031685744836,0
30667,0.22260227574508032,0
25414,0.2226006458528402,0
28174,0.22259371258590313,0
18160,0.22258938429352298,0
8415,0.22257326556357057,0
24697,0.22256308252651305,0
12921,0.2225555965110154,0
21615,0.22249307454436548,0
30111,0.2224839223514692,0
11196,0.22245556148513365,0
20934,0.2224543937424646,0
11720,0.222453743372667,0
14044,0.222416025419972,0
13786,0.2223968964804894,0
7307,0.2223904180186089,0
14588,0.22238884967435557,0
16294,0.22238823947070827,0
8159,0.22235332724944631,0
8072,0.2223382890047618,0
27558,0.22232939482216768,0
14561,0.2223265447516465,0
15673,0.2223265272360045,0
7582,0.2223187189368744,0
4839,0.22231814875326955,0
19714,0.22230774246281432,0
27526,0.22230073333323452,0
3214,0.22230015275982212,0
22056,0.22228732423719832,0
9369,0.22227970499051358,0
10772,0.2222736958695074,0
28679,0.2222713628375875,0
11453,0.22226953818536646,0
5305,0.2222470601441184,0
1862,0.22223444141011778,0
19566,0.22223337375231453,0
27445,0.22223226709093627,0
20454,0.22223011134065845,0
1906,0.2222229788191658,0
4603,0.22221279706783004,0
2547,0.22220602055456473,0
3041,0.22219081398414198,0
56,0.2221653506719495,0
7379,0.22216243907226862,0
21564,0.2221619709391797,0
16457,0.22211583973484675,0
27471,0.2221090317891131,0
12634,0.2221071861197996,0
20662,0.22210183233815958,0
397,0.22207355234056508,0
7030,0.22207184980435987,0
30912,0.22206501471266063,0
25840,0.22206496919662033,0
1635,0.22205554659208854,0
27422,0.22203066580673805,0
18177,0.2220159261843156,0
20486,0.22199754424269788,0
7493,0.22199727529006474,0
27731,0.22199552978960907,0
5172,0.221993107532527,0
7304,0.22198084021779774,0
4395,0.2219669043586367,0
1630,0.22194592250876724,0
26993,0.22192518161827082,0
5033,0.22192255653049886,0
11491,0.22191835065894924,0
20251,0.22191790366562292,0
6083,0.22189222790526203,0
22151,0.22188745904121707,0
7550,0.22188326381891352,0
14434,0.22187683510104633,0
17091,0.2218283749439092,0
7840,0.2218089627474523,0
15765,0.2218015297171032,0
15842,0.2217773939209371,0
8295,0.22177737915942367,0
1989,0.2217640161436881,0
29816,0.22175125739881144,0
3101,0.22174841008199198,0
26477,0.22174616724923155,0
20598,0.22174463794231172,0
30706,0.22174350540183524,0
1815,0.22173524464761482,0
4928,0.22172812257185107,0
15205,0.22172118728644585,0
18168,0.2217111573563248,0
28615,0.2217059891513381,0
19551,0.22170357508462593,0
1585,0.2217026557124998,0
28842,0.2217010671140204,0
17420,0.2216987986245532,0
14416,0.22167891322199723,0
20235,0.22166608572853544,0
18581,0.2216611906458876,0
890,0.22163523470595112,0
25379,0.22163321189728016,0
19854,0.2216185443900209,0
11183,0.22161360703032382,0
9176,0.22161332147192592,0
10201,0.2215725571656372,0
658,0.22157157102558084,0
17242,0.22155232069128988,0
16891,0.22154437499110535,0
17116,0.22153889461492743,0
28419,0.22153885350257047,0
26831,0.2215308310161111,0
25580,0.22151789305334094,0
30843,0.2214889303973534,0
9649,0.2214524158622845,0
25346,0.22145186334297218,0
4241,0.2214516550913153,0
18301,0.22142494572307875,0
14470,0.22140687498577066,0
5544,0.22140552274827788,0
1765,0.221386062193002,0
27140,0.2213798948666297,0
5152,0.22136043550019938,0
23742,0.22134403984446238,0
20960,0.22133129463294826,0
20964,0.22132183360226013,0
4253,0.22131359154397107,0
12678,0.2213092559623589,0
13581,0.22127286802149831,0
15070,0.2212656380342674,0
14610,0.2212574300816734,0
24449,0.22125479950347424,0
16328,0.22125389481729052,0
2711,0.2212339966872284,0
12433,0.22123371512264797,0
21985,0.22123121425405412,0
1569,0.22122994296803672,0
26904,0.22121728716409084,0
26123,0.2212099019499739,0
11148,0.22118270969757758,0
28374,0.22117685302056067,0
16851,0.22117577995722665,0
24344,0.22117516355777334,0
20062,0.2211704655683317,0
9166,0.22116481185735037,0
23132,0.22115144824117877,0
13371,0.22111293807530555,0
21744,0.22111188638350765,0
23466,0.22110891201489682,0
22318,0.22109167195545226,0
13500,0.2210909533460176,0
10972,0.22107037766401672,0
22986,0.22106105726900943,0
413,0.22105489470120776,0
18821,0.2210501861049918,0
12537,0.22104863448907103,0
30052,0.2210481860098051,0
22272,0.22104159314276095,0
18811,0.22103637251254254,0
30978,0.22102686631645596,0
24200,0.22102054225590514,0
23696,0.22101533969676138,0
26288,0.22099129420277477,0
8297,0.22097718722376952,0
17182,0.22097279255486033,0
27847,0.220957508514644,0
29737,0.22094606101846379,0
8574,0.22092176790208862,0
8522,0.22091344871273105,0
10625,0.2209077512865386,0
24463,0.22090307628705463,0
21979,0.22089861327721277,0
26320,0.22089228423505256,0
1820,0.22087533860419292,0
1336,0.22086906053741398,0
26245,0.22086555752870207,0
17875,0.22085646699015002,0
19331,0.22085603815544122,0
15742,0.22085370498008008,0
26971,0.22083931652501915,0
2877,0.22083475844600586,0
24801,0.22077812878622816,0
22197,0.220762656732243,0
5899,0.22076065036501752,0
7424,0.2207574680567702,0
13183,0.22069710984380678,0
19863,0.22068519634269473,0
12038,0.22066413666369494,0
11497,0.2206335500520651,0
18577,0.22063155911697585,0
15513,0.2206212990147632,0
23247,0.22060461625347977,0
1473,0.22056992658552896,0
21164,0.22056547613377459,0
874,0.22055682193667817,0
31003,0.22054514924472135,0
20818,0.22054477805896425,0
25933,0.22053395428587488,0
12683,0.22053331563652467,0
8543,0.22052197756649528,0
24691,0.22049770670535623,0
26059,0.22049646137772133,0
28559,0.22048580697156722,0
8966,0.22047917836817066,0
1618,0.22047643253273358,0
25619,0.2204698968602717,0
2400,0.22045320186318965,0
13756,0.22044843231405284,0
15233,0.22044703146021105,0
29330,0.22042642265707882,0
6635,0.22040125958249587,0
25559,0.22039008647315794,0
8054,0.22037075402291595,0
11961,0.22035620105410053,0
29849,0.2203332784564632,0
21351,0.22032793871096643,0
17785,0.22030808916806918,0
24966,0.22030688120594383,0
8830,0.22030187924833997,0
28725,0.22028767096603277,0
21593,0.22028364512305615,0
2477,0.22025476604806252,0
10202,0.220239549027126,0
27128,0.22022296459227492,0
25319,0.22021287445615134,0
23008,0.22021219682997598,0
1783,0.22020684375927446,0
13834,0.22020220560783968,0
25105,0.22020129089955148,0
24979,0.22019232535092154,0
8469,0.2201918133615421,0
8881,0.22016820894493827,0
28537,0.22015979415373124,0
1592,0.22015806943237703,0
26937,0.22013199830841018,0
5571,0.2201240714569186,0
14224,0.22011917948054405,0
5770,0.22011243858563412,0
14716,0.22006744307356002,0
6730,0.22006508208552192,0
7073,0.22005431110547846,0
22544,0.22005159480416353,0
18916,0.22005096224722517,0
16628,0.22004627682328023,0
7929,0.22003966663354485,0
14449,0.22003903684343828,0
25763,0.2200312640735658,0
24150,0.2200297906333763,0
12667,0.2200246238371134,0
10607,0.22000270691547072,0
24262,0.21999782851419838,0
4845,0.21996884939788938,0
2011,0.21995744191347555,0
14874,0.21995710251279443,0
12901,0.21993579190131063,0
21559,0.21990757775093278,0
9394,0.21990404262176452,0
30352,0.2198813758939457,0
8166,0.2198755022127358,0
11839,0.21984953965104492,0
30042,0.2198422869267533,0
4936,0.219816715407331,0
29987,0.21981469833884593,0
5746,0.2198110504066406,0
18198,0.21980620421274108,0
11303,0.21979799929015248,0
20703,0.2197594883862355,0
7832,0.2197522859253872,0
15457,0.21974585928245038,0
4723,0.21974195927075812,0
9670,0.21974064008440372,0
9238,0.21972642758645525,0
3507,0.21972547640957088,0
6289,0.21971287677921406,0
718,0.21970452766646925,0
13266,0.2196933454560795,0
23334,0.219681949814398,0
14690,0.21967436884565522,0
3503,0.21966548738486819,0
4912,0.21965221801280385,0
6098,0.2196482237357293,0
7254,0.2196344216786114,0
19455,0.21962499301131863,0
27886,0.21962135642330735,0
11857,0.21961583178421443,0
29723,0.2196020761880984,0
31114,0.21958997010053635,0
27196,0.21956278909245164,0
29139,0.2195608379199492,0
22341,0.21955505487202587,0
1746,0.21954626183307357,0
16394,0.21953053226284283,0
30381,0.21953038955524842,0
19757,0.21952940387413114,0
6470,0.21952916741997508,0
1031,0.21952479675996484,0
15488,0.21950768772523446,0
4234,0.2194899791645544,0
21803,0.219480963587511,0
19453,0.21945247050816913,0
30525,0.2194464310749499,0
21637,0.2194357481079566,0
10600,0.21942390117173677,0
23323,0.21940766242758497,0
10306,0.2194019331462496,0
11115,0.21939079110349635,0
17032,0.21937874822478381,0
29637,0.21935506719952844,0
16247,0.21934387241801923,0
4736,0.21933780052195612,0
23283,0.21933175286785225,0
29027,0.2193152848206665,0
23819,0.2193010478878616,0
22886,0.21929734183195368,0
6602,0.21929604923227453,0
10147,0.21929282752660675,0
20936,0.21929091166651715,0
13470,0.2192779620512372,0
18686,0.21926600257607343,0
23224,0.2192579730571983,0
11076,0.219242902832251,0
8925,0.21923713118753965,0
7309,0.21922629167006605,0
12124,0.21922525454824948,0
2784,0.21922349372257827,0
12080,0.21918382997445324,0
13886,0.21917340262593155,0
13320,0.21917163303563103,0
30481,0.21916802943219654,0
12162,0.21916048631766658,0
23448,0.21912541295922305,0
6353,0.21911552173603355,0
26412,0.2191149690687351,0
14967,0.21910046382536844,0
27808,0.21909718266935824,0
464,0.21908589605303405,0
13244,0.2190854223418542,0
15155,0.21906891285501423,0
10139,0.219051932364782,0
1061,0.2190295051796158,0
22057,0.2190283745958792,0
24285,0.21902474547267642,0
27895,0.21900392674511035,0
13801,0.21899470667996299,0
19482,0.21895837172729127,0
31047,0.21895361377824643,0
2342,0.21895009569088852,0
11099,0.2189418503824634,0
20736,0.21894080688776632,0
20087,0.2188883120673835,0
5458,0.21887699063532046,0
18692,0.2188695151941602,0
1198,0.21885952479639695,0
9299,0.21881090938221587,0
10797,0.2188106016864027,0
2635,0.2188056165695358,0
19379,0.21879227356065434,0
5048,0.21876503296126426,0
24665,0.21874461123578873,0
7673,0.2187418449036619,0
15983,0.2187350185895786,0
6692,0.21873475044239585,0
29224,0.21870848358696002,0
614,0.21869891207008782,0
29542,0.21868051640286348,0
27438,0.218675811808181,0
18690,0.21865004030989774,0
8958,0.21864532930029745,0
3404,0.21864328612122258,0
24057,0.2186323283822649,0
6038,0.21863165553297115,0
761,0.21862332114021918,0
23979,0.21860974479942222,0
28373,0.2185954931944397,0
22842,0.21859391625657212,0
29733,0.21858159210485448,0
21668,0.21856166806225857,0
30398,0.21855560280701267,0
12270,0.21855530121490283,0
19054,0.21854905178406045,0
611,0.2185479694083809,0
28391,0.21854389486781423,0
5218,0.21853610406367427,0
29660,0.21853397455940005,0
24038,0.21852868066982875,0
11950,0.2184912914722104,0
2060,0.21848995143992903,0
11850,0.218465820791652,0
5674,0.21845826747309535,0
6804,0.21845390376898333,0
12797,0.21844951535567003,0
6974,0.21844242410178688,0
12363,0.21843715682556447,0
21192,0.21843118310873075,0
14231,0.2184129696456446,0
19634,0.21841163101150923,0
19946,0.21839675708152712,0
19939,0.21838967677366916,0
5935,0.2183883152040408,0
13761,0.21838722987794085,0
27086,0.21837401426437958,0
25558,0.21835455699466536,0
7684,0.21834012841772388,0
6927,0.21833820503953005,0
18246,0.21833331401208114,0
13277,0.21833168281054577,0
24053,0.21829711792649376,0
28719,0.21829469014736558,0
14421,0.2182831350812666,0
22244,0.21828063221928132,0
19822,0.21827779524450622,0
26377,0.21825705699593648,0
28593,0.21825012718072717,0
30414,0.2182217204478878,0
1922,0.2181822463390554,0
23429,0.21816904131959386,0
23,0.21814446229253778,0
5777,0.2181372010813089,0
7228,0.21812428496395225,0
24946,0.21811260892457135,0
9631,0.2181021597433654,0
10566,0.2180665684030013,0
28216,0.21806648015699717,0
29744,0.21804165111000023,0
19247,0.21800172610853719,0
26842,0.21799755006732854,0
22476,0.21799666531346293,0
16182,0.217983240714675,0
18205,0.21798279646777888,0
5425,0.21798091724205956,0
1800,0.2179714937407252,0
8510,0.21796843802546662,0
27067,0.2179664352078028,0
5635,0.21795024110687372,0
11887,0.21794687919151315,0
6604,0.21791237363749766,0
26462,0.217911177105584,0
13483,0.21790583565384014,0
1549,0.21790410843016736,0
2922,0.21790011100810744,0
29600,0.21789975980369952,0
8025,0.21788971244320557,0
24416,0.21788288126112718,0
24447,0.21787087818617526,0
268,0.21786687245454597,0
6051,0.21786636953955224,0
18475,0.21778529175724615,0
9236,0.21778410906651874,0
18348,0.21778202835331242,0
28942,0.2177730584141621,0
29352,0.21775998153542195,0
26005,0.2177535388399178,0
16206,0.2177424125191566,0
21387,0.21773478169174898,0
21017,0.21773244761528962,0
15880,0.21772950147468859,0
3804,0.21772690085570084,0
11653,0.21771285005297286,0
28859,0.21769134240212548,0
16145,0.21767401109578166,0
15365,0.21766941160593944,0
5912,0.21766886431070948,0
16929,0.21763557671249584,0
3512,0.21762419775008823,0
26430,0.2176193878843603,0
23445,0.217612099815357,0
10718,0.21760868106792447,0
1081,0.21758135486223595,0
22355,0.2175675363985866,0
8111,0.21756722450895222,0
3468,0.2175318428281916,0
11385,0.21752320143035692,0
22701,0.21750977632023857,0
5500,0.21750784576088844,0
19550,0.21750366317493663,0
11764,0.21748285299110595,0
6076,0.21748003654948408,0
20845,0.2174580358432213,0
19810,0.21745553791224317,0
20018,0.21745225074199243,0
18579,0.21744389022202884,0
29423,0.21744143997831014,0
29025,0.21743792108260196,0
23640,0.21742566493435547,0
31260,0.21738894996929115,0
27880,0.2173681681432689,0
21283,0.21736196277344724,0
25270,0.21734819713480252,0
4611,0.2173481431164059,0
20085,0.2173430195487187,0
25916,0.21733747270973783,0
2448,0.21733603306418672,0
10667,0.21733056209677085,0
30379,0.21732319867103098,0
7579,0.2173122819858179,0
26568,0.2173060744545689,0
1396,0.21730159619475437,0
8356,0.2172736703184835,0
3235,0.217269437829774,0
5278,0.2172650535685935,0
13327,0.21726326750972683,0
18523,0.21725599735495682,0
595,0.2172346485662978,0
3888,0.21721857384220125,0
6490,0.2171909739082344,0
758,0.21718579260801563,0
10965,0.21718367266941255,0
23886,0.2171752776742753,0
2036,0.2171628407601828,0
27261,0.21715398039589331,0
18789,0.2171480534877433,0
5871,0.21714589841984488,0
9837,0.21714275772641733,0
27318,0.21714186574948577,0
29834,0.21713126407524222,0
6338,0.2171312281011097,0
28721,0.21711978623775202,0
25974,0.21711729487954284,0
5313,0.2171127683532451,0
27950,0.21710090464842893,0
9962,0.2171003718136038,0
6575,0.2170929124964012,0
23150,0.21708144095461676,0
3087,0.21707902672281798,0
16875,0.21707578241941244,0
22958,0.21706061834747548,0
513,0.21705042235384275,0
23265,0.21704562888550444,0
25750,0.21704074660330328,0
22264,0.2170336214758848,0
4224,0.21701497358458532,0
16588,0.2170072388116945,0
21582,0.21698640091707053,0
22045,0.21698043635585906,0
19986,0.2169732845988407,0
19673,0.21696398939513142,0
11711,0.21696368138399502,0
27909,0.21696167820375856,0
26136,0.21696158993730297,0
1277,0.21695457238192983,0
13142,0.21693818606788104,0
27141,0.21693169078708394,0
1052,0.2169218670846855,0
1345,0.2169148354712403,0
29366,0.21690649065966286,0
16484,0.21689159292577143,0
28094,0.21688070003079818,0
23276,0.21687668254287737,0
24391,0.2168712865526965,0
26426,0.21685160809036141,0
10769,0.2168502576303772,0
7572,0.21679789835438373,0
17252,0.2167828800236419,0
12927,0.2167809049896899,0
25110,0.21672940769291174,0
26509,0.21672827392617905,0
16424,0.2167041860397915,0
20480,0.21670063120385286,0
4948,0.2166846027704333,0
20334,0.21667425911812674,0
26089,0.21667187385845957,0
15802,0.21666802579898942,0
2004,0.2166634708877727,0
20227,0.2166522301862251,0
2614,0.21662636454543235,0
25,0.21661881550081755,0
29011,0.2166165764634465,0
18076,0.21658897810556763,0
8191,0.21658596549150355,0
9536,0.2165744674682322,0
10934,0.21655397888608607,0
3453,0.21654816572912547,0
2931,0.2165388089328296,0
20109,0.2165247175205231,0
18349,0.21652431185867058,0
27440,0.2165205158448754,0
26782,0.21651301019902694,0
7055,0.21648900927062725,0
21524,0.21648432879287982,0
24792,0.21648053911276083,0
15235,0.21646396088018002,0
21407,0.2164582094897221,0
18133,0.2164569669341755,0
15695,0.21642878955278072,0
9062,0.2164279683077384,0
14954,0.21642138156191137,0
9696,0.21641582961255904,0
25692,0.21640508504381095,0
3017,0.2163995244157223,0
20552,0.2163921732427993,0
23501,0.21639164183866083,0
1568,0.21638035146911214,0
19947,0.2163725502284326,0
11244,0.21637072027901727,0
30911,0.21636925082504027,0
31045,0.21636880463968958,0
22492,0.2163652670404602,0
12658,0.21633882592228676,0
31321,0.21633590328608956,0
23681,0.2163356645318326,0
3975,0.21630630458426822,0
19959,0.21630111476214342,0
11114,0.21629966211090174,0
19433,0.21627788655507554,0
24578,0.2162661087937644,0
6845,0.2162653926217042,0
13291,0.21625770369567973,0
6564,0.21625751576725707,0
26475,0.216248136328372,0
16739,0.21622572734681622,0
16624,0.2162134775595883,0
8173,0.21616061532236944,0
15839,0.21614944979023995,0
29380,0.21614789776346532,0
13925,0.2161464091194217,0
9279,0.21613841042594423,0
12806,0.21613207381774163,0
24149,0.2161212278424054,0
25111,0.2160987236502231,0
20771,0.21609054632279126,0
24981,0.21608853354839438,0
20410,0.2160314630837981,0
11649,0.21602704832832362,0
31302,0.2160187957880827,0
30007,0.21600509096873094,0
22163,0.21596227325318654,0
26411,0.215950727100083,0
11027,0.21592386521415946,0
12266,0.21591350072554424,0
28487,0.21589111260416527,0
6219,0.21588877206790152,0
21714,0.2158638689086897,0
17197,0.21586271727158582,0
29905,0.2158611421610885,0
29090,0.21586018106744548,0
24059,0.2158420167744196,0
16355,0.21583076062447065,0
28450,0.2158211617694685,0
30689,0.21580674485801246,0
23536,0.21578682950693065,0
30030,0.21578545032344926,0
9385,0.21578339243236286,0
24518,0.215782668328391,0
4128,0.21576840825358073,0
4137,0.2157683339169609,0
28621,0.21575311183636373,0
17659,0.21575038877305006,0
11499,0.2157427991322863,0
8968,0.21573031763546727,0
8709,0.21572563668522426,0
20445,0.21570559142480306,0
20825,0.21569741760370678,0
31022,0.2156960558254193,0
31117,0.2156663459104261,0
25137,0.21563087777928658,0
7784,0.21562601892247366,0
26447,0.2156106575760458,0
12208,0.21560318883007062,0
9944,0.21556496647548815,0
1106,0.21555967278510532,0
12966,0.2155487664513818,0
24119,0.2155422873936842,0
6325,0.21552911298264715,0
25950,0.21551469237548493,0
1755,0.2154817669435725,0
2002,0.2154658284975086,0
12130,0.21546317779310425,0
6283,0.2154367559258657,0
11901,0.21542694103495919,0
22814,0.21542574327430408,0
24142,0.21542375847738582,0
3906,0.21541796744351988,0
30769,0.21541764088099608,0
22824,0.21541627103014543,0
8245,0.21539444138758365,0
6708,0.21537918173524723,0
20639,0.2153787512601056,0
5549,0.21537052776640234,0
12066,0.21536183303154474,0
19196,0.21535433207810847,0
16840,0.21535124471661934,0
27154,0.2153469493114342,0
23574,0.2153311404982474,0
26047,0.21533055469539092,0
13776,0.21532918147641544,0
18884,0.21530521066857194,0
8027,0.21528666481052017,0
187,0.21528370479365258,0
16111,0.21527839184044947,0
11479,0.2152754493078144,0
14165,0.2152723329396273,0
1503,0.21526598276902256,0
11982,0.21526515035883217,0
26641,0.21526337224031042,0
17903,0.2152590733508104,0
14148,0.21525195109614775,0
14240,0.2152227902915396,0
10704,0.2152188577847905,0
11063,0.21521555614913043,0
3779,0.21521467194065624,0
21,0.21519802803210247,0
5332,0.215188051944196,0
6667,0.21517763610841517,0
6549,0.21517593606492927,0
7339,0.21516686423448333,0
26748,0.21516637595327154,0
21790,0.2151639604612171,0
14758,0.2151578466328061,0
22510,0.21509105646480264,0
1456,0.21508843934273142,0
18483,0.21508685127033536,0
26368,0.2150472052151105,0
6938,0.21503907252759671,0
12196,0.215033972532771,0
6459,0.21503235357254602,0
14361,0.2150121751816873,0
26118,0.21501186554648796,0
26167,0.21499875233436275,0
17607,0.2149895473371417,0
7991,0.21497773758388758,0
12459,0.2149655978388138,0
10748,0.21495577310247466,0
29997,0.21495541680306968,0
12762,0.21495425294414605,0
21289,0.21493860873112788,0
17576,0.21493536468141955,0
30700,0.21493151119678416,0
17256,0.21490281061353816,0
29934,0.21489226112997364,0
9460,0.2148890838990172,0
8419,0.2148837105379485,0
2354,0.21488363578214983,0
11011,0.21488263710348562,0
29891,0.21485178756829712,0
4828,0.21484077961792683,0
30138,0.21484034727101503,0
13475,0.21483448390660026,0
29384,0.21482439683337545,0
12920,0.21482110354609382,0
7912,0.21480005490416634,0
12489,0.21475512249496465,0
24694,0.2147447667426197,0
7516,0.21473640474861558,0
16378,0.2147193846075571,0
23587,0.21469810274485057,0
7638,0.21468864898437054,0
16710,0.21467969603184656,0
29121,0.21467241308027707,0
27007,0.2146705497481508,0
20483,0.21465257176199942,0
7752,0.21465015038733445,0
17456,0.21462178001660362,0
26305,0.2146073967658236,0
6226,0.21460122109992152,0
1413,0.21459945719372023,0
29329,0.21457575939950363,0
3143,0.2145701847574042,0
27345,0.21455607946587651,0
12975,0.21454226996088482,0
26037,0.21451995569940432,0
2685,0.2145123447028356,0
706,0.21450458116813106,0
8637,0.214500498350126,0
3009,0.21449342289164064,0
1230,0.21449328650122967,0
17956,0.2144823201088079,0
19333,0.21446922929137038,0
24040,0.2144405687457362,0
13328,0.21443535815995593,0
21398,0.2144240706674892,0
1293,0.21440645878598524,0
27848,0.2143895098439989,0
16198,0.2143877825754774,0
24061,0.21436784331170383,0
18633,0.2143595218597859,0
28765,0.21435402362258835,0
12253,0.21434995909098029,0
1487,0.21433180826320164,0
17748,0.21432248345990104,0
1118,0.21430856946828616,0
19695,0.21429801441846114,0
21625,0.21425727586372012,0
21743,0.214255878192655,0
8068,0.21425544477973607,0
7032,0.21424167927137383,0
30295,0.21424143391888406,0
7122,0.21423093590846037,0
10031,0.21423063185527189,0
21336,0.21422687704659052,0
6901,0.21421508495877933,0
8199,0.21420489093443382,0
28307,0.21420266107375915,0
964,0.21418614397356384,0
22084,0.21418228736910488,0
19151,0.21417791185187418,0
24728,0.21416977992125344,0
11356,0.21416060432102457,0
14677,0.21416053055925613,0
8943,0.21415786876479206,0
2369,0.2141351397727464,0
26962,0.21413510282438486,0
16654,0.21411273931528851,0
21093,0.21410683963069196,0
22591,0.21409034827371978,0
25730,0.21408589060055294,0
2364,0.21407917161952925,0
27208,0.21406270539166058,0
4403,0.21406199865861122,0
25768,0.21405069090757464,0
25376,0.21404880587253003,0
26704,0.21404470833610806,0
16293,0.21402942141920878,0
26248,0.2140286505964025,0
1211,0.21402314591673502,0
20973,0.2140031233335832,0
26900,0.21400215568241532,0
26187,0.2139825381333613,0
14316,0.21395987960183194,0
7971,0.21395601972613665,0
4850,0.21393370057119326,0
22899,0.21392391197048094,0
26262,0.21391967390638114,0
21154,0.21391937972936517,0
15322,0.21386921102271142,0
11828,0.2138671358939325,0
21590,0.21382944501591375,0
13447,0.21381411910848247,0
14331,0.21381338920080278,0
8113,0.2138104668638662,0
29277,0.2138085912790342,0
25698,0.21380042319907133,0
490,0.21378681237847874,0
28997,0.2137861342436731,0
13370,0.21377522903786722,0
23029,0.21376327444181092,0
20876,0.21375676080225506,0
13385,0.21375418263635798,0
26246,0.21374259124128095,0
13838,0.21373113642638197,0
6805,0.21373082600954557,0
12367,0.21370786447040385,0
12743,0.21369993369836013,0
15717,0.21369123754738212,0
5853,0.21368856482627763,0
22040,0.21368739312736687,0
6866,0.21368645903905928,0
27385,0.2136786186303776,0
12261,0.21366247735606592,0
11485,0.21366056584061927,0
7710,0.21364394978176343,0
2484,0.21364072610936563,0
11121,0.21362792533400976,0
7453,0.21362415062327791,0
6193,0.21361398241273655,0
16374,0.21360623806890713,0
10821,0.21359838132494036,0
18022,0.2135683232391332,0
19086,0.21354374381494312,0
9088,0.21354073458642409,0
23278,0.21353562393646539,0
10241,0.21347808063492857,0
12451,0.21346314168128025,0
29425,0.21345583511963806,0
22094,0.21345492097504162,0
745,0.21344961317842442,0
14785,0.21344284529695037,0
24217,0.21341203414583848,0
7292,0.2134070622614415,0
15780,0.2133914947258981,0
19393,0.21339064863042942,0
25292,0.21338840832951678,0
26576,0.21338066629255664,0
8618,0.21337843087445282,0
8664,0.21336775277205128,0
18573,0.21336752679702525,0
29068,0.21331548190222954,0
4838,0.21330954330302215,0
4871,0.21328859543786208,0
21393,0.21328317177505446,0
5792,0.21327636769394892,0
8081,0.2132682455712062,0
12051,0.21326777805233343,0
27653,0.21325364900731603,0
12680,0.21324261231762842,0
529,0.213230550450159,0
14064,0.2132156492196853,0
3706,0.21320725098538484,0
9440,0.21317568786667263,0
12979,0.21316957343721735,0
23667,0.21315789989434666,0
18632,0.21315704448340284,0
7368,0.21315367942693958,0
8852,0.21312880600480777,0
10654,0.21312166685085476,0
11256,0.21311380965413348,0
1731,0.2131080413514006,0
25581,0.21306994056289683,0
3704,0.2130667437809278,0
5494,0.21306515163270365,0
22137,0.2130625275186454,0
28136,0.21306034745286695,0
9329,0.21304937445766353,0
8359,0.21302964874222902,0
12065,0.2130088959752258,0
3966,0.21300209300474074,0
28855,0.21298459631456773,0
24751,0.21294840475202828,0
25331,0.2129337914421514,0
31215,0.21292324839484533,0
8185,0.21288981613879304,0
16941,0.2128839251776707,0
13249,0.21287664215158286,0
11171,0.21287419640327587,0
23066,0.21286028888666159,0
764,0.21284765961288632,0
24473,0.21284311628928473,0
8264,0.21283432165481994,0
22648,0.2128256608732895,0
9980,0.21282315450505965,0
19596,0.21282168995356388,0
29511,0.21282054539117096,0
15950,0.21278699524476657,0
18344,0.21278103871165854,0
22380,0.21278075258385346,0
5865,0.21277501116623235,0
27814,0.21276409220783177,0
4155,0.2127476642315892,0
662,0.21272456294522724,0
17846,0.21270212788808324,0
6655,0.2127015693360733,0
23894,0.212683377161819,0
21640,0.21267354085773327,0
1362,0.21266907812476785,0
11883,0.2126681800930568,0
23285,0.2126261537540496,0
4035,0.21261069728702633,0
24080,0.21260410146520495,0
26075,0.2125637387189607,0
24740,0.21256037550298082,0
25769,0.21254936405458025,0
5683,0.21254604039489122,0
25228,0.2125188119598942,0
8840,0.21251161180875539,0
17035,0.21250616320616003,0
11390,0.2124818927595624,0
16550,0.21247311994217083,0
29202,0.21247100818207443,0
25090,0.2124627417351445,0
7444,0.21245873804373874,0
21880,0.2124548978273244,0
16114,0.21243997652053465,0
2244,0.21243825197242766,0
2076,0.21237411461141043,0
2919,0.2123636121187955,0
16720,0.21235781718587482,0
15097,0.21234362405405657,0
12891,0.2123409207054151,0
16311,0.2123354997514576,0
5525,0.21233441232416986,0
22647,0.21231478348685326,0
28902,0.21228092882345698,0
22015,0.21228053924939186,0
16539,0.2122555866329007,0
15201,0.21225150088860642,0
27638,0.21225064427213114,0
15195,0.21224873259949853,0
21654,0.21219787263585121,0
3413,0.2121871688230411,0
20367,0.21217804791290282,0
3148,0.21217068417932364,0
21076,0.21216337433511515,0
10152,0.21216314863863547,0
2587,0.2121599196713964,0
25870,0.21214669742257786,0
8621,0.2121463687452856,0
24678,0.2121463490358394,0
20106,0.21213372301403197,0
7486,0.21212065488951873,0
2128,0.21211726904629707,0
1360,0.21209767978163943,0
11552,0.2120878718012873,0
9255,0.2120799698006907,0
21200,0.21207342159088027,0
17712,0.2120698332799572,0
15192,0.212025349873403,0
9741,0.21201534029714886,0
9601,0.21198999680858965,0
6216,0.2119857114219027,0
20252,0.2119848950616884,0
27628,0.2119748971199223,0
7529,0.21197324242439108,0
12494,0.21196641666343466,0
3540,0.211965737049095,0
20350,0.21196257679221275,0
12555,0.21196195195369769,0
24537,0.2119522140744974,0
19263,0.2119442544141453,0
5353,0.21194253855715334,0
1300,0.21193942737564136,0
2838,0.21193374488307384,0
30218,0.2119316303702774,0
3495,0.2119251990058109,0
18540,0.21191772620159047,0
725,0.21191641997451371,0
21609,0.21190836475476565,0
20213,0.21190704575467312,0
23760,0.21189214050228564,0
6381,0.21188419781578854,0
17798,0.21187866549311044,0
14933,0.2118710611190726,0
15507,0.21185489637015484,0
26747,0.2118459635775397,0
27227,0.21182773443139385,0
27557,0.21182457637425517,0
16901,0.21182110410413763,0
23002,0.21181842290206704,0
5365,0.21180715627049676,0
24329,0.2118019545961118,0
1341,0.2117908161710771,0
10252,0.21178844901416574,0
1225,0.21175776786482586,0
1799,0.2117363921727079,0
11174,0.21171690262899756,0
15756,0.21170995301484147,0
12491,0.21170926232449483,0
7035,0.21169747515196652,0
5530,0.2116853492272429,0
664,0.21167304047842642,0
25135,0.21167228842961186,0
29785,0.2116318795398687,0
26212,0.21162275707476497,0
24718,0.21161913520609194,0
3045,0.2116146890412291,0
23736,0.2116138566906371,0
22532,0.21161276728332407,0
26106,0.21160607699288383,0
9725,0.21158324167941422,0
19188,0.2115768650359432,0
19075,0.21157551569629354,0
26390,0.2115684824567608,0
24209,0.21156443109157183,0
19181,0.2115393864473308,0
4994,0.21152600241744943,0
7577,0.21151792013231333,0
23992,0.21150925921380836,0
29411,0.21150897641457628,0
14914,0.21150705525572305,0
3358,0.21148690761752964,0
16344,0.2114867490922628,0
6306,0.2114689948888541,0
24364,0.21145058925323576,0
8662,0.2114479143798979,0
23269,0.2114305306737315,0
5076,0.2114183891243287,0
16519,0.21141465155500885,0
22869,0.21141095484977968,0
13133,0.21140092913750416,0
24508,0.2113973211554348,0
14255,0.21139214048834065,0
166,0.21138395576715507,0
22581,0.2113804279777695,0
14162,0.21137276122684492,0
18528,0.21136900431539857,0
31247,0.21136433859100662,0
27699,0.211360830798308,0
29326,0.21135884737279162,0
23529,0.21135753773101906,0
12793,0.21134262351756292,0
16486,0.21131804319561667,0
17964,0.21130932237518515,0
31254,0.2113014874931646,0
16260,0.21129399080492142,0
28568,0.21127812926562087,0
6148,0.21126330628877213,0
16166,0.2112628014040431,0
6706,0.21126003811543165,0
14066,0.2112583222041561,0
22577,0.2112583004714021,0
19391,0.21125709735837522,0
370,0.21124890067446728,0
9821,0.21124872778298998,0
6694,0.21123089619916008,0
10301,0.21123060798541032,0
11947,0.2112148025894647,0
10452,0.2112053149664817,0
28074,0.21119989487702526,0
5710,0.21118520563882823,0
18405,0.21118110303835094,0
26224,0.21118081986956955,0
13268,0.21117840022055073,0
22086,0.21116493065971442,0
21133,0.2111637733702944,0
6298,0.21116188244678316,0
10285,0.2111561307547532,0
10723,0.21114913909039912,0
6121,0.21114870762379162,0
17539,0.21113890170818586,0
23754,0.2111272489431839,0
12982,0.21112550677102057,0
16483,0.21112294359356554,0
30553,0.21110144155927554,0
1402,0.21109225599973735,0
26773,0.21106906560770974,0
1650,0.21103794981530397,0
11629,0.21100534889640318,0
11417,0.21100311641420014,0
22963,0.21100141277777987,0
14012,0.21099681763603392,0
16329,0.21096900823626022,0
28508,0.21095491530900315,0
17373,0.21094793993552968,0
21610,0.21094684713158413,0
20661,0.21094449194485282,0
17954,0.21093936767315755,0
18625,0.21091854785697808,0
30355,0.21091402709109042,0
17731,0.21090940228232571,0
3359,0.2109022665305871,0
30539,0.21087451674140908,0
7376,0.21085504343082792,0
3584,0.21085139913002332,0
18356,0.21084879993791628,0
4211,0.21084695190456768,0
19924,0.21083105905080118,0
21656,0.2108296924486864,0
28356,0.21082573208834268,0
7269,0.21080583699572675,0
28312,0.21078728676171338,0
13190,0.21075590833533092,0
23852,0.21072260488425948,0
30155,0.21071131972182214,0
8995,0.21070488349568905,0
6003,0.21070246339763382,0
24141,0.2106924033890925,0
8878,0.21068105430624848,0
16662,0.21067716663989816,0
7185,0.21067654972590152,0
1611,0.2106703410939857,0
2598,0.2106650686868357,0
21015,0.21065317977922318,0
14540,0.2106437610592499,0
14796,0.21063091389377997,0
7483,0.21062852662334475,0
21683,0.2106263441726229,0
26521,0.2106146618971415,0
24680,0.21059865681197526,0
8539,0.2105892813818137,0
7753,0.21058742717619647,0
3917,0.2105620864818594,0
285,0.21055820582568924,0
19241,0.21055516575733516,0
13905,0.2105494204158077,0
29286,0.21052416986433062,0
30874,0.21051750473983066,0
18429,0.2105054675012741,0
7931,0.21042729421879605,0
16574,0.2104222251699777,0
30827,0.2104194387802556,0
7451,0.210411343861115,0
13122,0.2103941747134716,0
6598,0.2103846780519879,0
2135,0.210359024009234,0
5702,0.21034267009762753,0
29232,0.2103314880323746,0
30467,0.21030485097569482,0
30554,0.21030324485574273,0
27434,0.21030063472424537,0
293,0.21028889823965483,0
19019,0.21028423603292024,0
8656,0.2102708746312794,0
19956,0.2102705654911662,0
12025,0.21024887972882325,0
12783,0.21024854223356962,0
3904,0.2102484457334734,0
9886,0.2102406354172349,0
29060,0.21023953850905966,0
17826,0.2102393434281093,0
22766,0.21022629711078453,0
17352,0.210194428203735,0
10024,0.21018975796005462,0
8829,0.2101798321107659,0
7219,0.21017977682810313,0
20569,0.21016246019028034,0
8892,0.21015936811589256,0
8473,0.21012721195182948,0
2071,0.21010802751602675,0
30412,0.21008460405042623,0
28372,0.21008203063957875,0
29829,0.2100790389527036,0
26696,0.21007649580455282,0
8141,0.21007438131199713,0
27252,0.2100608685428229,0
21470,0.210058907721632,0
29599,0.21005309542507788,0
25316,0.2100510966818246,0
27837,0.21004802317988172,0
5495,0.21002217317868346,0
24044,0.2100098268698273,0
14192,0.20992896587147553,0
24384,0.2099134757838853,0
29353,0.20989705512178183,0
14870,0.20988729119634722,0
31277,0.20988626254237436,0
26178,0.20988296971030646,0
16815,0.2098819231204594,0
21386,0.20987988828108628,0
541,0.2098758396686749,0
14369,0.20986590473660943,0
2499,0.20985744286341393,0
27163,0.20984891956830404,0
29904,0.20984395194182892,0
14008,0.20984149675560285,0
13221,0.20981237796735497,0
7737,0.20979643751932617,0
9838,0.2097857267087295,0
8512,0.20976544282994788,0
15414,0.2097578269445236,0
31050,0.20975613914263494,0
19258,0.20974027370015352,0
8097,0.20973940796303644,0
9874,0.20973421728366695,0
7421,0.20972593534100242,0
21455,0.2097229071890333,0
17677,0.20971926733199844,0
9412,0.20970582735381918,0
16370,0.20970313926004547,0
26134,0.20970069437404326,0
4758,0.20967829847160718,0
30027,0.20966808320194413,0
13392,0.2096641073073562,0
28580,0.20964141274797599,0
20429,0.20963769815976596,0
14732,0.20963074843314586,0
23093,0.209620995526547,0
6747,0.20961441481663992,0
21646,0.20960269922402344,0
10089,0.20959994409439578,0
5638,0.20959509820819533,0
18383,0.20959258532491729,0
822,0.20959092939073337,0
16578,0.20958460461871892,0
2700,0.2095790814728015,0
19281,0.20957672524505525,0
6777,0.2095763683294128,0
27130,0.20956708847843541,0
10771,0.20955077908403588,0
15724,0.20954634859930948,0
2738,0.20954243623768534,0
26738,0.2095199898352371,0
17178,0.209467382852391,0
10561,0.209465629439506,0
7227,0.20946270080335858,0
12947,0.20945936737104262,0
29823,0.2094528736599831,0
15676,0.2094497115159212,0
4864,0.20944929744984273,0
3762,0.20941684927173565,0
15318,0.20939301662288415,0
26479,0.2093902097551786,0
28532,0.20938816379787967,0
585,0.20937329159291082,0
2558,0.20935986680235427,0
14707,0.20935836800208044,0
7255,0.20934942206096913,0
24037,0.20934088371812024,0
22215,0.20932833866439096,0
106,0.2093210508547817,0
19432,0.209313826261763,0
28782,0.209289544971828,0
25941,0.20928933293887955,0
26195,0.20928741510587343,0
19681,0.20928155468088022,0
22850,0.20926775573500117,0
19363,0.20925667234398226,0
30043,0.20924171517849607,0
14069,0.20923947396931794,0
1407,0.20923521770067907,0
10431,0.20922190115160574,0
27118,0.2092157555951782,0
29375,0.20921058508180185,0
14287,0.2092074024467185,0
2596,0.20920733931341073,0
4481,0.20918527249420596,0
30351,0.20918412339198716,0
7976,0.2091805249810953,0
30038,0.20914798428435485,0
21152,0.20914098491072938,0
23798,0.20913718714316543,0
16596,0.209124405549401,0
2898,0.20910423363881475,0
27574,0.20910053844399917,0
26070,0.20909004496388012,0
29940,0.20908593450400492,0
5081,0.20907088995910234,0
12669,0.20905789702084313,0
18247,0.2090544591272043,0
23214,0.20905186723499805,0
14210,0.2090491657007901,0
6597,0.2090290198381285,0
24100,0.2090125134568334,0
23476,0.2089906701008175,0
19431,0.20897932368509303,0
10490,0.20896245591827384,0
28494,0.20896102243324477,0
22989,0.208959965612284,0
11949,0.20894756916817755,0
21223,0.20894482111023024,0
5958,0.20893868469284033,0
341,0.20890173011052654,0
862,0.20888320395178195,0
8395,0.20888109082621995,0
17392,0.20887244810859087,0
6484,0.20884521637556472,0
23054,0.2088391305095438,0
4600,0.20883117656571204,0
6716,0.20882652231298665,0
13449,0.20882354183183743,0
18928,0.20880674078789274,0
15066,0.20878505419664414,0
5870,0.20876783697301612,0
10438,0.2087653564180069,0
27189,0.20876228454234788,0
7700,0.20873951479669178,0
19000,0.20870958469253215,0
16838,0.2087057772119179,0
17625,0.20870245401945614,0
374,0.20870209790309793,0
18152,0.2086839016375198,0
27336,0.208679459215757,0
7013,0.20867745293818468,0
7984,0.20867381246599392,0
11483,0.20866866546378726,0
22422,0.20864994861803537,0
7131,0.2086322303521613,0
26981,0.20862252833911302,0
6451,0.2086173225934495,0
1409,0.20861647877799175,0
24478,0.2086161413645155,0
6924,0.20861191969910103,0
1021,0.20859569567888692,0
31135,0.20859552703020284,0
10280,0.2085869304080126,0
16543,0.20858415710237058,0
26092,0.20856550490766881,0
30577,0.20856530376165,0
972,0.20856495348054058,0
15375,0.2085632433350043,0
15203,0.2085480888637254,0
18456,0.20852862992479124,0
22290,0.20852252131465554,0
28115,0.20850519098679637,0
8635,0.20850509491858574,0
6012,0.20848686583318524,0
15186,0.20845631154115182,0
28778,0.20844405504979688,0
30421,0.20843672193577667,0
17095,0.2084299588006446,0
23977,0.2084260278123905,0
14544,0.20841797160687275,0
13869,0.20841224418813006,0
24840,0.20839053907615882,0
2623,0.20838552941231275,0
29463,0.20837897891895793,0
11085,0.20837540687581552,0
19901,0.20836987334778834,0
91,0.20836869599309335,0
18915,0.20832506140379128,0
18809,0.2083193787333345,0
30108,0.20827711606037586,0
7218,0.2082503910030763,0
8668,0.20824416787131964,0
17789,0.20824084170854845,0
6723,0.20823582605070154,0
27383,0.20823020592728586,0
4116,0.20820592915030875,0
8296,0.20820106017699214,0
3084,0.2081836727744695,0
6859,0.20817882552767478,0
12148,0.20817602158776655,0
4364,0.20817349863896872,0
10904,0.20817271739196377,0
1108,0.20816541606527608,0
11707,0.20816218969781466,0
24031,0.20815195644336762,0
31349,0.20814072512849777,0
26400,0.20813503955162382,0
10681,0.20812962673987162,0
29257,0.20811725138092796,0
12565,0.20808954622392503,0
7883,0.20808683155252738,0
2095,0.2080800486683942,0
24734,0.20807923841999482,0
25783,0.20805404842480774,0
1971,0.20805191556444824,0
21458,0.2080500673676186,0
21421,0.2080481634102092,0
22369,0.2080337765835841,0
3030,0.2080198006978556,0
5478,0.20801847181583746,0
11968,0.20801524753593398,0
27166,0.20799768405332295,0
21216,0.20798704266221776,0
19388,0.2079822755766848,0
1988,0.20796774801516402,0
24866,0.20795590621764665,0
2225,0.2079507281946375,0
1626,0.20794892350350802,0
14788,0.20793717980431572,0
20840,0.20793577651800074,0
27751,0.20792989468339157,0
29440,0.20790339089744678,0
3224,0.20790062139544008,0
30814,0.20789016128434545,0
24649,0.2078811864804872,0
2655,0.207877328296714,0
27620,0.20787323234068783,0
27174,0.20787289843313458,0
19552,0.20786978062923958,0
9869,0.20784649227261529,0
14166,0.2078371349171158,0
20309,0.20781253303947078,0
2622,0.20780704596346225,0
24081,0.20780594461531163,0
17431,0.20780281251519017,0
20211,0.20780077718098283,0
25417,0.2078003812642113,0
1394,0.20779889908926016,0
28890,0.20778211978127342,0
21463,0.2077711834274946,0
6516,0.20776567028762025,0
6931,0.2077633390501806,0
6963,0.2077527195687801,0
17484,0.20773673792178082,0
17425,0.2077358875285362,0
29333,0.2077249330342555,0
24855,0.20770647109981305,0
27413,0.20770522624420734,0
17626,0.20770497069762534,0
13428,0.20769698765444314,0
23860,0.20766828048816527,0
28686,0.20762485753643545,0
22260,0.20761629430802317,0
15729,0.20761513721367572,0
25458,0.2076060058030232,0
23614,0.20759553296746414,0
1816,0.20759453996540456,0
10445,0.20758856390379815,0
13626,0.20755515169166813,0
28138,0.20754394909593224,0
29906,0.2075417715832113,0
26279,0.20751612751268056,0
2553,0.20751010352837013,0
20340,0.20750985135452685,0
11178,0.20750705410888248,0
28173,0.20750178199857922,0
30917,0.20749475027885633,0
8149,0.20748659881884282,0
15944,0.20746954746748864,0
11382,0.20746834221131155,0
16343,0.20745571858872525,0
4610,0.2074545387411264,0
11739,0.20745281643436597,0
14417,0.2074502749033362,0
8345,0.20744555153176455,0
17250,0.2074339904107233,0
1588,0.20743146671439613,0
12372,0.20741439779667778,0
28002,0.20740923517890078,0
17270,0.20739883270686527,0
7603,0.20738984807770952,0
22091,0.2073809985059043,0
20042,0.20737590240671191,0
7763,0.20736979065889657,0
9265,0.20736771738441134,0
15303,0.20736485055892218,0
25381,0.20735458401092882,0
8059,0.20734686182983939,0
24735,0.2073464954297188,0
26652,0.20734116362768035,0
24116,0.20733414270528755,0
25794,0.20731584999421543,0
14897,0.20731398496820583,0
13125,0.2073136526679389,0
533,0.20730350746148626,0
27740,0.2072953403492609,0
24830,0.20729249314436304,0
19430,0.20728930008789848,0
3152,0.20728535023011424,0
26410,0.2072843967533953,0
3973,0.20727483839757038,0
15258,0.2072540937457853,0
17640,0.20725374624546597,0
3439,0.2072437278390835,0
13700,0.20722140799230027,0
962,0.20722137602613377,0
26682,0.2072111326420439,0
4126,0.20720715667900472,0
4490,0.20718207426094382,0
6673,0.20718019893003842,0
15722,0.20717812059106863,0
13649,0.20716976567708525,0
30924,0.2071539651115305,0
22338,0.20714298774186898,0
10132,0.2071356566904661,0
27502,0.2071157736885481,0
9091,0.20710687259738284,0
21176,0.20710544755838922,0
21791,0.20710541449763084,0
13899,0.20708310272323957,0
19724,0.20706204226159589,0
4460,0.2070589527113972,0
23074,0.20704693216395728,0
13769,0.20701725954833908,0
3020,0.20701475562775024,0
28271,0.20700757495422895,0
5122,0.20700620306181414,0
13795,0.2070022994527615,0
17226,0.20698720169916407,0
17786,0.2069604207906794,0
18810,0.20694215764558838,0
26310,0.2069304325503297,0
8567,0.20691449252937236,0
27908,0.20691015810933813,0
29472,0.20690979126933898,0
7262,0.2068916711416188,0
18565,0.206890660186156,0
18339,0.20688402215673335,0
23122,0.20687741923271008,0
996,0.20687227112202397,0
18397,0.20687134398248885,0
18262,0.2068640339323097,0
27149,0.2068278972331398,0
31238,0.2068165295728993,0
2415,0.20681183874330475,0
9627,0.2068037384669858,0
2110,0.20679054425733662,0
4443,0.20678885772904557,0
15355,0.20678792921530395,0
1970,0.20677481558388727,0
26225,0.20676558182350402,0
6518,0.20675188887741652,0
26594,0.2067434861661347,0
9704,0.20674331262359646,0
15485,0.20672621638569855,0
10551,0.2067143314177893,0
29166,0.20670727536721387,0
19011,0.20670072304452242,0
22131,0.20666677065301722,0
17455,0.20666443615827948,0
2727,0.20665960276090584,0
17745,0.20663765696041428,0
15541,0.20663192870584207,0
5200,0.20662740837039398,0
12381,0.20662671964781365,0
1869,0.2066255951838759,0
14552,0.20660623633782266,0
13057,0.20660487349106257,0
1426,0.2065792959883461,0
9709,0.2065728551344612,0
7062,0.20656889378168294,0
11473,0.20655934766341746,0
18541,0.2065463896465045,0
16856,0.20654533396369168,0
25839,0.20649290686644275,0
18066,0.20649146122054102,0
10215,0.20648870474210715,0
29925,0.20646849357453523,0
23788,0.20645606101637642,0
29265,0.20644495738226476,0
2849,0.206436141517507,0
2801,0.2064326444319229,0
15512,0.2064286233016364,0
12688,0.20642371451012254,0
6915,0.20641082451564785,0
11102,0.20640182147556643,0
27694,0.2063900034964345,0
17674,0.2063645354644916,0
23141,0.20636445866021425,0
18218,0.20633359009239163,0
25061,0.20632351593833068,0
18443,0.20632275781525222,0
14467,0.2063226623189628,0
4691,0.20632028585119166,0
27286,0.2063040093261739,0
19180,0.2062901763297128,0
15218,0.2062608881077123,0
7875,0.2062598840463719,0
736,0.2062556118644224,0
14195,0.20625466241902288,0
15549,0.20625174116699,0
16393,0.20625066788260796,0
28003,0.20624522688998656,0
21553,0.2062434553293527,0
22361,0.2062314059885386,0
2259,0.20622454449801012,0
3197,0.20622374239416957,0
11656,0.20621255252368065,0
9706,0.2062090408033563,0
8617,0.2062068602339167,0
17950,0.2062018485561878,0
11081,0.20619286868593448,0
18943,0.20618499843701335,0
22675,0.2061731226846261,0
4442,0.20616653346585165,0
5612,0.20615849287011198,0
22493,0.2061572840723917,0
24411,0.20614581481235383,0
17269,0.20611750410268254,0
28611,0.20611502815892094,0
19447,0.20611030549240808,0
12463,0.20610985912379384,0
22742,0.20609131837531605,0
16099,0.20608526049504816,0
20774,0.2060844601690302,0
4573,0.2060843127612934,0
26882,0.2060796720275615,0
15368,0.2060753446201636,0
26938,0.20606536308547496,0
25664,0.20604928849288537,0
27724,0.2060272299063677,0
15523,0.20602588549595358,0
536,0.20602040674219327,0
9194,0.20600508717866806,0
8991,0.20600082985860255,0
17988,0.20600075024915354,0
21903,0.2059915027034506,0
4766,0.20598620746557447,0
20793,0.2059804468506573,0
1463,0.20597815953702195,0
19995,0.20597620960654728,0
26573,0.20594648481398747,0
27146,0.20594517530436068,0
29843,0.20593354720744778,0
17570,0.20591594249778972,0
22447,0.20590742773842408,0
29311,0.20590723307865758,0
25586,0.2058948446152909,0
5550,0.20588209070564276,0
8737,0.20587394834757536,0
17583,0.20586561111236734,0
4296,0.20584373499623698,0
12925,0.20584057974246167,0
12205,0.2058367642003795,0
19513,0.20583510281527548,0
5034,0.20582249958703147,0
13758,0.2058045929446655,0
180,0.20579815532789308,0
6567,0.20577512945131501,0
12556,0.20576732105635198,0
16167,0.2057477261880464,0
18987,0.20573297492879877,0
16401,0.20571796533052222,0
3700,0.2056831346684772,0
28290,0.2056820699503275,0
2804,0.20568035726544598,0
6682,0.2056803253447337,0
29634,0.20567886917399503,0
26315,0.20566483336949393,0
914,0.20566383211772,0
5578,0.2056464856384502,0
2226,0.20564143286469302,0
24651,0.20563051856522332,0
18587,0.20562987659147375,0
27725,0.20562242632804653,0
10432,0.20561529664507694,0
28480,0.20561447209843645,0
22881,0.20561302428006095,0
16063,0.2056008277544723,0
17244,0.20559354246968423,0
4220,0.20557845124557075,0
24257,0.20556725192429187,0
4465,0.20556400959667545,0
30095,0.20555791550880528,0
10153,0.20554734176467157,0
11449,0.20554060304739533,0
30590,0.2055389969727416,0
19083,0.20552739159443242,0
8833,0.20551695912314827,0
1621,0.20550487981667126,0
30618,0.20550008162285793,0
23001,0.20549620517740316,0
13455,0.20548198936986242,0
20065,0.20547954091151235,0
22519,0.20545787908009736,0
24312,0.20544890125843895,0
20953,0.205447451837021,0
16618,0.20544273680261235,0
19039,0.20543602825065213,0
20976,0.20543348043613477,0
3878,0.20541913774982595,0
3911,0.20541855710805534,0
11409,0.2054101741959143,0
23837,0.20540995166167977,0
7385,0.2053970833134051,0
11956,0.2053945743023576,0
18100,0.20539450143945387,0
8420,0.20537896190003305,0
2495,0.20537388750370258,0
21638,0.20536954235875599,0
9798,0.20536626148294496,0
30572,0.20536402976353718,0
10656,0.20535973448238148,0
4044,0.20535387492066406,0
8056,0.20531518437832452,0
291,0.205309266887246,0
22092,0.20530465973174794,0
9478,0.2053038605054785,0
9451,0.20530164724546096,0
29657,0.20529113103070987,0
28807,0.20527575297366588,0
5173,0.20527392417042642,0
27311,0.20526746416242583,0
20917,0.20526469090802757,0
26141,0.20524887568169486,0
5588,0.20523737008327383,0
25552,0.20522609648516624,0
30118,0.20521796754967073,0
20093,0.205216791278086,0
22853,0.20519052739612498,0
10258,0.20518600275568588,0
80,0.2051748093320739,0
30696,0.20516311626858372,0
31072,0.2051614945487135,0
8633,0.2051534722327701,0
18306,0.2051521560725219,0
691,0.20514772571559636,0
4515,0.20512164196809823,0
26292,0.20511600041983574,0
12840,0.20509075413659208,0
844,0.2050833580253719,0
14487,0.20506786469959717,0
9707,0.2050576994826225,0
18425,0.20504183868036766,0
30886,0.2050378143353332,0
8274,0.20503408743842613,0
1842,0.20501951197703205,0
30227,0.20501101537965713,0
14345,0.20500888076808682,0
30763,0.20499936935104693,0
3076,0.204987050076406,0
21707,0.20498376026303014,0
875,0.20497528024778558,0
11974,0.20497112035202003,0
20918,0.20497087000717562,0
17056,0.20496954584285515,0
17105,0.20496706154350966,0
31342,0.2049629409003656,0
20538,0.20496267095954596,0
8765,0.2049533541208385,0
6864,0.2049454868889307,0
9285,0.2049424958697867,0
19192,0.20492688327909125,0
10337,0.20492118844033066,0
837,0.20492059098826287,0
22534,0.20491250578862139,0
23435,0.20490415242043789,0
7744,0.20490295545592613,0
3620,0.2048848018168665,0
2732,0.20488423438693304,0
241,0.2048764701152743,0
14115,0.20487429089773868,0
15242,0.2048346751784516,0
9890,0.20483217288877026,0
23618,0.2048147385688938,0
20461,0.2047639578156034,0
3644,0.2047557307280524,0
3821,0.20475496589160055,0
20104,0.20474503030027746,0
189,0.2047342578588954,0
30406,0.20470824252051112,0
16092,0.20469618938878698,0
8109,0.20467878913513995,0
4518,0.20467314050128305,0
21660,0.20465897129945135,0
27014,0.20465254219172022,0
24019,0.20464803240175422,0
5817,0.20464340858395041,0
16697,0.20463451105905012,0
25500,0.2046122398246258,0
15772,0.20460579094269682,0
24485,0.20460356180481107,0
25594,0.20459537840573735,0
11190,0.2045878259282511,0
6637,0.2045680778317838,0
28960,0.20454435505820637,0
9525,0.2045368462352615,0
29468,0.20452315581098549,0
2161,0.20450775558803383,0
26351,0.20446544232431307,0
29745,0.20445312889573805,0
5019,0.204452987155206,0
29252,0.20442216557433068,0
15735,0.20441294930621465,0
20335,0.20441291967174163,0
5415,0.2044117314193667,0
19093,0.20440362963498868,0
2031,0.20439068638218985,0
14062,0.2043899033202691,0
5542,0.20438356281617825,0
14702,0.20437397614086256,0
6948,0.2043721945120916,0
14851,0.2043655908783051,0
31169,0.2043653226438267,0
11795,0.204359100644172,0
22481,0.204352501246467,0
24156,0.20435154349293214,0
7454,0.20434032663311105,0
1524,0.20432868194962722,0
26236,0.2043183757704699,0
7220,0.20431371759585812,0
16205,0.20431246890104315,0
6434,0.20429569305310022,0
1667,0.2042892108009643,0
27,0.2042860117393634,0
10507,0.2042699041169419,0
3317,0.20426196370988745,0
23996,0.20425830996045238,0
22557,0.20425446004342426,0
10905,0.20425290677312125,0
3750,0.20424496810417414,0
30082,0.20424104583864916,0
19060,0.20423266693599207,0
12734,0.20422768576139697,0
15412,0.2042252465525872,0
20621,0.2042164889840696,0
9605,0.20420882475913174,0
23137,0.2042053906301499,0
17571,0.20420520033048192,0
13137,0.20419589895324844,0
16130,0.20419307438565076,0
30377,0.2041759646872961,0
21557,0.2041679560183289,0
20806,0.2041643098592501,0
2123,0.20415096806666863,0
8624,0.20414382931116826,0
29603,0.20414309069786218,0
18527,0.2041405293145309,0
961,0.20414037675788996,0
21020,0.20413980742571294,0
7369,0.2041292836254242,0
14483,0.20412506959280952,0
5310,0.20412116705321487,0
24962,0.204117634309526,0
13785,0.2041136354610125,0
3116,0.2041129364877208,0
27496,0.2041048471991298,0
29958,0.2040993713960139,0
23540,0.20407848095487238,0
24545,0.2040686504751828,0
5721,0.20406261475668963,0
13123,0.2040619449148168,0
23434,0.2040565605568088,0
18272,0.20404548053295063,0
12418,0.2040437344239283,0
23467,0.20403753134811636,0
9462,0.2040373917885297,0
112,0.20403687608728174,0
22496,0.20403545507458395,0
10004,0.20401816762173802,0
16403,0.2040147334164075,0
29681,0.20400353543535274,0
28949,0.2039986113914787,0
11296,0.20398795212258933,0
941,0.20398602207254693,0
14315,0.2039758536147148,0
15516,0.20397410716363448,0
30505,0.20396822463571593,0
14574,0.20391341922613015,0
29695,0.20391315777916433,0
6497,0.2039061552385501,0
7348,0.20390304892516808,0
14273,0.20388609881489864,0
27016,0.20388589019457096,0
5642,0.20388455704086314,0
13333,0.2038819141391694,0
30165,0.20387083760057206,0
5111,0.20384167785411084,0
21265,0.2038376895136729,0
13830,0.2037900915737045,0
9943,0.20378905246974027,0
14373,0.20376519245342334,0
21372,0.20376324299559806,0
895,0.20375760082475708,0
16487,0.20375423924470218,0
2428,0.2037465248974706,0
12356,0.20374241864764667,0
19152,0.20373028204369203,0
15899,0.20371488009874472,0
6731,0.20370845702437276,0
24706,0.20370392137646276,0
25386,0.20369300000803325,0
19871,0.20368825106180605,0
2235,0.20365499655046335,0
17971,0.203643343175,0
25906,0.2036341216380854,0
2693,0.20363217176502743,0
30934,0.2036155269790316,0
22644,0.2036055253911801,0
2138,0.2035973961508634,0
29590,0.2035907744853834,0
24975,0.2035871443352037,0
134,0.20357875591593927,0
22655,0.20355982608887327,0
1424,0.20354769847741333,0
9803,0.2035463909145883,0
7983,0.2035418772171015,0
11084,0.20354121355179774,0
28797,0.20353952449304502,0
16350,0.20353891983776434,0
24243,0.20353854371162478,0
31092,0.20352954040932908,0
17609,0.20352364896449224,0
25275,0.20351844347246345,0
23153,0.20350939808369733,0
11637,0.20350112413283486,0
23378,0.20349932076790034,0
28387,0.20348430545776836,0
20546,0.20347098726042287,0
17593,0.20346358855222632,0
21084,0.20345863133500575,0
13792,0.203433873728208,0
23619,0.2034306058058123,0
7022,0.2034245877959104,0
23370,0.2034066784477438,0
22785,0.2033961893566181,0
16419,0.20338753147841093,0
30701,0.2033869204323068,0
14382,0.20338467056791043,0
21667,0.20338265902840802,0
27695,0.20337395841568778,0
23363,0.20336553200504684,0
19400,0.2033625865297614,0
3459,0.20335872859017393,0
31207,0.2033391269629163,0
23588,0.20332693815875633,0
5499,0.20329508543650066,0
24041,0.20328610128543723,0
27797,0.20326238891585308,0
16291,0.20324887466485975,0
17724,0.20324482922683612,0
10553,0.20321860246039541,0
30413,0.20319179166106996,0
7323,0.20319095111458324,0
8797,0.20318879467644257,0
29543,0.2031873152464031,0
16807,0.2031835077484848,0
28742,0.20317447790645193,0
29792,0.20315815834437656,0
18033,0.20315286413896286,0
13203,0.20314973062934122,0
632,0.2031362132313671,0
10938,0.20312736689678762,0
5564,0.20312363138349077,0
9203,0.2031177261217511,0
2579,0.2031161291934594,0
29278,0.2031148804418622,0
13653,0.20311217297484763,0
2755,0.20308310303221147,0
21175,0.2030806138846477,0
8246,0.20307606601670003,0
23928,0.20307382892886444,0
11611,0.20305628490170424,0
15314,0.20305009775749305,0
21412,0.2030406185772569,0
1929,0.2030307080314911,0
22378,0.20301951895467524,0
25192,0.20301108187283615,0
30717,0.2029975339507816,0
17402,0.2029971140015158,0
25988,0.20299343434651765,0
1276,0.20298924340694632,0
20207,0.2029652044583494,0
25043,0.20295975694377333,0
9196,0.20295506759190116,0
10952,0.2029503742860459,0
20687,0.2029467706717834,0
30123,0.20292213811879198,0
24609,0.2029124991137808,0
24361,0.20290392632453105,0
25314,0.20289481064524043,0
19478,0.2028854457077583,0
13737,0.2028787625391417,0
4686,0.20287146959763402,0
13705,0.20286685014018338,0
8644,0.20286500794282208,0
15009,0.20284082477117157,0
15117,0.20283879858288395,0
30180,0.20282883694273884,0
16236,0.20282142572715142,0
26274,0.20281742977475317,0
25993,0.20281708522432623,0
19150,0.2028168410597505,0
24659,0.20280586823866437,0
27834,0.20277933175370857,0
27907,0.20277273575138796,0
15743,0.2027669398390373,0
1455,0.20276487016873893,0
1428,0.20276242881504458,0
4333,0.20275548063080084,0
10023,0.2027394498362718,0
22528,0.20273719171787427,0
24820,0.20273534611194977,0
7372,0.20273491614220326,0
58,0.20272157346001346,0
176,0.20271921511560556,0
12855,0.20271195932340333,0
8390,0.2027032998998915,0
22278,0.20269834955096525,0
5497,0.20269171780245718,0
1849,0.20268290440028022,0
23727,0.20267910910867518,0
3035,0.20267165790393815,0
840,0.20265027448973402,0
21535,0.20265023970374313,0
22257,0.20260133664541757,0
20375,0.20259179097481972,0
20755,0.20254921736735604,0
29541,0.202538452569156,0
5655,0.20253497247564423,0
8243,0.20252985744881194,0
14584,0.20251163228087457,0
17552,0.202483533533955,0
15212,0.2024802983643486,0
28912,0.20246921305820076,0
28101,0.2024538352903492,0
9541,0.2024504691810892,0
8021,0.20243369773096043,0
12448,0.20242799869912578,0
13347,0.20242558429155502,0
656,0.20240235985496785,0
19057,0.2023979943797554,0
19272,0.2023866396815363,0
13052,0.20238329529316798,0
4697,0.20237698367497653,0
27065,0.2023668924374873,0
11476,0.20236088147630585,0
1961,0.20234060657202932,0
19948,0.20233918346624732,0
2967,0.20233288657582688,0
26553,0.2023289582220065,0
18420,0.20232297411486194,0
17248,0.20231807190660994,0
7224,0.20231701165216104,0
1150,0.2023086788551731,0
608,0.202308212047835,0
12654,0.2022897569292255,0
5098,0.2022603965479059,0
20813,0.2022352355805652,0
8555,0.20223519727040595,0
2908,0.20220191016916414,0
2417,0.20219050663871432,0
30063,0.20217405227906482,0
31198,0.2021722435320848,0
19397,0.20216909706133795,0
6172,0.20216452893802747,0
3456,0.20215185689227566,0
29296,0.2021314430314044,0
18484,0.2021226409118402,0
8145,0.20211991049176498,0
6773,0.20211097929863722,0
28815,0.20209139159190628,0
2965,0.20207978307387203,0
10223,0.20207283556771613,0
31320,0.20206941521740768,0
10914,0.20206935024149278,0
27976,0.20206549868663565,0
10462,0.20205222756707955,0
28459,0.20204658183228627,0
8880,0.20203905973221659,0
13272,0.20203789976375114,0
29967,0.20201226016623808,0
24598,0.20200332809020968,0
10778,0.20200107606278345,0
21292,0.20198624644533897,0
22201,0.20198442978943448,0
17049,0.20198166184679558,0
18518,0.20197823448223773,0
30122,0.20197265356499872,0
5934,0.20194830649701245,0
18677,0.20194503525166194,0
28858,0.20194092196346594,0
10415,0.2019360158479043,0
1216,0.20192720499443503,0
17167,0.20190961817328382,0
20568,0.2019043845323604,0
6796,0.20189996457809534,0
19964,0.20189217732767772,0
8821,0.20188187320065037,0
10442,0.20187177053601194,0
1285,0.20186350412857335,0
21673,0.20186004441904332,0
18823,0.20184954304004912,0
18601,0.20184419480035165,0
29658,0.20183582698099273,0
24708,0.20182239399841082,0
21186,0.20181758645072986,0
15995,0.2018094492781091,0
8855,0.20180438340556076,0
23071,0.20179532130338285,0
24268,0.20177612144103396,0
16970,0.20176859432246363,0
23892,0.20176575643224218,0
9992,0.20176525404751242,0
5854,0.20176459456722776,0
22406,0.20175580677698984,0
11710,0.2017484772700009,0
9311,0.20174151660841516,0
10801,0.20172921630409926,0
20473,0.2017222381764702,0
24369,0.20171148235044611,0
15897,0.20170405394404223,0
21718,0.2016913888258692,0
3974,0.20166231273989899,0
7619,0.20166147997130895,0
18679,0.20165563614637697,0
4144,0.2016508809416319,0
6925,0.20163535316965991,0
1390,0.20162402064099932,0
17753,0.2016216219199048,0
25634,0.20160067772449686,0
17715,0.2015529572855362,0
29712,0.20154734493535187,0
19586,0.2015456967482103,0
6683,0.20153260786894195,0
15970,0.20152974198651738,0
9183,0.20152562383221362,0
24555,0.2015221403058667,0
14508,0.2015112546044183,0
20391,0.20150495054854897,0
19359,0.2015000534785522,0
27246,0.20149251697009607,0
6596,0.20145556585087843,0
4287,0.20143760738046354,0
30881,0.20143054574197514,0
29046,0.2014265933657888,0
25921,0.2014199537941092,0
18082,0.20141337415929583,0
18698,0.20138399600196588,0
28888,0.2013829123161306,0
22154,0.20137496619698894,0
3400,0.20136819999481395,0
15006,0.20135993124883864,0
8484,0.20135336745095272,0
15960,0.20132444001835226,0
20191,0.2013117598054721,0
4400,0.20129487185785297,0
20180,0.20128869515719366,0
5170,0.20125917273012933,0
20827,0.20125728922585726,0
13041,0.2012570093883379,0
18970,0.20125495695330742,0
25607,0.20125435412039036,0
17075,0.2012528916070585,0
17059,0.20120171857083158,0
15794,0.201200418226434,0
18806,0.20119923074784554,0
28,0.20119661654574636,0
25561,0.20118676885709078,0
20943,0.20118160972578011,0
25985,0.20118152715755053,0
24460,0.20118146068654613,0
4415,0.20114821533955343,0
23287,0.20113051165983872,0
13498,0.2011121629593253,0
20164,0.20109015434696229,0
11793,0.20107913209733033,0
1976,0.2010668538328846,0
8070,0.20105590274086985,0
3065,0.20104783487463979,0
17711,0.20104597475786112,0
19206,0.20103365850323482,0
13380,0.20103236942097333,0
18582,0.20103170841308962,0
30942,0.20102822883384633,0
19214,0.20100164189530798,0
27555,0.20098582983467303,0
5526,0.20098524607541748,0
9903,0.2009841803936985,0
30716,0.20098099870064698,0
30391,0.20097616708958493,0
6956,0.20097429014069035,0
13853,0.20095997542391322,0
29604,0.20095570659085824,0
6953,0.20095129239615056,0
24093,0.20094501480787888,0
3422,0.2009427153737754,0
15111,0.200923377337462,0
30583,0.2009068725319798,0
17130,0.20090271430398934,0
12955,0.20088051989097644,0
751,0.2008740239295087,0
5848,0.2008726579644318,0
7181,0.20086985047811667,0
549,0.20084033569274135,0
18465,0.20081988746511162,0
19170,0.2008140389074606,0
4630,0.2008042529548529,0
6170,0.20080283670935212,0
11976,0.20079187631392542,0
15172,0.20078811317234485,0
8332,0.2007819226845399,0
19326,0.20077149918071427,0
11306,0.2007701373746652,0
30257,0.20076832272902526,0
25012,0.2007353510175772,0
695,0.20073049557673617,0
25565,0.2007249214657286,0
30587,0.2007232974771966,0
10037,0.20069731037873337,0
12268,0.20069386757195656,0
3124,0.20068641701175544,0
17694,0.20067906611746558,0
3852,0.20067324158515273,0
20794,0.20066605584266578,0
8492,0.20064887397475042,0
31078,0.20063313916188036,0
599,0.20063105324054906,0
16756,0.20062866426630033,0
13353,0.20062671746317848,0
22176,0.20061217654450914,0
21328,0.20061135948797415,0
22440,0.20061010112915034,0
27475,0.20060969314881383,0
11259,0.20060609517591194,0
6321,0.20060187562381546,0
9365,0.20060136870222195,0
16103,0.20059999867496214,0
22303,0.2005992393992042,0
28420,0.20059656685118646,0
9422,0.2005914794997499,0
23898,0.20058510066151505,0
21124,0.20058001955781815,0
5467,0.20057199826564023,0
29314,0.20055974867469384,0
14901,0.20054480030815142,0
17057,0.20053444273936288,0
16409,0.20052315282763822,0
18840,0.2005215583535123,0
28666,0.20051373029220543,0
14691,0.20051180798463286,0
5424,0.2005116705047981,0
13669,0.20051053293129578,0
4275,0.20049583952757424,0
24122,0.20049509235174348,0
3198,0.20049112463612417,0
16118,0.20048636000209988,0
8525,0.20048455458052442,0
28162,0.20047685184342023,0
23555,0.20047125289316317,0
24668,0.2004566120398841,0
4027,0.20045490713711547,0
23193,0.2004388299249134,0
11660,0.20043766400216811,0
402,0.20043585881315185,0
9812,0.20043185153037388,0
29878,0.20042966561200776,0
18187,0.20042862024588484,0
5253,0.20040461061533155,0
7080,0.20040232879744252,0
2526,0.20039166638953212,0
26905,0.20039161035253994,0
30594,0.20038551985279157,0
2317,0.20037872960151654,0
11922,0.20037563428578106,0
19720,0.2003710697365915,0
7833,0.2003387289100708,0
19332,0.200322463437011,0
7345,0.2003191662785149,0
22076,0.20031408573110152,0
27750,0.20030979211434544,0
21680,0.2002971408244244,0
20056,0.20029005057611823,0
1910,0.20028259750893182,0
4483,0.2002790142490507,0
16199,0.20027564633712314,0
20775,0.20026908502265894,0
15189,0.200266133213335,0
11991,0.20025883217807577,0
9524,0.20025556266256697,0
22973,0.20024692496893137,0
19392,0.2002418301822853,0
23833,0.20020380510247718,0
1238,0.2001743949460941,0
17696,0.2001726731301813,0
27899,0.20016903969150643,0
23801,0.20015649513145417,0
13605,0.20014537611458874,0
30236,0.2001295009630042,0
13868,0.20012520114412474,0
22634,0.2001027856866568,0
28012,0.20008904219443813,0
21650,0.2000845125208486,0
7334,0.2000844880201826,0
7841,0.20008318480151657,0
22568,0.20007163416117074,0
10239,0.2000520347159468,0
29762,0.20004030480204155,0
12282,0.20001312105207122,0
3686,0.20000817243229044,0
5654,0.2000069064751077,0
1331,0.1999789029048394,0
26276,0.19997172531658813,0
4300,0.19996951833963517,0
8240,0.19994989209246536,0
25903,0.19994418592790475,0
17650,0.19993288211829513,0
26626,0.1999120530612929,0
5732,0.19989421965715426,0
25399,0.19987678121082325,0
6375,0.1998759320495265,0
18059,0.19987318112550795,0
25127,0.19987250270371645,0
4025,0.19987242291909119,0
8548,0.19986669368498472,0
20765,0.19984964530477964,0
6445,0.19984486468855447,0
16369,0.19984052633971625,0
18350,0.19983151663611123,0
15467,0.19981577524921282,0
15329,0.19980954752506072,0
10593,0.19980610941326976,0
11324,0.19978053467373103,0
20477,0.1997648662628964,0
18675,0.1997594489376637,0
31350,0.19975441098286079,0
22448,0.1997398157917911,0
19428,0.1997348794591448,0
25448,0.19970969881321118,0
24826,0.1997078164041689,0
30318,0.19969407374127568,0
20331,0.1996774021664068,0
7463,0.19967105511478495,0
18109,0.19966669865280742,0
749,0.19966380039394369,0
3379,0.19965241600050265,0
17756,0.19965088694048216,0
9567,0.19964246699972438,0
31317,0.19963837050093092,0
12726,0.1996345573950534,0
30654,0.19962667498799408,0
12585,0.19962321582939724,0
19047,0.1996211000043183,0
75,0.19961477852320686,0
2638,0.1996045751628472,0
16448,0.1996037123602196,0
6009,0.1995988595780388,0
20878,0.1995968175295725,0
643,0.19959585508356803,0
13179,0.19959485405740784,0
21787,0.19958280527931,0
18674,0.199563565870212,0
25751,0.19954944583218548,0
6871,0.1995369675091033,0
21890,0.19951854470264305,0
1790,0.19951410456530982,0
10443,0.19951143630643844,0
30428,0.19950717813424979,0
24444,0.19948379267225858,0
21608,0.1994837291154229,0
4795,0.19947964241505328,0
9907,0.19947796275655663,0
20886,0.19947132650622337,0
29677,0.19946435415496486,0
15143,0.1994496121911009,0
21902,0.19942158066236373,0
6282,0.19940921374959444,0
27038,0.19938825689373896,0
11509,0.19937699520067312,0
18839,0.19936978595938487,0
21868,0.19936978126077437,0
3167,0.19935933042946757,0
11094,0.19935516774287076,0
21486,0.199308631314619,0
1267,0.19929881666982027,0
746,0.19928399528482102,0
18239,0.1992813378890717,0
18882,0.19927604699256066,0
28282,0.19925242707090798,0
13458,0.19925134337325529,0
11405,0.19925016988909014,0
26429,0.19924155332574706,0
19124,0.1992384255616941,0
6256,0.19922405125419257,0
29810,0.1992199681474916,0
13375,0.1992148539870659,0
11784,0.1992074596553828,0
19043,0.19920466393583308,0
18890,0.19919283317155634,0
22929,0.19919182208735478,0
13029,0.19918884509043427,0
2346,0.1991788728994019,0
26084,0.19914947328814514,0
30272,0.1991257892770251,0
13907,0.19911972873276246,0
27636,0.19910702745646738,0
13457,0.19910644122603177,0
7570,0.1990554030910299,0
30754,0.19902023634299124,0
17146,0.19901216330914237,0
4798,0.1989792200820214,0
21346,0.19897689106053312,0
10192,0.19896233805090444,0
16776,0.19895580680131794,0
7146,0.1989511895517663,0
27190,0.19893985956518942,0
7916,0.19893650157982523,0
11766,0.19893290643982361,0
5567,0.19893160035470475,0
4357,0.19891631823280875,0
14159,0.1988993275115073,0
12128,0.19888542481313456,0
13354,0.19888460112793147,0
14353,0.19888158551641724,0
25567,0.1988581735426977,0
29340,0.19885231464592,0
2962,0.19885228425002763,0
29398,0.19885166131089807,0
26985,0.19884748486458953,0
22587,0.1988448813428924,0
28352,0.19884051858863785,0
12811,0.1988219003516276,0
28750,0.1988213635041141,0
4428,0.1988065252173531,0
8019,0.19878551714441983,0
5791,0.19877831700154153,0
28377,0.1987658457829008,0
4510,0.19876246505189793,0
16958,0.19876056001308992,0
21224,0.19875623832492897,0
4217,0.19873801686550105,0
15630,0.1987379493673402,0
23455,0.19873712418007614,0
7213,0.19870509255536953,0
4806,0.19865659727582252,0
17844,0.19864972888594942,0
5531,0.19864575281120017,0
8494,0.19864077768941105,0
16184,0.19863841859659404,0
29527,0.19863725381174194,0
12725,0.19863168815939466,0
13419,0.19861867315408677,0
3559,0.19860899167117005,0
22893,0.1985846277584756,0
14094,0.19857752728756964,0
14463,0.19855770508783802,0
22797,0.19855649264088307,0
3142,0.19855359558021235,0
15526,0.19855223808744937,0
14088,0.19854663943489215,0
30078,0.1985140694375028,0
4281,0.19850970211980257,0
29194,0.19850800364569923,0
9155,0.19848487230316386,0
16653,0.19847821079919517,0
4771,0.19847398216513606,0
20130,0.19846984898476044,0
15656,0.19846530386149713,0
27981,0.19846504078776817,0
18146,0.1984569400711765,0
20090,0.198444013597924,0
26791,0.19843665472676952,0
12589,0.19842050081066884,0
21682,0.19842007186589697,0
17183,0.19841965455300634,0
21005,0.19840645515755054,0
6855,0.19837282675107598,0
24599,0.19836793876459435,0
30483,0.1983486595742914,0
8642,0.1983252355255917,0
11915,0.19831593247133775,0
20613,0.19830956750917061,0
28496,0.19828750754900654,0
4189,0.19827017800542454,0
13067,0.1982606938989379,0
26358,0.19825050359302376,0
10374,0.19823079504731247,0
25245,0.1982274085312638,0
25236,0.19822584762613743,0
27644,0.19822523491931882,0
24432,0.19817054569441123,0
3445,0.1981662942361503,0
10330,0.19815063769652175,0
1548,0.19814529370257097,0
22224,0.1981309418809324,0
6778,0.19813078406560902,0
4624,0.1980883461049811,0
5537,0.1980855352806423,0
30241,0.19807862220356207,0
17319,0.1980663163427452,0
28735,0.19805989991900858,0
28316,0.19805906618644642,0
27989,0.19805386827438215,0
28829,0.19804563513245607,0
23935,0.19804039725167974,0
4440,0.19802452104798746,0
20651,0.19801548284158127,0
11418,0.1980083974775836,0
15250,0.19799167713135593,0
22376,0.1979467428343145,0
20590,0.19793190562599097,0
28166,0.19792893787855723,0
14172,0.19792117176505464,0
5085,0.19790922130972546,0
24938,0.19790830597837505,0
13593,0.19788167281723532,0
7987,0.1978670735435065,0
16986,0.197834058907036,0
10948,0.19783026524634825,0
29764,0.19782414699193232,0
28637,0.19781917317675896,0
2085,0.19781272652141987,0
17943,0.197793069011026,0
7466,0.1977878002061418,0
12495,0.1977812725582256,0
2401,0.19776521801992086,0
24766,0.19772634948808596,0
17472,0.19772494910528032,0
19279,0.1977246767843497,0
27273,0.1977157306563946,0
6878,0.19770963483381915,0
12715,0.19770357458075621,0
8883,0.19770265973105272,0
8551,0.19769563092731757,0
9796,0.19768244059809784,0
17961,0.19766213288104528,0
3591,0.1976354850885022,0
2449,0.1975697569593876,0
19122,0.19755772594211166,0
15495,0.19753904872066957,0
28267,0.1975359225024545,0
5233,0.19753583158685686,0
23028,0.19753060037293502,0
27866,0.19752403448782424,0
9000,0.19752015094675213,0
11910,0.1975196461533645,0
14893,0.19750704152262707,0
15793,0.1974869372982753,0
25099,0.1974690872735111,0
26951,0.19746382356566394,0
24162,0.19744746844941538,0
19257,0.19744692132266636,0
11111,0.19742550786112306,0
20689,0.19740404559166824,0
18206,0.19737572538818438,0
21447,0.19737302706065243,0
30312,0.19735587176699884,0
21284,0.19734941972151582,0
6681,0.19733637780638688,0
12617,0.19733126511355573,0
26939,0.19730462343784677,0
25051,0.1973022354708956,0
14149,0.19728686939769136,0
28596,0.19728477910403935,0
17732,0.19728382196519884,0
9167,0.1972836114502379,0
27036,0.19727907060355296,0
5790,0.19727891182318705,0
12040,0.19727195607850714,0
8538,0.19726188009031131,0
30926,0.19724331032651998,0
23638,0.19722866982840728,0
24146,0.19719892722591656,0
12484,0.1971985586478562,0
2046,0.19719680524263816,0
11558,0.19718631695517355,0
1636,0.19715565296194387,0
14388,0.19715494910163248,0
28263,0.19714419982647746,0
7167,0.19711832280356917,0
3010,0.1971165862362748,0
21102,0.19710817549292195,0
29650,0.19710481974640434,0
6086,0.1971003403842669,0
4153,0.19709324410497675,0
18154,0.19708759554230204,0
13641,0.1970682317176378,0
12519,0.1970607484738403,0
20507,0.19705526816665808,0
90,0.19705122949267864,0
4484,0.19704513769023088,0
27204,0.1970448972175908,0
15013,0.1970413821996956,0
10685,0.19702909252946685,0
15888,0.19701082015827684,0
18161,0.19700886448644878,0
18064,0.1969972248052935,0
10347,0.19698931619615592,0
17314,0.19697998361417027,0
12668,0.196971569320767,0
5063,0.19696915744942448,0
18681,0.19694450498369398,0
6813,0.19693858513074855,0
12290,0.19692176907877879,0
13247,0.19690660135431107,0
29106,0.19689069331709516,0
4910,0.19688922660865082,0
25597,0.19688490377352907,0
6215,0.19685203618941316,0
11105,0.1968423771287651,0
17363,0.19683205859088393,0
11953,0.1968174362130065,0
15393,0.19681718739286466,0
27788,0.19679569498710334,0
27682,0.19679078563044153,0
6909,0.19678069853437322,0
17233,0.19677825795030857,0
3897,0.1967780527300882,0
28364,0.19677360866567356,0
16096,0.19676208821455013,0
31060,0.19676094659289034,0
27219,0.196756596185688,0
19875,0.19672292258644375,0
27816,0.19666891955047328,0
802,0.19665997825781503,0
12511,0.19665855889627096,0
23517,0.19665623301570354,0
18656,0.19665200367283922,0
1925,0.1966481520850847,0
25456,0.1966357368876176,0
16170,0.1966326596103655,0
30588,0.19661554597267228,0
16617,0.19660990133700623,0
18093,0.196609003565373,0
22292,0.1965847722372704,0
26199,0.1965599418721425,0
7707,0.19655377495729984,0
8680,0.1965504532411992,0
1555,0.19654820637823378,0
23581,0.1965352149968777,0
1101,0.1965306842433575,0
24286,0.19650915328025018,0
31014,0.1964929077817458,0
24862,0.19648717532065046,0
8120,0.19648627073287725,0
415,0.19646009454460714,0
10842,0.19644088482781338,0
29514,0.19643995325418842,0
13652,0.19643669066650873,0
27092,0.19643224143131782,0
12926,0.19643025161478506,0
14190,0.19641022173647513,0
30253,0.1964048027569285,0
21047,0.19639572497506885,0
18351,0.19639483476743383,0
7807,0.19638821805466924,0
13334,0.19637078578904293,0
23143,0.19636728173079948,0
5319,0.19636719160242996,0
17294,0.1963577577397527,0
17580,0.19634547326788346,0
30044,0.1963454592892317,0
31167,0.19634486847872457,0
28232,0.1963311783578758,0
24879,0.19630768370520552,0
23311,0.1963064333850858,0
18720,0.19630610690913916,0
23552,0.1962990708788053,0
24196,0.19629732174104042,0
27214,0.1962926180857388,0
4812,0.19628875385599315,0
11233,0.19627674369823495,0
27382,0.19627415021296812,0
20742,0.19626522392723178,0
17858,0.1962357673305723,0
27186,0.19623044541555199,0
5755,0.19622448236248324,0
10500,0.19619706412068982,0
18522,0.19618779073804535,0
5916,0.196186920660404,0
30005,0.19618381048461855,0
13155,0.19618040038889473,0
14204,0.19617010911373345,0
20722,0.1961691012371594,0
19474,0.19616476804404687,0
23032,0.1961546531800083,0
16156,0.1961544586030139,0
3293,0.19613525077321406,0
10539,0.19612403893625735,0
21932,0.19611194104649665,0
11450,0.19609913159630613,0
11169,0.19608347000289178,0
1258,0.1960739850927305,0
5241,0.19606529345538223,0
24905,0.1960623972099925,0
7618,0.19605451348191202,0
29185,0.19604228656778835,0
30347,0.19603062293380127,0
31034,0.19602476751962716,0
16115,0.19602389424497935,0
4349,0.19602131740662496,0
23417,0.19601447857832055,0
21900,0.1959959541123634,0
7332,0.19598887756382244,0
12233,0.19594735697589327,0
15558,0.1959392862231596,0
1587,0.19593211199767732,0
27800,0.19592789308830824,0
11421,0.19591100344500134,0
25888,0.19590779679899753,0
4172,0.19590727330062646,0
6737,0.19589080499375822,0
29126,0.19588586896056903,0
27209,0.19587891836188703,0
27349,0.1958740306911473,0
27145,0.19586974825641124,0
29700,0.19586247692117784,0
15853,0.1958425707798167,0
31335,0.19584088360922522,0
12594,0.1958360107910232,0
10915,0.1957931694801153,0
10377,0.19577902849154796,0
29401,0.19577779027848968,0
22135,0.1957764289154453,0
25604,0.19577332326146712,0
16673,0.1957637144624633,0
19378,0.19575761866250546,0
25585,0.19574868835399595,0
30281,0.1957466661147499,0
1296,0.19574359641003988,0
23590,0.1957218724503702,0
5186,0.19570672580337753,0
6843,0.1957056688769928,0
1612,0.19569893282450398,0
10455,0.1956957160141382,0
22008,0.19569132643208131,0
31019,0.19568829520509332,0
5843,0.19567659334664317,0
20572,0.19567197606747452,0
7006,0.19566893195143925,0
10088,0.19565496547827846,0
4506,0.19564388299957425,0
22863,0.19563721646619914,0
19104,0.19562038668749948,0
20166,0.19561932900758688,0
1468,0.19559363026785762,0
27652,0.1955718874687875,0
407,0.19556862023052746,0
9973,0.19556204240108024,0
23870,0.19553938748173863,0
26856,0.19551987370934987,0
3788,0.19550120646867972,0
9288,0.19548664123743925,0
24281,0.19548361914100934,0
26742,0.19545311539435936,0
30283,0.19545184339692567,0
15248,0.19541479939044964,0
10911,0.19539796340259322,0
21839,0.19539768828535561,0
22453,0.1953965711908447,0
7192,0.19539463049983533,0
12170,0.1953887896845052,0
25684,0.19538287622178596,0
7668,0.1953569161241987,0
25854,0.19535082847178165,0
6421,0.19533766029713284,0
14173,0.19533191772336056,0
27549,0.1953290765883672,0
4843,0.19532447850081688,0
26800,0.1953240021422059,0
1742,0.19531285900951598,0
11539,0.1953097653888024,0
19744,0.19530233172016342,0
15942,0.19529677582176838,0
7186,0.19528084039987,0
25413,0.19527943035948658,0
23349,0.1952785215230854,0
28828,0.19523767709612383,0
10256,0.19523436869671942,0
24462,0.19520851021852056,0
25846,0.19520791365327675,0
2782,0.19518680274019118,0
27923,0.1951685589303967,0
16545,0.19516485754308732,0
5044,0.19515831230042305,0
23999,0.19514047461305772,0
12531,0.1951388334854084,0
14196,0.1951210535345455,0
29938,0.19511412016329854,0
25219,0.19510861487998438,0
9951,0.1951029224880166,0
15480,0.195099460482311,0
17217,0.19509751031753697,0
13950,0.19507917243823913,0
31081,0.1950590109067208,0
28692,0.19505469370986264,0
14411,0.19504645782625332,0
26060,0.19503367217151257,0
17275,0.19503133182401813,0
29135,0.1950231718411878,0
16610,0.195021272386051,0
21778,0.19500226318608843,0
27655,0.1949950614087594,0
27665,0.1949896604161331,0
23773,0.19498936699248656,0
2907,0.19498723445529356,0
17195,0.19498405689788215,0
4968,0.19498201523696576,0
183,0.19497877521323928,0
65,0.19497868482115976,0
27842,0.19497720654328435,0
2577,0.19497043061023833,0
26841,0.19496359665814622,0
11158,0.19494175321168183,0
20170,0.1949407914767012,0
15720,0.19493528538213425,0
1883,0.1949341704696791,0
12863,0.19491584266752565,0
27329,0.19490747386467003,0
29611,0.19489077270911878,0
19896,0.1948801783814945,0
7902,0.19487726002688588,0
20201,0.19486623276428322,0
23238,0.19485923976026814,0
12392,0.19484982700215026,0
21925,0.19480048142938558,0
21053,0.19479278230752362,0
11605,0.1947555629609423,0
24493,0.19473876011458052,0
1111,0.19473466589412694,0
2830,0.19472704965383886,0
20995,0.19472370627694724,0
1818,0.19467245772788025,0
28575,0.19466808051886503,0
24744,0.19466009742198515,0
10084,0.19463913318039444,0
25360,0.19462829741965482,0
28563,0.1946234049979629,0
924,0.19461251272838279,0
17541,0.1946040204600106,0
1547,0.1945990318348031,0
16502,0.19459708944226276,0
13314,0.1945909930778217,0
3327,0.19454596340029162,0
28825,0.1945449248110368,0
28864,0.1945366551152915,0
6540,0.19452714662463344,0
27522,0.19452314333664766,0
5590,0.19452189660923452,0
6615,0.19450053742242943,0
8194,0.1944831096250017,0
17246,0.1944820104232668,0
5130,0.19447042416004875,0
13141,0.19446071289487876,0
22717,0.19445940859242608,0
14234,0.19445700962917617,0
25252,0.1944385427445957,0
4069,0.19441267714813365,0
10363,0.19439968362548196,0
2359,0.1943919114010456,0
23688,0.1943733077846842,0
13278,0.19437137241021923,0
21575,0.19436464933933442,0
10348,0.19435917203754038,0
24033,0.19435824432721002,0
7172,0.1943494531178438,0
3712,0.19434336884340722,0
11730,0.19434002038561307,0
29936,0.19433997266001993,0
9779,0.19431585256378045,0
7257,0.19431575305749263,0
17085,0.19429724916668545,0
8558,0.19429547049027654,0
24403,0.19429535678736445,0
6578,0.19428959321276792,0
14469,0.1942841470816889,0
22420,0.1942676236230411,0
806,0.19426695403769206,0
4902,0.19426515336644937,0
13116,0.19426179632445384,0
1142,0.1942575842943911,0
17163,0.1942429928219324,0
23328,0.19421237151696502,0
2265,0.1942032299022302,0
144,0.19419289921749516,0
18750,0.19417761766735517,0
20509,0.1941632220398505,0
20582,0.1941552811864952,0
29262,0.19415459446147512,0
25162,0.19415171729358366,0
29436,0.1941513944111031,0
29886,0.1941109834544649,0
5378,0.1941099587418031,0
16693,0.1941042396542905,0
9274,0.19409861923646196,0
23037,0.19409538865438133,0
22601,0.1940873108950482,0
25850,0.1940764187777815,0
1890,0.19407524272859408,0
6141,0.1940714083882465,0
7723,0.19406701780633162,0
21001,0.19405658670646214,0
21845,0.19404815011941634,0
1025,0.19404087580082113,0
1653,0.19403724257416827,0
18646,0.19402192145070576,0
24090,0.19402103716729244,0
8826,0.194018557881533,0
6448,0.19401596716639588,0
10874,0.19401202010530622,0
26820,0.19401109905377717,0
18194,0.19400876678600337,0
9492,0.193975552276295,0
14492,0.19397330007588207,0
16557,0.19396673665235828,0
16220,0.19396634153660913,0
9849,0.19396552971830874,0
26126,0.1939638919511901,0
456,0.19395135015682455,0
14444,0.19393494938959335,0
14725,0.19393125205061787,0
401,0.19392148062630035,0
6020,0.1939207419005167,0
4478,0.19390350907332002,0
3162,0.19389825862985036,0
17008,0.1938980905896637,0
3880,0.19389732994104658,0
12389,0.19389542509628258,0
926,0.19388627099971242,0
22995,0.19388369970151842,0
15224,0.193877549020686,0
1265,0.19386408965205398,0
15739,0.19385416907191824,0
17000,0.19384429389218685,0
1513,0.19384132483661998,0
24699,0.19383535463077492,0
29049,0.19382977966440318,0
10489,0.19382338396684096,0
4432,0.19382043241333208,0
17893,0.19381227486753758,0
3787,0.19380808309384343,0
8781,0.19379521864436147,0
18365,0.1937521858925296,0
1786,0.19373704491493815,0
28546,0.19373561075164955,0
11,0.1937284924429013,0
20828,0.1937276258901755,0
5077,0.19371252261406627,0
1794,0.19371227514293385,0
17997,0.1937085613337778,0
25773,0.1937068184256604,0
25551,0.19369883572485272,0
29885,0.1936899414382863,0
17206,0.19367028024491073,0
30286,0.1936657258712323,0
12583,0.19364941597735735,0
16619,0.19364356321472734,0
492,0.19364073788028616,0
19224,0.19363432196027802,0
12316,0.19360789232869893,0
3831,0.19360000368066368,0
7698,0.19359939893468955,0
10014,0.19359060128469174,0
15592,0.19358703494615193,0
30627,0.19358683543368144,0
30323,0.1935684501847642,0
2951,0.19356838135730584,0
1575,0.19356553680942412,0
29102,0.19356259774175416,0
4512,0.19353751667515745,0
24030,0.1935369789947102,0
18843,0.19353326373944477,0
27458,0.1935297275806372,0
11386,0.19351835070225495,0
26746,0.19351798971788356,0
19583,0.19351213529965963,0
6748,0.19351021444104216,0
6672,0.19350287545534264,0
30156,0.19349929713234137,0
29290,0.19346565625984,0
23499,0.19344941948216415,0
29734,0.19344922682047183,0
16906,0.193447477237533,0
6450,0.1934087083745589,0
14930,0.19340739564818452,0
167,0.1933793104065159,0
11669,0.19336572647601213,0
5196,0.19335198555716032,0
19448,0.1933471873040534,0
22977,0.19333720235755003,0
9786,0.19333421933771006,0
732,0.19330652382461622,0
20417,0.1932765524745549,0
6297,0.1932726568768458,0
27957,0.19327098812994303,0
20733,0.19325179578626336,0
15501,0.19324542360503735,0
20999,0.19323671072687926,0
23496,0.19322086441308567,0
29718,0.19321505990085497,0
29213,0.1931874474006033,0
14752,0.19318375042799016,0
13570,0.19317785904398896,0
17313,0.19314907202586748,0
1427,0.19314558539184806,0
14738,0.1931413426292078,0
29920,0.1931378719679767,0
30267,0.1931291024495826,0
29313,0.19311221018021413,0
25595,0.19310673073761772,0
21957,0.19310499281081087,0
20118,0.19309864218439834,0
10719,0.1930670386620297,0
9619,0.193066820259858,0
23047,0.1930588776295601,0
7285,0.1930520940364972,0
22371,0.19303473757433612,0
19637,0.1930254048254662,0
21111,0.1930051303461081,0
31203,0.19300509784962253,0
20759,0.1930003498918835,0
6570,0.19299240804741222,0
13805,0.19297384432156842,0
30012,0.19296415349365834,0
22287,0.19294490547236476,0
12552,0.19293598506012033,0
5144,0.1929254225838827,0
17465,0.1929237829058581,0
27717,0.19290629165562756,0
30670,0.19290588553787927,0
21467,0.19288881940527206,0
3519,0.1928842629820594,0
14575,0.19288244940442195,0
18595,0.19286280717074292,0
1747,0.19285455185409928,0
16894,0.19284334261035016,0
21151,0.19284325448870038,0
12546,0.19283885309602208,0
158,0.19283203313095268,0
27023,0.19283093895327472,0
24374,0.1928076646827113,0
15837,0.19280640172123711,0
1715,0.1928049891168372,0
4661,0.19279489482442627,0
3496,0.19277972869025892,0
280,0.19276292788797444,0
29069,0.19275424172967995,0
8732,0.19274864616392037,0
30789,0.19271908307252025,0
7387,0.19269839011949905,0
28588,0.19269488496847853,0
15320,0.19269128186551335,0
27288,0.1926849280117162,0
18992,0.19268467364622258,0
24920,0.1926670079630679,0
14923,0.19266120009510349,0
24301,0.19265230541736192,0
29413,0.1926470747831099,0
920,0.19263787601477855,0
5355,0.19263464746425082,0
1532,0.19263089098867628,0
16841,0.19262276996651256,0
16385,0.1926060118849167,0
3275,0.19258235875654656,0
25144,0.19257916953025694,0
7694,0.1925426557289837,0
11628,0.19253629575720044,0
8844,0.19252946484457564,0
29730,0.19252889901312326,0
1191,0.1925247823816267,0
28010,0.19251957756628152,0
12338,0.19251466525814886,0
855,0.19251272417299659,0
30779,0.19248649540249385,0
7195,0.1924735890562535,0
23011,0.1924700421135614,0
4472,0.19246284070215178,0
4295,0.1924550464899661,0
2740,0.19243802682829647,0
14696,0.19241634711233963,0
7553,0.19240791341281777,0
5158,0.19240150403088674,0
28310,0.1923724835105799,0
2156,0.19237018555510965,0
28802,0.19236073856578728,0
22817,0.19235824095690496,0
1764,0.1923500454127894,0
28222,0.19234519941122522,0
14704,0.1923306997232373,0
16,0.19231758809123206,0
2776,0.19231465172458376,0
13293,0.19230828884713275,0
82,0.19228797366615136,0
29400,0.1922686825136304,0
24249,0.19225823220639104,0
30405,0.19225483597192322,0
11048,0.1922495313404404,0
19468,0.19222245917935019,0
15464,0.19221692517461053,0
15493,0.19219310486044974,0
2139,0.1921612226798992,0
27232,0.19215720088879124,0
26712,0.1921543968354684,0
19667,0.19214178325777567,0
26062,0.1921227078541957,0
21716,0.1921215023585248,0
4639,0.19211876229552927,0
13248,0.19211416679412163,0
19593,0.19208737915072657,0
13119,0.1920854815986342,0
17817,0.19208402715417397,0
19749,0.19207435375074422,0
9767,0.19207222036559776,0
19799,0.19203912883521138,0
16371,0.19203826139490612,0
18604,0.19203649154072483,0
9566,0.19203237289460826,0
10715,0.1920165874183871,0
18553,0.19201379360224968,0
8812,0.19201300780005046,0
12353,0.19200403748741768,0
13175,0.191977073413584,0
1417,0.19197611238563034,0
17878,0.19195250079107165,0
22867,0.19195101521710126,0
19194,0.191940920604029,0
9504,0.19193839569302426,0
12745,0.19191693572713986,0
9357,0.19191626030422868,0
15856,0.19189942772649235,0
26598,0.1918969070011025,0
16634,0.19188567091838138,0
23950,0.1918781592043629,0
27645,0.19187268176125397,0
23142,0.19186992907819309,0
997,0.19186517712470888,0
8659,0.1918548222776795,0
20753,0.19185117575896452,0
1380,0.19181467097378735,0
20147,0.19179732830634236,0
9520,0.19178618484995685,0
15500,0.19177892347870984,0
24128,0.19176743728890178,0
21288,0.1917583883394288,0
13943,0.19175357094816717,0
26703,0.19174448168432243,0
24360,0.1917409547476419,0
26345,0.19173258948632232,0
24957,0.19170223495195962,0
12120,0.19170015803134594,0
26793,0.19168988157080633,0
24544,0.19167430600438745,0
14005,0.19166333196475838,0
25962,0.19164520660022563,0
4056,0.19164255099373625,0
1002,0.19164042141480211,0
15700,0.19163261004392557,0
18930,0.1916139902409105,0
18291,0.19159478640909444,0
28803,0.1915732356973706,0
24402,0.19155767037020144,0
28279,0.19154574149693762,0
1447,0.1915350911133684,0
26455,0.19152761140123212,0
12147,0.19152057534018366,0
31156,0.1915182837898897,0
5445,0.1915177017923993,0
28184,0.1915168156963567,0
26995,0.19150430506657068,0
19516,0.1915034439991583,0
767,0.1914959684914586,0
5477,0.1914834081801473,0
26359,0.19148280710019183,0
18564,0.19148271178303158,0
29591,0.19146029872117526,0
24470,0.19143616966055954,0
30956,0.1914254870569562,0
21726,0.19141492679525862,0
4038,0.19140982105478682,0
15068,0.19140011147296096,0
29395,0.19139860149068813,0
19288,0.19139722599420503,0
14516,0.1913902717467581,0
29847,0.19137638187324657,0
16357,0.1913613507764279,0
28000,0.19135241402565278,0
20666,0.19133675098812272,0
13129,0.1913332371274155,0
19027,0.19132541562247585,0
2184,0.19132291126453935,0
6929,0.1913194832496885,0
6657,0.1913175214260928,0
1796,0.19131390212076407,0
26498,0.19131150566446894,0
5718,0.1913091729520962,0
8065,0.1912956791695012,0
23173,0.19125210670055268,0
22640,0.19123429522959803,0
651,0.19120497633807798,0
19961,0.1911992587512163,0
8339,0.1911950190454567,0
22117,0.19119490022019547,0
5680,0.19119181722561698,0
10100,0.19118521572750044,0
6605,0.19118271235754009,0
10631,0.1911748310313661,0
13784,0.19117462450583378,0
27384,0.19113984486255947,0
9430,0.19113431787951754,0
27765,0.19112974634744248,0
4809,0.19111730215190126,0
9602,0.19110617391831092,0
23664,0.1910568002553925,0
2637,0.19105181735414323,0
27257,0.19104634323098182,0
5010,0.19104301124980402,0
30096,0.19104064934551876,0
16780,0.19103368938995482,0
25055,0.19103003743894245,0
10782,0.1910124562833748,0
20660,0.19100294715283378,0
28076,0.19094621479148724,0
7656,0.19094092303725738,0
12149,0.19091755365798618,0
20146,0.19090823749241415,0
9289,0.19088853388754923,0
29206,0.19088553347059442,0
8080,0.19088328907800453,0
29955,0.1908694235719953,0
17944,0.1908576193300599,0
7915,0.1908548689995033,0
23203,0.19084731704137617,0
18678,0.190841230606838,0
6284,0.19079960877029362,0
8451,0.1907175837703888,0
19322,0.19070805244309658,0
2309,0.19070421276884178,0
23956,0.19068501577316022,0
28339,0.190672696392656,0
11168,0.19063091541219707,0
26193,0.19062424198978076,0
18903,0.19061957842844085,0
27753,0.1906183221797458,0
6576,0.19061108128241852,0
22044,0.19059781930681052,0
3774,0.19059059057757005,0
17637,0.19058024302894686,0
7743,0.1905799913853565,0
26158,0.19057920915755097,0
14734,0.19057033073656796,0
1442,0.19056937384956293,0
26760,0.1905689724483879,0
6130,0.19056605768998683,0
17291,0.1905598234571103,0
1218,0.19053025105408583,0
22902,0.1905230013163962,0
509,0.19052186211190741,0
29979,0.19051487778994886,0
29072,0.1905032430785479,0
30436,0.1905003856090242,0
16433,0.19048571927995378,0
28082,0.19047784535682663,0
24843,0.19047652197034715,0
11230,0.19047059630800653,0
16420,0.19043687464177123,0
21577,0.19042948610777446,0
1083,0.19042741508189592,0
27417,0.19042267696799992,0
23215,0.19042129203565905,0
17316,0.1904124877693369,0
21414,0.19040304260697635,0
28248,0.19039343629043096,0
26709,0.1903581329129733,0
20820,0.19035357233947992,0
20741,0.19034503727645077,0
8927,0.19034489368208118,0
1810,0.19034119060999988,0
29168,0.19032224181617002,0
30916,0.19032083697194055,0
30762,0.1903026346067186,0
17094,0.1903020668256829,0
20822,0.19029997390139755,0
21555,0.1902905281546231,0
14329,0.19026827315551806,0
29424,0.1902556291136572,0
30487,0.1902508824344673,0
10674,0.19022968255448544,0
24918,0.19019891016972582,0
30988,0.1901965173937027,0
2158,0.19017860354080462,0
8175,0.1901738864291354,0
19504,0.19016025241529594,0
25166,0.19015579592106296,0
8047,0.19015569324790277,0
6636,0.19015187412993598,0
14025,0.19010869965604474,0
20302,0.1901048346415455,0
24232,0.19010163827013216,0
30765,0.19008972117919043,0
7838,0.19008734080836567,0
3942,0.19007001258022682,0
22285,0.19006974489601713,0
17,0.19006647861571754,0
20812,0.19004127749178426,0
24409,0.19003145090083948,0
14701,0.19003028678519807,0
3461,0.19002696388124402,0
18403,0.19002412184800285,0
25483,0.1899860699911902,0
5475,0.18998433204161766,0
7920,0.18997525716808128,0
6520,0.18996320161069913,0
2948,0.18995561661355664,0
30749,0.18995362306398686,0
2315,0.18994340279090843,0
9783,0.18994306820433032,0
673,0.18993514443152076,0
22826,0.1899335022602461,0
16567,0.18993219227919483,0
30369,0.1899299402178189,0
31008,0.18992926836352958,0
16418,0.1899154094980237,0
12889,0.18990606633852436,0
3670,0.18988956131861592,0
15978,0.18987719074292012,0
22907,0.18987065569901307,0
13172,0.18984693442248676,0
24247,0.1898460094907408,0
12265,0.18980938320528548,0
18240,0.18980577845933905,0
16725,0.18976816607531827,0
15674,0.18976211845891136,0
15637,0.18976094731644472,0
27600,0.1897604250781001,0
869,0.18975979023791417,0
3034,0.18975829317852597,0
4988,0.1897446995377146,0
6364,0.18971922188530985,0
7589,0.18971823683966288,0
6726,0.18971562037036643,0
20576,0.18971222301866167,0
10564,0.1897060431051463,0
30973,0.18967207018281543,0
11678,0.18966005382200402,0
12643,0.18965369825067385,0
12786,0.1896446224191263,0
5649,0.18964140630234017,0
21685,0.18962501832227335,0
3096,0.1896002084933656,0
20653,0.18958979012295504,0
15031,0.1895645972717124,0
23015,0.1895598963355758,0
24704,0.18955942546628318,0
2796,0.189552518943596,0
24325,0.1895250534880286,0
5358,0.1895237517363126,0
6409,0.1895215365936374,0
28435,0.1895060971636615,0
12087,0.1894944432143388,0
25851,0.18949256095167147,0
25131,0.18947000378875917,0
15855,0.18945025097110982,0
18545,0.18943848622445997,0
18856,0.18943500943074393,0
30076,0.1894259148064382,0
4685,0.18942578461027662,0
9688,0.18940990254056062,0
28129,0.18940164322267108,0
8679,0.18939183706132437,0
23059,0.18937732191377535,0
17344,0.18936537547967794,0
25306,0.18936327347090642,0
24328,0.18935178697724836,0
7810,0.18932661386800068,0
16062,0.1893258065368869,0
24772,0.18931459934941597,0
12365,0.18931446061104995,0
1301,0.18930767503683932,0
30032,0.18930588694923806,0
13924,0.18928847539567856,0
20531,0.18924170351997932,0
12281,0.18922583593718334,0
1675,0.18920440617025813,0
3322,0.18918383314800674,0
16614,0.18917884175121208,0
27062,0.18915612646515886,0
17584,0.18915593285393528,0
16778,0.18915381768489262,0
30607,0.18915111399107995,0
3091,0.18913424072904797,0
11758,0.18913025763587943,0
14662,0.18912314297662058,0
7028,0.18911362462567094,0
26964,0.18910857939665998,0
10666,0.18909699525489732,0
262,0.18908072688337543,0
20623,0.18907608929106692,0
15661,0.1890629256779052,0
27394,0.18905078651770474,0
17721,0.1890456258544815,0
6062,0.18903784814802807,0
7034,0.18903150255295081,0
1171,0.18903143424729987,0
10333,0.18899708308391575,0
10777,0.18899634614401348,0
17098,0.1889491110297146,0
21494,0.188937137582059,0
4909,0.18891982913273622,0
13342,0.188912094356714,0
4162,0.1889038768444066,0
20605,0.18886830717754677,0
4113,0.18884027900894015,0
9277,0.18882738966687274,0
1834,0.18882597468628792,0
5810,0.1888201708561893,0
7696,0.18881400395388795,0
13707,0.18881291736223726,0
28985,0.1887943499186795,0
8741,0.1887768325161793,0
22158,0.18876009526591644,0
30676,0.1887499692433502,0
18765,0.1887431601316488,0
15118,0.18872285224077268,0
24289,0.18871692770880721,0
613,0.18869976309885075,0
27673,0.1886940155005539,0
12479,0.18866553011263892,0
849,0.1886446568832551,0
16847,0.18863849047217823,0
15559,0.1886194514493763,0
27536,0.18860252770709715,0
8678,0.18858542876164527,0
16006,0.18858082178560767,0
7469,0.18857115155743234,0
2312,0.1885561760606938,0
21587,0.18854990315830658,0
22993,0.18854965015176234,0
24663,0.18854892274687188,0
6173,0.18854309903498973,0
3048,0.18853934508966294,0
15156,0.18853625140384583,0
13276,0.1885232468721607,0
18490,0.188515897264021,0
15548,0.18851208880811182,0
9761,0.18851153636357243,0
26322,0.18850569345183169,0
18600,0.1884863010723128,0
13492,0.18848433110070886,0
29596,0.18847121837676517,0
11318,0.18846239212059668,0
27780,0.1884459801963494,0
9281,0.1884444194709795,0
24126,0.18844390740473796,0
22702,0.1884253168924284,0
31250,0.18842094083755256,0
10970,0.1884158705833046,0
13533,0.18841462773343104,0
23344,0.1884067624125451,0
19521,0.188393576863033,0
19098,0.18837785469526847,0
10742,0.18836371031601712,0
4298,0.18836222144037262,0
4508,0.1883474956831205,0
5323,0.1883465897922919,0
4002,0.18834214128800153,0
25366,0.1883396588827677,0
11224,0.18833076229413134,0
11302,0.188320043504175,0
27629,0.18831360365772334,0
25765,0.18830466565647686,0
6452,0.1883046380232621,0
9306,0.18830403546673968,0
23701,0.18829966968751755,0
31318,0.18829169772931312,0
14283,0.18827533572122487,0
1312,0.1882740736748593,0
30087,0.18826118323038038,0
6715,0.1882569552446661,0
21245,0.18824441972683137,0
9856,0.18823899924771886,0
1314,0.18821928591549775,0
21499,0.18821272501925568,0
9211,0.18821157776203923,0
27279,0.1881879258443999,0
13147,0.1881858364515342,0
4329,0.18817407993040988,0
7101,0.18816112599683024,0
14975,0.18813705147716536,0
3228,0.18812757927751583,0
25048,0.18812711270875312,0
8879,0.18810893780695748,0
1955,0.18808152382075766,0
3747,0.18806623825487662,0
19403,0.18806393948194663,0
25203,0.18804507533949988,0
28982,0.1879890108240474,0
18883,0.18798805982773437,0
23099,0.18798360145306542,0
14200,0.18797770483302684,0
6768,0.18797372528393982,0
19826,0.18796274440799254,0
13441,0.18793973601490763,0
21495,0.18793966150808344,0
27339,0.1878960489859607,0
15620,0.18788288270269382,0
25103,0.18787699555150586,0
14077,0.18786609494512704,0
18781,0.18786481698654814,0
22035,0.18784871567431838,0
22621,0.18784684810162333,0
30672,0.18783427412421827,0
2841,0.1878333498761962,0
23846,0.18781360494241675,0
14109,0.18771158058464152,0
21267,0.18769849912844433,0
25424,0.18769832422968624,0
3448,0.187679457065876,0
28125,0.18767777440271452,0
15634,0.187660248140284,0
24063,0.18765611179812183,0
7632,0.1876501142603559,0
21711,0.18761676469156935,0
3805,0.18759886254076683,0
1339,0.18758512414552833,0
4755,0.18757896960917336,0
16540,0.18757232001569563,0
19203,0.18755943336766623,0
27995,0.18754805449615441,0
7502,0.18753700133978188,0
23711,0.1875318157596043,0
5026,0.1875255381032146,0
7850,0.1875253564941827,0
22373,0.18752238275062602,0
20909,0.18750503411019134,0
20133,0.18750152253882582,0
841,0.1874935976243917,0
3992,0.18749103809069,0
26801,0.18749047835126129,0
14798,0.18747550580430505,0
28472,0.187474230174426,0
17097,0.1874618405860316,0
19625,0.18743995911143713,0
29002,0.18743128867381578,0
11232,0.18742957932496965,0
9390,0.1874258109544044,0
30009,0.18742574913345483,0
20551,0.18742529539482344,0
10376,0.18741640264139078,0
5645,0.18740148770093018,0
24272,0.1873838925676092,0
10930,0.18738081463681547,0
17396,0.18738015042856268,0
5,0.18737934035274229,0
8410,0.1873746765379995,0
16135,0.18737013567751615,0
10929,0.1873638170898835,0
7604,0.18736131481602217,0
27850,0.18731649102540576,0
14041,0.18730093867154177,0
13008,0.18729338418201633,0
27669,0.18729319256465188,0
11465,0.1872860997125799,0
4626,0.1872825368889428,0
28560,0.1872798542062454,0
21083,0.1872633744599507,0
23825,0.18724741690716296,0
14943,0.18722352452892632,0
16465,0.1872139379447079,0
26669,0.1871930140399873,0
13070,0.1871750096828087,0
1934,0.18717337185354657,0
15759,0.18713310387644083,0
19339,0.18710480536186805,0
27614,0.18706910488079145,0
26821,0.18703217290719676,0
25682,0.1870276389531594,0
2017,0.18701497985808227,0
1871,0.1870026141250915,0
22918,0.18699280470818264,0
23605,0.1869838941355609,0
29279,0.18697926741079168,0
6914,0.18697866901669902,0
9832,0.18697575444227268,0
1457,0.18697390599400707,0
2041,0.1869706477376425,0
26453,0.18696418020277683,0
1255,0.18696402468826445,0
29839,0.18696008175703366,0
12997,0.18692303091863274,0
24630,0.18692233497463287,0
14472,0.18692146368518145,0
19195,0.18691133161483428,0
28275,0.18691027981208877,0
26689,0.18690852440103492,0
20108,0.1869085162543387,0
11705,0.18690520467119423,0
24944,0.1868877543568411,0
26706,0.1868754900188994,0
298,0.18687188708549793,0
21503,0.18686639100748115,0
30110,0.18685034239561443,0
20574,0.1868446319112128,0
27487,0.1868194573128151,0
13452,0.18681621656380515,0
6709,0.1868083304141709,0
30703,0.1868036682299694,0
18802,0.18679520123202334,0
23443,0.18678288761144946,0
9074,0.18674124624242341,0
125,0.18673984903802668,0
98,0.18673771083418306,0
21489,0.1866801772225884,0
29644,0.18667876619342116,0
3026,0.18666754618595985,0
21435,0.18665987492484976,0
25200,0.18665594431675817,0
9032,0.1866379554980619,0
10104,0.18660020150664486,0
755,0.18659004711713634,0
14570,0.1865781792103995,0
29079,0.18655568094591005,0
25449,0.18655519734478612,0
18684,0.18655013550615648,0
31327,0.1865312692208794,0
9768,0.18652283516953602,0
1379,0.18652067959596974,0
23060,0.18650270848518852,0
27846,0.18650051068031978,0
22538,0.18649670270525306,0
25845,0.1864909458210234,0
28794,0.1864522089876596,0
8155,0.18644241728040162,0
20732,0.18643602864717393,0
28288,0.18641951521385774,0
13609,0.18641844446327366,0
5896,0.1864106641341317,0
27637,0.18640114730127633,0
3137,0.18638605083047188,0
21434,0.18637035058872142,0
26264,0.1863680931691286,0
12801,0.1863529625790474,0
14966,0.1863411247748141,0
25710,0.1863279752840237,0
16027,0.18632137362102738,0
22435,0.1863200739876017,0
30782,0.18631402017853227,0
8310,0.1863079314564736,0
22847,0.18630164450948453,0
27455,0.1862910256473342,0
29857,0.18626984030946375,0
26829,0.1862658067500999,0
21546,0.18626482949735945,0
20111,0.18622758251492016,0
14590,0.18621746726421295,0
4213,0.18621665356879077,0
21159,0.18621448631047255,0
29328,0.18619741820230323,0
13017,0.18617805080938207,0
7933,0.18617350339092195,0
13205,0.18617123770946337,0
18668,0.18617055759053674,0
17898,0.18616186098574627,0
22480,0.1861375213739133,0
27392,0.18612430048309914,0
10759,0.18611286785695175,0
11164,0.18611212725775414,0
14256,0.18611005516458323,0
26172,0.18607173959850584,0
16922,0.1860585792557464,0
14182,0.1860545423146725,0
1436,0.18603748223398464,0
9491,0.1860032280304656,0
10676,0.18598320764726883,0
2148,0.18598275899950853,0
28941,0.18598158548346636,0
2073,0.1859776860298921,0
1603,0.18594488189947164,0
102,0.18593371718291835,0
30176,0.18592372053147038,0
11219,0.1859190383283594,0
5748,0.18590066214377518,0
2278,0.18589904019482198,0
21462,0.1858925205785703,0
27563,0.18588780273281252,0
17705,0.18586435202117108,0
30029,0.1858632997459852,0
1003,0.18586050785944008,0
6311,0.1858534783543354,0
3433,0.1858513421881957,0
28397,0.18584773726784742,0
9815,0.18584597904684372,0
12960,0.18582400801052545,0
16124,0.18581313456854162,0
21244,0.1857980905409052,0
12671,0.18579735212257312,0
23438,0.18578393598219153,0
7048,0.18573788966703023,0
20465,0.1857217706082572,0
22708,0.18571990912051597,0
9894,0.18570879006288352,0
7727,0.1856996372155956,0
16647,0.18565922969794837,0
19182,0.185641821426672,0
10761,0.1856369700383829,0
30642,0.18560499005008804,0
14628,0.18559717545827997,0
9157,0.18558704630281445,0
11439,0.18556812113685328,0
1153,0.18556641255299336,0
26694,0.18556147371812717,0
8655,0.1855487981856368,0
13755,0.185540550608428,0
10552,0.18553428669921776,0
29096,0.18552017721701788,0
29856,0.18548563045607883,0
24881,0.1854853287950977,0
3263,0.18547753734319955,0
4384,0.1854761408908966,0
18468,0.1854745103849079,0
31279,0.18545726917947644,0
22109,0.18545332101651194,0
1888,0.18544819953857158,0
811,0.18543557790629972,0
18469,0.18542156077598218,0
11316,0.1854026401999046,0
23373,0.18538703148096622,0
21034,0.18538102157113545,0
24667,0.18537354878319956,0
7475,0.18534791696865063,0
2575,0.18532605905184873,0
18908,0.18531790754875657,0
10766,0.1853149346784271,0
4088,0.18531460408712053,0
24674,0.18530462214413831,0
16648,0.185287605329598,0
4258,0.1852683445512089,0
19270,0.1852681363287836,0
16788,0.18525053023902202,0
10346,0.1852432026019137,0
20398,0.18523297074619743,0
21950,0.18520783546195585,0
1290,0.18520273442468504,0
22670,0.18519005139541786,0
14726,0.1851721860536986,0
27546,0.18517085059445454,0
12091,0.18516916334795852,0
30174,0.18516888361459735,0
15429,0.18516531265963063,0
11596,0.18511958926171532,0
14821,0.18511215767853917,0
27876,0.18509592783189305,0
2692,0.18509340296858803,0
6332,0.18507718181690092,0
30036,0.1850673010259985,0
16621,0.18506395419615726,0
15560,0.1850580235935743,0
8438,0.18505712592895468,0
8651,0.18503092265880525,0
25889,0.18501757379919542,0
24991,0.18499828700351917,0
18451,0.18499035474415668,0
1319,0.18497608269518295,0
10453,0.18496591218483213,0
3777,0.18494463549180046,0
10773,0.18494315382490809,0
4971,0.18493056446136194,0
4863,0.1849209521003913,0
30182,0.1849178510271053,0
30826,0.18490495049623865,0
11992,0.18490284259866616,0
2546,0.1848954880808964,0
17503,0.1848905676196442,0
18269,0.18488895345247391,0
17880,0.1848658138059319,0
13665,0.1848489674344326,0
25364,0.1848288067602416,0
8136,0.1848222263325788,0
12584,0.18479263560207254,0
12390,0.18477388090666255,0
11699,0.18474617140350538,0
16981,0.1847321538721655,0
29788,0.18471950866288808,0
23802,0.18471371321285568,0
28616,0.1847034525266913,0
19808,0.18470324213443948,0
29953,0.18470251309006208,0
28883,0.18470038026508934,0
24852,0.18469295048795772,0
12431,0.18469043077821273,0
14746,0.18468820596125368,0
13978,0.18468627038242733,0
597,0.1846792188089433,0
23550,0.18467647028856674,0
18929,0.18467280222916138,0
9641,0.18467266517744277,0
24597,0.18466933211133071,0
26361,0.1846683456779891,0
3021,0.18465981882646695,0
1234,0.18463938166554922,0
16633,0.18463056843403344,0
12248,0.184610931974321,0
12250,0.18459385480710286,0
29113,0.184591433923285,0
27393,0.1845898495803689,0
14430,0.1845862224700917,0
3326,0.1845779783100794,0
1014,0.1845725914784828,0
6403,0.18456338952790774,0
3383,0.18455758370064845,0
27231,0.18454677025076738,0
23576,0.1845424401710215,0
24245,0.18453639462759297,0
28791,0.18452918571517885,0
12413,0.18450819968718954,0
24008,0.1844924710190848,0
31110,0.1844905504367636,0
25573,0.18448148387705984,0
13810,0.18447370904875005,0
16305,0.18447051207257392,0
903,0.1844625950442423,0
19662,0.1844619955242549,0
15612,0.18444745435812493,0
21545,0.18444321580986042,0
10247,0.18443976429956258,0
12460,0.18443955427972902,0
8315,0.1844308239242547,0
14875,0.1844305610034324,0
24787,0.18442805954540012,0
8403,0.1844212100420527,0
7575,0.1844178785976293,0
6904,0.18440957538836344,0
30137,0.1843828282332322,0
28937,0.18438066687974,0
17556,0.1843539821880324,0
15514,0.18435096931451878,0
28892,0.1843401487516203,0
29548,0.18432110357557174,0
8000,0.18426841637111518,0
7412,0.18426444868330547,0
27171,0.18425227390637125,0
476,0.18424976301449242,0
27937,0.18424248415886121,0
10533,0.18422259826986445,0
6546,0.18422204216754337,0
21255,0.18422021779571543,0
18096,0.1842140580199166,0
5311,0.18414937388888258,0
16431,0.18414352233164866,0
24334,0.18413748390438556,0
11773,0.18412722406428664,0
13960,0.18412269234108464,0
11046,0.18411301980063213,0
9004,0.18410213409015913,0
14435,0.18408062958124155,0
27498,0.18407540261724084,0
30393,0.18406419430131662,0
17224,0.18404476334411965,0
7988,0.1840404381328351,0
520,0.18403737509043297,0
17596,0.18403604078005767,0
4215,0.18403102721893447,0
15791,0.18402861008706195,0
27621,0.18402412964302914,0
24398,0.18402068680519423,0
8884,0.18401155188287405,0
9735,0.1840108167219837,0
19073,0.18400771417422127,0
8670,0.18398362795271964,0
20721,0.1839811766705203,0
6908,0.18397816641053136,0
7129,0.1839726162281123,0
12627,0.18396351247557383,0
7337,0.18396292423641825,0
18991,0.18396114907333821,0
15430,0.18395051762859538,0
30126,0.18392487793536538,0
10515,0.18392300375922666,0
4741,0.18389938244329376,0
22043,0.18389177233470022,0
27148,0.18388871131316964,0
24015,0.18385845040565343,0
14776,0.18385687685681013,0
12919,0.18385568616648332,0
5178,0.1838413298653733,0
7041,0.1838282961730584,0
2503,0.18382794062909136,0
23674,0.18382629077481943,0
375,0.18382292988314064,0
6766,0.1838070013091865,0
27807,0.1837819596502667,0
4548,0.18373769926501293,0
30284,0.1837264814895756,0
31337,0.183706265632935,0
2836,0.18366891439850813,0
14521,0.1836608827698428,0
21505,0.18365653002632146,0
8416,0.18364689124664632,0
15274,0.1836410216132195,0
12730,0.18363065159712785,0
11659,0.18360480698043613,0
4897,0.183602572235442,0
30842,0.1836015134973796,0
27198,0.183600043308399,0
22505,0.18359679492421666,0
2911,0.1835946239103589,0
28914,0.18357590789656378,0
28612,0.1835681394724669,0
29414,0.1835517923212644,0
13545,0.18355037526071932,0
27478,0.18353670221612045,0
15935,0.18352549602351823,0
28203,0.18351597319463714,0
24834,0.1835143520465921,0
20316,0.183512029061351,0
944,0.18351028499150931,0
13741,0.18350907486660328,0
24861,0.18350464372780637,0
29155,0.1835026497403883,0
14152,0.183489577328375,0
14426,0.18348608568788902,0
28047,0.18348272637209384,0
30794,0.18348110402408943,0
5276,0.18347938288504836,0
9765,0.18346250547029416,0
19265,0.1834579051923188,0
28827,0.1834506935126219,0
30382,0.18343338892894107,0
24012,0.18342583173642282,0
4521,0.18340599392520102,0
19906,0.18339571457604598,0
21279,0.18339333061648389,0
14824,0.18338087755942126,0
30252,0.1833795432304778,0
6221,0.18335592997692182,0
2437,0.18335188511290432,0
10334,0.18335043004421397,0
30061,0.1833488402341039,0
2197,0.1833483403286641,0
2459,0.18334180771091318,0
6293,0.18333947235575665,0
29670,0.18332798337438017,0
23461,0.1833022166063909,0
5242,0.1832633558785042,0
18961,0.1832592074778079,0
19687,0.18325887583085584,0
12721,0.1832524337106654,0
18732,0.18323288732232917,0
16582,0.18322582406884982,0
15931,0.18320589379799326,0
21592,0.1832041493256446,0
13313,0.1831968002083354,0
6822,0.1831757939611503,0
9724,0.18316606558387089,0
26616,0.18315851493101995,0
340,0.1831584646295935,0
16863,0.18314747456087888,0
24638,0.18313947600998123,0
29702,0.1831294277017607,0
23305,0.18309683242734365,0
5711,0.183085586811954,0
18155,0.18308331716888127,0
21110,0.1830625649559617,0
11997,0.1830420439228194,0
5037,0.18304186204862874,0
15901,0.18304093499158572,0
8481,0.18303600613032855,0
9919,0.18303597784902972,0
13749,0.1830293362462249,0
2667,0.18301979824734663,0
26702,0.1830154339901897,0
27113,0.18299837291478432,0
1659,0.18298209930711362,0
8482,0.18297884404078293,0
24924,0.18296364494606393,0
13165,0.18295456756566647,0
19419,0.18295416661561767,0
27657,0.18295212949709636,0
153,0.1829229952639832,0
3868,0.18288218341098048,0
29074,0.18287688464576504,0
3094,0.18286212511705802,0
25380,0.1828551464202728,0
2440,0.1828475361774959,0
25917,0.18281483920128722,0
6632,0.18280092199532774,0
5601,0.18279479965893938,0
5945,0.1827811657413341,0
2443,0.18277205453030754,0
20893,0.18276962959991355,0
26327,0.18276753961183448,0
25074,0.18276105788552144,0
26588,0.18275521355049143,0
7097,0.1827530104550677,0
17076,0.18274758624511078,0
14607,0.1827467393552788,0
19438,0.1827463297049744,0
12713,0.18274624673294915,0
10860,0.18272910184171776,0
25396,0.1827269712951452,0
12247,0.18272392440512886,0
6489,0.18272229634305936,0
22804,0.18269802597028387,0
6111,0.18269231685471005,0
7647,0.18267089873043874,0
15144,0.18266515890735943,0
14075,0.18266203339488618,0
1703,0.18265728527248937,0
17638,0.18265188666145904,0
12787,0.18261976115468012,0
282,0.1826091516471219,0
191,0.18260010841061117,0
29083,0.18259219732435336,0
5964,0.18259031835005624,0
7047,0.18255982265397605,0
30927,0.18254544464675146,0
8787,0.18253578949199092,0
15601,0.18252675178679936,0
29536,0.18252561799971598,0
14491,0.18252354614357175,0
3592,0.18252324519129076,0
16963,0.1824972850834078,0
18586,0.18248934605552794,0
12525,0.18247605095872857,0
12956,0.18245689660288586,0
1574,0.18244746200539527,0
30049,0.18242862425406176,0
30014,0.18242760907593158,0
21204,0.1824061829736156,0
17218,0.18238638321860925,0
10413,0.18237885583845667,0
28564,0.18236310803794686,0
2803,0.1823433028947009,0
11282,0.18233715070823323,0
7569,0.18233100772349015,0
9584,0.18232609395310273,0
23382,0.1823242245513454,0
3072,0.18231154862437296,0
17769,0.18229844119660632,0
26228,0.18229237129375508,0
14527,0.1822671317395871,0
9634,0.18224740129471204,0
27817,0.18220039455815543,0
15858,0.1821951950682901,0
11054,0.18217993588872022,0
30086,0.182165406455445,0
17127,0.1821555382156493,0
20868,0.182153743772835,0
5839,0.18213772543054887,0
9806,0.182129088359154,0
716,0.1820901593854306,0
31024,0.1820484580978465,0
24001,0.18204616309040145,0
26408,0.18203687758013704,0
30871,0.1820324713182449,0
29782,0.1819954139917441,0
15067,0.18197572913371152,0
16737,0.18196452684488015,0
425,0.18192544975593247,0
28916,0.18192168984434068,0
14104,0.1819153166690127,0
29724,0.18191473266824565,0
15890,0.18191355046041294,0
10332,0.18191034975997483,0
20926,0.1818901286766772,0
8294,0.1818678018725541,0
11735,0.18186430032449277,0
11990,0.18186304978849555,0
3547,0.18182806032481857,0
15803,0.18182622062185005,0
22181,0.18180605930736948,0
388,0.18179636655145967,0
4320,0.1817956279166025,0
20503,0.18177100399932267,0
9800,0.1817550538711534,0
4949,0.18173825061664822,0
5707,0.1817321830444976,0
13282,0.18172795520323418,0
14795,0.18171101752711585,0
9748,0.18169836140665846,0
18640,0.18165184199175288,0
30151,0.18164463193575694,0
26383,0.18161596153059495,0
14134,0.18156972532108145,0
583,0.18156374552289595,0
11388,0.18154607616021842,0
13166,0.18152846464340067,0
15517,0.181511234222151,0
6266,0.18149036179525246,0
21068,0.18146281907708697,0
17635,0.18145966743006478,0
5359,0.18143970336980467,0
30205,0.18142436283296226,0
27659,0.18142174425038055,0
9287,0.18138863023664714,0
7607,0.18138203783428047,0
9781,0.18137522272218473,0
9036,0.18136109362225875,0
28403,0.1813395423657745,0
24535,0.18131953157834793,0
10188,0.1812800569974283,0
14789,0.18127499004663084,0
4247,0.18123824609492753,0
15425,0.18123155935461205,0
26000,0.18122267486327,0
24574,0.1812035792823594,0
5083,0.18120253220223423,0
5157,0.1812012652650537,0
17305,0.1811849785013803,0
28084,0.18118111180756863,0
24782,0.18116650223347575,0
19476,0.18116403248078125,0
20902,0.18116064369192045,0
17188,0.18115773256073844,0
12931,0.18115595190384312,0
9571,0.18115058038498785,0
14300,0.18114469977900063,0
25009,0.18114377770282797,0
20989,0.1811130147145917,0
30245,0.18111029525487776,0
15691,0.18108785074089442,0
28021,0.1810560827684248,0
24990,0.18105588812596043,0
16100,0.1810383061953308,0
1386,0.18102320967343316,0
9661,0.18101816568690524,0
21399,0.18101315318080222,0
4098,0.18101115107467475,0
943,0.18100386846025004,0
24436,0.18100116670957347,0
15459,0.18099418264879116,0
29685,0.18098072721516878,0
794,0.18096417031586445,0
14585,0.18096290651639524,0
1439,0.1809505664475752,0
4046,0.18094613758012293,0
10038,0.1809265269702074,0
27421,0.18091038408868645,0
29389,0.18090570845257634,0
10701,0.1808934040508202,0
19032,0.18089197433370013,0
11785,0.18088612072976917,0
186,0.18087829845010192,0
7861,0.18087571605343292,0
3490,0.18087524534787947,0
2897,0.18086471918756725,0
4033,0.18086387844203372,0
4802,0.18086261753270347,0
18000,0.18084635053777376,0
4015,0.18083197451139596,0
16612,0.1808317214327274,0
22082,0.1808194830312584,0
13961,0.18079852876898425,0
23632,0.1807975842255486,0
29926,0.18077445626876745,0
17203,0.18075336420618676,0
24032,0.18074656474922515,0
3539,0.18074433709579674,0
19260,0.18072724135616075,0
26673,0.18064657553428318,0
22735,0.1806447949984561,0
19335,0.1806208940173863,0
28220,0.18061866618798397,0
3742,0.1806121024771645,0
4865,0.18060312460406616,0
14324,0.18059508849874017,0
5138,0.1805941604854372,0
13499,0.18058667668284137,0
3848,0.18058330775662398,0
20680,0.1805421210869816,0
11952,0.18053621532546543,0
9787,0.18053025224877062,0
27244,0.18052437667191068,0
2564,0.18051272433459123,0
26414,0.1804873210150817,0
948,0.18047982659942086,0
29757,0.18046835695389735,0
28640,0.18046126387221822,0
354,0.18043352208756278,0
30206,0.18042644397509847,0
23888,0.18041141993361862,0
25877,0.18039489271132186,0
21429,0.18039396222670415,0
12005,0.1803691739102927,0
23389,0.18036518189019557,0
21404,0.18036089614839731,0
12700,0.1803388502308129,0
10103,0.18032270076890797,0
20210,0.18030975222079917,0
26266,0.18030913337973015,0
7654,0.18030117634275047,0
6243,0.18030004594744486,0
2670,0.18029920699727953,0
12746,0.18027835040932025,0
24380,0.1802654450329916,0
15294,0.18023878678647773,0
6011,0.1802371497824091,0
8515,0.18023675223785907,0
3013,0.1802124463817923,0
23136,0.1802048576475321,0
4711,0.180173446364504,0
16971,0.18016364815020267,0
6090,0.18016083900887117,0
30601,0.1801564520756548,0
10470,0.1801336364426553,0
29455,0.18012940368402422,0
25907,0.1801243320375835,0
1202,0.18012164451255802,0
23934,0.18011971028676682,0
15889,0.18009291084794557,0
7782,0.18008531488423896,0
11486,0.18008232993603956,0
14160,0.18006370889034373,0
803,0.18005130180052858,0
148,0.1800489204725815,0
15746,0.1800333593042217,0
22053,0.1800187255628466,0
23440,0.18000924446364167,0
12210,0.18000069735673394,0
25815,0.17999220742761446,0
21163,0.17998045240058233,0
28565,0.17997814390760428,0
23944,0.17996500449047756,0
21525,0.17994329226473824,0
11493,0.1799349968772351,0
9085,0.1799197270185811,0
12935,0.17988772374314266,0
23397,0.17988597100750497,0
3748,0.17987388567982665,0
24296,0.1798549843523481,0
13540,0.17985435041619735,0
16172,0.17984037355197702,0
25251,0.17980901737051322,0
21762,0.17979531762473475,0
15595,0.17979335679220493,0
17969,0.1797887036858516,0
3120,0.1797856239965541,0
24747,0.17977252223152201,0
8434,0.17976822874498974,0
25983,0.17976656175400355,0
26695,0.1797619815889445,0
24533,0.1797430281481781,0
27766,0.179693920434156,0
21456,0.1796863281499242,0
5279,0.17967892612629743,0
11890,0.17965962079768416,0
3136,0.1796539962938725,0
2394,0.1796534884702594,0
16787,0.1796446378972938,0
23660,0.17963784599309363,0
31035,0.1796324755338247,0
23155,0.17961800628180427,0
10694,0.1796089694995545,0
8201,0.17960321741142843,0
11830,0.1795959610588847,0
27303,0.17959251997393885,0
1492,0.17957770817236646,0
2432,0.1795770401377879,0
9107,0.179576285352545,0
16481,0.17957122909292397,0
16123,0.179568779462374,0
19529,0.17956609257613823,0
20844,0.17956387776415458,0
25915,0.179555751667594,0
16169,0.1795547108438086,0
7634,0.17954940980460107,0
16038,0.17953143043379363,0
29032,0.17953073923906276,0
1694,0.17952805799041902,0
19668,0.17952339089427397,0
9911,0.17951087879450112,0
942,0.17950645811062102,0
23036,0.17950282652430172,0
4616,0.1794813260022804,0
23983,0.17946076196116378,0
16147,0.17946042807564477,0
19386,0.17946031997959136,0
29889,0.1794540583040777,0
25997,0.17943901440737656,0
23510,0.1794295560637812,0
28017,0.1794227298930654,0
23786,0.17941302903962275,0
26510,0.17941035333735922,0
6473,0.1793932237577026,0
7539,0.17938730898579436,0
19890,0.1793856172691766,0
30028,0.17937900937724024,0
23724,0.1793659201338712,0
11855,0.1793594651737216,0
22038,0.1793534294049218,0
20095,0.17935032394351683,0
21847,0.17933591882920763,0
27059,0.17932187953723588,0
28196,0.17932185920406202,0
28289,0.1793214115027294,0
3535,0.17932078335016285,0
1330,0.17931819535517896,0
28448,0.17931194948017726,0
4180,0.17931015277106177,0
18210,0.1792989427347143,0
20097,0.17929393905019736,0
5380,0.17928153668614313,0
31289,0.17926876610885248,0
12395,0.1792541448562012,0
16078,0.1792483506568569,0
22937,0.17924492490883523,0
3269,0.1792394359251321,0
25164,0.1792179079653875,0
2728,0.1792097039890199,0
28592,0.17918486314104004,0
24828,0.1791752171595027,0
25652,0.17916823729991216,0
7930,0.1791661374081503,0
27275,0.1791658080798474,0
13223,0.17916364108516658,0
8720,0.1791616808046545,0
17793,0.179154968912848,0
433,0.1791516826541203,0
6412,0.17914335237554005,0
15405,0.1791431605001301,0
19111,0.1791346531547111,0
27910,0.1791221440976114,0
16810,0.17911953157679988,0
25263,0.17911593698975112,0
15972,0.17911394935015665,0
19454,0.1791124253856837,0
11287,0.17910982229505623,0
317,0.17910452850685776,0
16680,0.17910092767776808,0
28441,0.17909311057771002,0
13794,0.17909274117757856,0
30472,0.17909110676982923,0
27799,0.17907887726479285,0
21468,0.1790753127868799,0
11970,0.17906500869108707,0
2170,0.1790561961865231,0
15830,0.17903146151461077,0
850,0.17902120329580828,0
1983,0.17902102786576052,0
1193,0.17901477041321884,0
19091,0.17900369103606462,0
26082,0.17899132161096404,0
9182,0.1789799709930177,0
20004,0.17897833245096895,0
14179,0.1789628764680375,0
2610,0.17894413944834575,0
1640,0.17893835333379568,0
7243,0.17893228638324937,0
310,0.1789065242277403,0
8870,0.178868318634495,0
22055,0.17886757088339567,0
7635,0.17886734301640014,0
17315,0.1788628550787497,0
17888,0.17885383413836523,0
30938,0.17884437482883325,0
12366,0.17884304759503356,0
25297,0.1788369839204272,0
16049,0.17881405204486214,0
25940,0.17879899891142806,0
16480,0.17879821595395254,0
17718,0.17879167647861688,0
6120,0.17878876926485274,0
10830,0.17877732870541088,0
21674,0.17876243070789744,0
6612,0.17874906853825417,0
18219,0.17874127048010677,0
16469,0.17872179717147688,0
15807,0.17870440897512477,0
23610,0.17870036366326772,0
11698,0.17869199619129641,0
8138,0.17868488964682885,0
2998,0.17868315376767943,0
384,0.17866759681097202,0
1763,0.17866591330119166,0
6906,0.17866534009604593,0
27749,0.1786588479866847,0
11082,0.17861882141228314,0
21750,0.17861321405598346,0
5246,0.1785919426639456,0
31345,0.17858705044544368,0
4242,0.17857348917458268,0
8692,0.17857119931372853,0
3410,0.17854520029789347,0
4799,0.17854374020464664,0
14099,0.1785433025743764,0
17033,0.1785421016928206,0
28128,0.17853456702003181,0
22997,0.1785307744667331,0
18377,0.17852911215760414,0
1054,0.17852697375074172,0
4101,0.1785268532451195,0
713,0.1785237880880587,0
29382,0.17847370042300018,0
26210,0.17846531120693135,0
14902,0.17846276175373904,0
17575,0.1784617699402708,0
17214,0.17844759658732356,0
530,0.17843749473181952,0
30324,0.17841612561092782,0
17618,0.17841511437547808,0
11101,0.17837279536180778,0
28433,0.17834820351422848,0
27827,0.17833602853121241,0
22615,0.17830890537534372,0
3001,0.1783059452535776,0
28313,0.1782581201833981,0
26537,0.1782151868145409,0
20070,0.17820642120034363,0
29559,0.17819498117699895,0
22004,0.17819006371008975,0
1155,0.17817656975612478,0
29448,0.17817602941960317,0
22308,0.17815705857894237,0
6508,0.17812652016886063,0
25532,0.17810128102162553,0
20043,0.17807971928955044,0
22336,0.1780640794625702,0
20148,0.17806230833029596,0
7232,0.17801721407237853,0
8392,0.17801153155765248,0
1840,0.17798935675053523,0
17207,0.17796289144103317,0
2694,0.17796168170756374,0
10521,0.1779530728367875,0
9475,0.17793940792940938,0
2126,0.1779288732849679,0
22443,0.17792685363705263,0
16639,0.17792671345296532,0
672,0.17792308996402537,0
2663,0.17787428205671163,0
14749,0.17783243588652423,0
11061,0.177824452885807,0
2644,0.1778119793992778,0
724,0.1777973488700295,0
2677,0.17779124836999427,0
19686,0.17779109383516872,0
12856,0.17778672958546676,0
11156,0.17777933513202449,0
27210,0.1777517519908584,0
23666,0.17774595978948388,0
1898,0.17774017673205567,0
24613,0.17772469253798712,0
50,0.17772308464756764,0
1863,0.17772053678931957,0
25521,0.17770391402487995,0
7095,0.17770382146860406,0
30019,0.1776910761587213,0
11700,0.17768875596562278,0
3265,0.1776848790984233,0
28587,0.17766269853889607,0
2202,0.1776583554988084,0
17792,0.177655533058571,0
14265,0.17765220855628353,0
5720,0.17762924503268868,0
10522,0.17761788066589063,0
29427,0.17757410995409148,0
18542,0.17756018226680556,0
9637,0.17755463737282665,0
10198,0.1775545295136411,0
355,0.17754902196370007,0
29429,0.17752831054343815,0
24211,0.1775182130454443,0
29061,0.17751310216453312,0
163,0.1775109753036855,0
26329,0.17748975048054233,0
16566,0.17748912271225428,0
8040,0.177429620165814,0
29404,0.1774254613049923,0
13703,0.17741754312059244,0
3319,0.177409877703276,0
10995,0.17740768972337262,0
28014,0.17739465851355937,0
2672,0.1773933882283477,0
7794,0.17738033753228902,0
9523,0.17737769493649633,0
28627,0.17737014140448476,0
5061,0.17736799077464208,0
1235,0.17734284332690536,0
14061,0.1773273463415875,0
13746,0.17731113021860417,0
2497,0.17730910818466358,0
14239,0.17728677632026302,0
8032,0.17727387091017902,0
16388,0.17727034397879055,0
566,0.17726526599970532,0
21112,0.17726347675306436,0
17335,0.177263176351053,0
18086,0.17724586033968534,0
26711,0.1772245170425187,0
2641,0.17722286242571791,0
9219,0.17721061173035504,0
13738,0.17719986485240038,0
1670,0.17719846529045827,0
9904,0.17717234173927413,0
8029,0.17714652101881007,0
15350,0.17713621672653107,0
30515,0.17713005332726472,0
29825,0.1771224222902555,0
31101,0.1771166774248003,0
7789,0.17709764070223818,0
15539,0.17705486940700227,0
10018,0.1770514178625303,0
30490,0.17702611715016783,0
4808,0.17702270580604648,0
3745,0.1770209567191702,0
26884,0.1770192231020114,0
22799,0.17701887805463168,0
7626,0.17701444592007834,0
8258,0.17701202496731888,0
17681,0.17700536777019926,0
7857,0.1770041015459852,0
22822,0.17699795830931084,0
14961,0.17697555054186695,0
20132,0.17695485408426934,0
19312,0.17694187019213245,0
20643,0.176930928030883,0
342,0.17691240129262095,0
4599,0.17691166478648973,0
14784,0.17688958046128672,0
16575,0.17687712849430334,0
26587,0.17686076412006677,0
17129,0.17685768766010043,0
7039,0.17684546805552595,0
24062,0.17684143744050332,0
21614,0.17674501928625094,0
16086,0.17671808760492244,0
20138,0.17670644831682367,0
10200,0.17669284770839583,0
17522,0.17666263064064128,0
723,0.1766524991970394,0
8900,0.17662472466077478,0
4557,0.17660362009372116,0
10099,0.1766020397354843,0
4142,0.17659435919951683,0
3895,0.17659251808822984,0
11138,0.17659174741753095,0
23970,0.17658239468230336,0
11328,0.1765738877861886,0
6775,0.17654318827617022,0
516,0.17653892098169513,0
25720,0.17652434597492053,0
17052,0.17651671717273001,0
13456,0.17650968033922465,0
5281,0.17648740179795863,0
16535,0.17648691942936498,0
21556,0.17648602694975415,0
29346,0.17648244641914368,0
19309,0.17647781078676178,0
7639,0.17646754946798904,0
23717,0.176465267344784,0
11139,0.17646357206595997,0
28294,0.17644606328842613,0
13945,0.1764288211526339,0
3837,0.17642671291873607,0
29212,0.176423799030452,0
25934,0.17642169256443296,0
17725,0.17641577637337102,0
17912,0.17641391348062296,0
4718,0.17641013745973372,0
11825,0.17640850991909185,0
17702,0.17640468053896846,0
9268,0.17640468053896846,0
157,0.17639803262991943,0
2775,0.17639445394768946,0
29341,0.17639260582667773,0
10053,0.17637928680906168,0
13451,0.17636652470899516,0
4271,0.17635739839946088,0
15846,0.17634876420941756,0
8941,0.176344748310041,0
20588,0.17633607498423068,0
10706,0.1763309936936136,0
13176,0.17632947759770634,0
5995,0.17631923452237575,0
19798,0.17631223099217336,0
22767,0.1763112969592995,0
24144,0.1763076872659618,0
15095,0.17630712259064965,0
27708,0.17630702148707328,0
18980,0.17629903814044617,0
12893,0.1762823514596144,0
28769,0.17627292578553702,0
6559,0.17626650266286675,0
10628,0.17626242677656076,0
213,0.17625829210490274,0
2136,0.17624004283114345,0
21173,0.17623746699508003,0
15098,0.17623653047961277,0
4889,0.1762364455970638,0
22184,0.17623378332024076,0
16337,0.1762336688243116,0
31155,0.17622309505820963,0
2881,0.17622165811815527,0
29181,0.17621099505918067,0
12058,0.17620823834925037,0
16664,0.17620304703193718,0
22966,0.17619400522640458,0
1632,0.176193814363086,0
13197,0.17619090383694008,0
12182,0.17616837185005388,0
25014,0.17616647361443466,0
5988,0.17614968072128323,0
12263,0.17613814612305895,0
11317,0.17612924969013213,0
20123,0.1761244397128742,0
12774,0.17611815643510917,0
18373,0.17611160974091622,0
5885,0.1760924511419864,0
9552,0.17608922354036824,0
19580,0.17605004394131277,0
28944,0.17603279046633397,0
16989,0.17601665209880185,0
21629,0.17600392831522996,0
6814,0.17596902223558647,0
3204,0.1759614421773909,0
14514,0.17595343562475257,0
9334,0.17594998661487002,0
18938,0.17594825848027718,0
6689,0.17593576440358702,0
1655,0.1758870437383757,0
26774,0.17587341915467367,0
26461,0.17585768790590453,0
21703,0.17584808343669578,0
7438,0.1758300178559907,0
17053,0.1758182548292087,0
23771,0.175794295540941,0
26104,0.17578910600944306,0
14164,0.17578822267028027,0
7007,0.17575825780747117,0
20790,0.17573327924987614,0
1899,0.17572111875479554,0
7886,0.17571942440914104,0
5888,0.17570469748265738,0
27201,0.17569625538905712,0
24159,0.17566387458416904,0
20599,0.17565769830254627,0
9406,0.17565256652082556,0
11005,0.17565202257106022,0
3232,0.17565192929365384,0
5849,0.17561664552542486,0
13729,0.1756032609439567,0
9454,0.17558234363921568,0
473,0.175536779758648,0
5498,0.17553251903228442,0
1674,0.17552271180750875,0
24382,0.17550771781040939,0
19657,0.17550721601304645,0
31191,0.1755044107490377,0
81,0.17547514088531396,0
12456,0.17547076995447447,0
18488,0.17546723212055843,0
26441,0.17545602193357449,0
18018,0.1754540078246646,0
2716,0.17543461866865948,0
7093,0.17540961375995448,0
12945,0.175375310907406,0
22203,0.17535157604293058,0
19930,0.17534934323883067,0
26321,0.1753468231063376,0
26176,0.17533313396923084,0
28930,0.175316329965484,0
4123,0.17530619621207566,0
26743,0.1753007023444483,0
23578,0.17529844291632102,0
23896,0.1752767370994968,0
12241,0.17527442022099773,0
30274,0.17526577189279013,0
15834,0.17525692937660392,0
23357,0.1752490148930034,0
24204,0.17524332384693966,0
20641,0.17522603948317994,0
29441,0.17522254245401667,0
10878,0.17521518269949576,0
27844,0.17521366134458552,0
3545,0.17519347018525558,0
3629,0.17518677033766727,0
22472,0.1751859533312192,0
29022,0.17517494761582944,0
10,0.17516544388142596,0
275,0.17513586093157457,0
18050,0.1751289210927618,0
4150,0.17511471052295546,0
28830,0.17508586637880494,0
5855,0.17507239718713805,0
4979,0.1750689238001732,0
25545,0.17506273242473921,0
26552,0.1750459701248799,0
22724,0.17501843847513943,0
7876,0.17501304871720977,0
27586,0.17500941961655397,0
25782,0.17498758958174274,0
26166,0.1749852583392536,0
19175,0.17498015696841943,0
738,0.1749456039725777,0
3773,0.17494491670040865,0
24125,0.17493416583898727,0
10447,0.1749231628484676,0
23409,0.17491518879840018,0
18920,0.1749084507002023,0
23735,0.17490110143205395,0
10506,0.17488579713356928,0
2078,0.1748830509161053,0
19729,0.1748794345521228,0
8130,0.174865097137195,0
23177,0.1748587605837451,0
23507,0.17484836969022727,0
4398,0.17484786314847106,0
15259,0.1748389477181497,0
17287,0.17483813522083202,0
9283,0.1748380482123907,0
28062,0.17483776162841735,0
28320,0.1748267051776465,0
3914,0.17481150893074712,0
10283,0.1747975653621144,0
11866,0.17477753082553335,0
14468,0.17477130598392399,0
3971,0.17475298920778481,0
22779,0.17475019950683376,0
6774,0.17474398650475087,0
18959,0.17470892325680373,0
24007,0.1747015354147552,0
17691,0.17468961573770272,0
3727,0.17467657179323198,0
11967,0.17466412772525544,0
15882,0.17463088979878738,0
20786,0.174622652435662,0
4194,0.17461807561012743,0
14305,0.17458628401205448,0
22786,0.17458542582397843,0
20949,0.17458250964765362,0
21051,0.1745774633063597,0
21792,0.17457648162863448,0
18538,0.17457300603104017,0
2493,0.17457221276910675,0
29617,0.17456025964891608,0
10588,0.17454201150500823,0
22020,0.1745374166188223,0
22996,0.17452966829913963,0
26382,0.1745262207188601,0
20362,0.17451561461498372,0
10757,0.17450968107763543,0
20779,0.1744982610472046,0
30099,0.1744829101276701,0
8022,0.17443416055521105,0
16256,0.17442554143484934,0
12181,0.17441627242699279,0
26267,0.1744076479734824,0
7396,0.174403774514378,0
16932,0.17438560605869963,0
16129,0.17434122007161756,0
30331,0.17432406549231338,0
14154,0.1743057791844613,0
22254,0.17429158020007823,0
21008,0.17428128411428062,0
6810,0.17426340013178054,0
14706,0.1742624514303503,0
28001,0.17426170590230514,0
7187,0.17423903688606773,0
18785,0.1742329035757909,0
7597,0.1742025073918892,0
30484,0.17419818900806555,0
7123,0.17418190698835598,0
24709,0.17417905810344714,0
10954,0.1741771789099399,0
9760,0.17416483876785047,0
24824,0.17416168929093778,0
9148,0.1741477938776468,0
11662,0.17414207716516053,0
23592,0.1741306400351557,0
6002,0.17412746039811522,0
17672,0.1741220864073515,0
1445,0.17409362233488962,0
7851,0.17409327524849588,0
2952,0.1740917084987938,0
18752,0.17406241064923736,0
29969,0.17405751005132067,0
14310,0.17405434559902516,0
29062,0.17403575398842583,0
11033,0.17402106265420134,0
16876,0.17398703948325714,0
3103,0.1739833302534034,0
6288,0.17397876648481375,0
26897,0.17397326247376005,0
6137,0.1739085174130972,0
11017,0.173902514176254,0
15681,0.17388914441411887,0
22384,0.17388889111098993,0
28376,0.1738859490634992,0
9998,0.17387357829427416,0
13529,0.17383938421130307,0
16178,0.1738255915299232,0
6026,0.1738216422952333,0
9995,0.17381757227358555,0
18799,0.17381309719159937,0
25904,0.1738091591503554,0
16556,0.17380544067846096,0
289,0.17378446789576896,0
13959,0.1737714554178652,0
16073,0.17375523554024763,0
10813,0.17375392360489628,0
17985,0.17374341291568673,0
9106,0.17373508343343172,0
10645,0.1737318041155538,0
7688,0.17371851322600942,0
3315,0.17371440290597254,0
3790,0.17370038528328596,0
508,0.17367270774549604,0
23679,0.17365899209384503,0
15171,0.1735777312243833,0
23117,0.1735706102988444,0
25261,0.17355698641866485,0
3554,0.1735416967494105,0
24327,0.17352774060575968,0
7196,0.17345891569590172,0
10634,0.17345784571023326,0
16058,0.1734569016290228,0
19501,0.17344711827938938,0
6846,0.1734432151892804,0
8383,0.17343669529915043,0
18973,0.17339794924738722,0
11181,0.17338929743390114,0
5042,0.17338285178050936,0
18027,0.1733654611705479,0
23622,0.1733625025932851,0
25518,0.17335376752076798,0
4671,0.1733229990856797,0
15798,0.17332060795290807,0
19636,0.17329985187179303,0
8750,0.1732975566996539,0
14971,0.17326513113353,0
26017,0.17325298117197263,0
12209,0.1732487959778154,0
7033,0.173245134498584,0
28127,0.1732010259313864,0
297,0.1732000662001751,0
23838,0.17318545609333957,0
29269,0.17318355652116244,0
21677,0.1731738453305827,0
29273,0.17317029364780406,0
25184,0.1731488073674133,0
23803,0.17314019631108657,0
15675,0.1731360008260207,0
4854,0.1731270621072816,0
9113,0.17312497603845467,0
30593,0.1731102369554329,0
20160,0.17310913499720879,0
26520,0.17310623023179883,0
3838,0.1730951356395174,0
27703,0.17308634890245486,0
28597,0.17308192139715797,0
30431,0.17307884004949264,0
6863,0.17306123485034672,0
23012,0.1730326134779173,0
29409,0.17302863696814352,0
9251,0.17302640351602008,0
19376,0.17301138656169987,0
18757,0.1729904032852268,0
18703,0.1729549846067089,0
5894,0.17295038034189603,0
10109,0.1729494936763913,0
4816,0.1729492525845047,0
28833,0.1729480970422176,0
22603,0.17294112785720056,0
1770,0.17293717154459717,0
6245,0.17291066711070052,0
9408,0.17288623148194227,0
1778,0.1728629575836752,0
3551,0.17286150360599112,0
17439,0.1728554293784437,0
25678,0.17284805975959203,0
15256,0.1728216413094583,0
4074,0.17280628410617693,0
8364,0.1727973693497912,0
24725,0.17278848754129048,0
28244,0.1727822049422307,0
19763,0.17277721614240898,0
1347,0.17275563396711974,0
13018,0.17275176367149098,0
14801,0.17274380337977302,0
30390,0.17273560053768425,0
24143,0.1727265424414834,0
30113,0.17271353041179555,0
30761,0.17266382749226036,0
21096,0.1726242937954412,0
12618,0.1726163439303963,0
6292,0.17260921351167038,0
30679,0.1725969119734228,0
25100,0.17259458975990336,0
15267,0.1725924989819224,0
6624,0.17255323707590303,0
21247,0.17254841891854497,0
20518,0.17253845436872403,0
21417,0.17250851737786232,0
31134,0.17250323823499525,0
27124,0.172477667444224,0
11693,0.17245432480742154,0
26353,0.17244890945814803,0
6656,0.17244112521105948,0
22970,0.1723952989225126,0
12994,0.17237418303276136,0
25113,0.1723693324462047,0
16769,0.17236470841667872,0
30100,0.1723583237494385,0
16397,0.17232140890680697,0
10007,0.17231115588963306,0
28077,0.17229757949951136,0
21776,0.17228220390436352,0
11898,0.17226741003710314,0
15910,0.17226695085056803,0
29228,0.17225732959557014,0
13767,0.17225469313213512,0
178,0.17223578525856584,0
3411,0.1722229384390035,0
9918,0.17222063310807065,0
1393,0.1722186541901559,0
22112,0.17221741769854307,0
20996,0.17221664931555908,0
18921,0.17221458017788907,0
19949,0.17220335050668611,0
7576,0.1721958962644363,0
29023,0.1721596977780402,0
28483,0.17213146385033887,0
3562,0.17211792565335116,0
17803,0.17211717086708117,0
6307,0.17211393529568042,0
10102,0.17210518245577153,0
15654,0.17207559209745482,0
16432,0.1720702652689269,0
19909,0.17202885976999427,0
14938,0.1720071405524685,0
22521,0.17200223386329214,0
10367,0.17197278412503297,0
20913,0.17194189512126015,0
8759,0.17193026611466625,0
11769,0.17192906510297146,0
13999,0.17190434746743158,0
31086,0.17190407415313783,0
22710,0.17189948041277187,0
7058,0.17189502620352862,0
16498,0.17187062950350487,0
15635,0.17184732607000858,0
6551,0.1718382457896354,0
27331,0.17183712862582845,0
25217,0.17182310304569512,0
29686,0.17181854748550138,0
20803,0.17178999934967684,0
30708,0.17178966639479323,0
16088,0.17178742403800132,0
20080,0.1717821412859239,0
18121,0.17177957529614976,0
22277,0.1717764211711591,0
18594,0.17177379695344844,0
23580,0.17176666258933682,0
19295,0.17176580788879306,0
21887,0.17175483485492102,0
8014,0.1717462715729212,0
7275,0.1717326720077331,0
79,0.17172719776082718,0
19346,0.17172165146657423,0
23830,0.17170669642325553,0
3441,0.1716852470576974,0
26018,0.17168365879145933,0
18775,0.1716619942553184,0
25675,0.1716557916026958,0
14759,0.17164561703107012,0
25764,0.1716443313561706,0
25926,0.17164006079490793,0
31328,0.17159753495383734,0
6989,0.17158881440483284,0
27763,0.17158557322703416,0
17297,0.17158477065428163,0
6390,0.17158436083980022,0
17713,0.17158412314599378,0
9940,0.1715800600072406,0
28482,0.17154110103330017,0
16352,0.17151500512820347,0
19231,0.17150832591175422,0
160,0.17149663039135277,0
5579,0.17147661067499972,0
22874,0.17146661123650794,0
23055,0.17146144296899396,0
6202,0.17145246559615973,0
22518,0.17142017663235634,0
2823,0.17139716076582967,0
23500,0.17136498232246444,0
24960,0.17134979682163667,0
17068,0.17134945930958095,0
14553,0.17132888065052707,0
29868,0.1713235768054284,0
17852,0.17132024945440982,0
7686,0.17130903314590845,0
12899,0.1713087768087757,0
4463,0.17130504834474006,0
24633,0.17129283192526695,0
29775,0.1712487864120221,0
19769,0.17124433403270925,0
9559,0.17122910885865117,0
9053,0.17121339634858718,0
21095,0.17119952630170904,0
3059,0.17119440248453557,0
28846,0.17118712799430258,0
2084,0.17116946298166544,0
22676,0.1711582181014771,0
6113,0.1711534597611185,0
30939,0.17115063104421513,0
14355,0.17112674429554925,0
25727,0.171095327522632,0
12008,0.17108801654235978,0
5066,0.171075758636958,0
28430,0.17107285327532665,0
20983,0.17107225063957454,0
21280,0.17106642123232446,0
17794,0.17105184028218,0
9770,0.1710466620824248,0
27917,0.17104389418193033,0
17827,0.17103301133993754,0
24213,0.17102784292484977,0
4119,0.17101898550340372,0
1996,0.17099962058932155,0
21992,0.17099719678964528,0
3302,0.17098943048497117,0
14237,0.17098876756739756,0
6355,0.17097218397799008,0
27061,0.17097132962094064,0
22553,0.17097107678551693,0
23237,0.170964720364319,0
21258,0.17094583034293948,0
21295,0.1709312012965887,0
15819,0.17092274897528248,0
14238,0.17090090997230972,0
8276,0.17089544885365293,0
7159,0.17089076620605176,0
8627,0.17088920184929773,0
28194,0.1708826846027136,0
25747,0.17086808601928355,0
27991,0.17086521419612968,0
12864,0.17086127454915453,0
13849,0.17082293937615295,0
21416,0.17081095297992122,0
9814,0.17080387798402807,0
8234,0.17078505585407744,0
18931,0.17078359325446596,0
27103,0.1707805312329338,0
26828,0.17077591724701105,0
1573,0.17075367742741757,0
1784,0.17074971586502194,0
1270,0.1707486931778832,0
16011,0.17073269608687866,0
5166,0.17071093794520842,0
115,0.17068681997769322,0
2971,0.170685785994257,0
5889,0.17068333300513241,0
20475,0.17067030966349656,0
269,0.17065763069737083,0
24223,0.17064874842386385,0
29284,0.17063136432339704,0
12440,0.1706255622516178,0
20933,0.17058144992858323,0
1518,0.17058040531415986,0
30356,0.1705659524894139,0
6164,0.17056072354139992,0
17366,0.1705471069522683,0
12799,0.1705393557659909,0
15524,0.1705383846662822,0
18185,0.17052371097701308,0
27138,0.17052174416275093,0
20037,0.17052108276324598,0
11225,0.17051876853018666,0
8609,0.1704784475786017,0
14169,0.1704755324564747,0
12331,0.17046710786212657,0
22614,0.17046457070020204,0
2634,0.17045937981610984,0
15124,0.17045007605462398,0
25990,0.17044848137948374,0
9683,0.1704478793965329,0
27175,0.1704146363447564,0
15870,0.1704126755739729,0
1502,0.17040738353920518,0
10950,0.17039537187785803,0
5175,0.17038520741113353,0
13773,0.17035733857527086,0
10816,0.17035117042732265,0
28868,0.17034407234422183,0
31129,0.17031689512696452,0
12663,0.17030452456236575,0
11199,0.17029602017202794,0
412,0.17028801818980585,0
21450,0.17028729393655428,0
20700,0.1702336963810497,0
1034,0.1702311377700323,0
8340,0.17022908651017143,0
7537,0.17022260365360914,0
13885,0.17019785176260285,0
8521,0.1701631131945244,0
5443,0.17014801877017102,0
2035,0.170139377855339,0
5860,0.17013777475104097,0
27972,0.17013488249956563,0
19016,0.17011022977739226,0
25890,0.17011003831875385,0
30785,0.1701070158310192,0
1181,0.170105047529303,0
23818,0.17008845054026875,0
26592,0.17004915936289566,0
24387,0.17004274210239095,0
10116,0.17001690722714272,0
9480,0.1699630796690099,0
14771,0.16996236194024938,0
22100,0.16995771739851326,0
19487,0.16994001793499056,0
13274,0.16992952462204708,0
3104,0.1699294863398776,0
3314,0.1699170378838333,0
12553,0.16991208102226388,0
4835,0.16990239625075354,0
26186,0.16989994529343513,0
1631,0.16989848615748748,0
7728,0.16987484730710126,0
4005,0.16987335233497994,0
739,0.16985960203610947,0
21272,0.16985736322703862,0
16259,0.16985612037783285,0
2274,0.1698337851801325,0
26827,0.16982543083144375,0
6818,0.169820885453212,0
26915,0.1698197113819078,0
14298,0.1698167803245456,0
24013,0.16980588939915425,0
4001,0.1697977721468126,0
30865,0.16978264348285962,0
26397,0.16977119138619268,0
29486,0.16976519163142562,0
26275,0.16975797484005034,0
5236,0.16973468856562718,0
2717,0.169721058545709,0
27663,0.16971285761358626,0
5581,0.16969345052917148,0
28249,0.1696883073838892,0
30580,0.1696797274658336,0
7606,0.16967839473683782,0
2333,0.16967712212158603,0
22240,0.16963516583861057,0
29357,0.16961642925425377,0
12872,0.1696151519513607,0
860,0.16961373440936398,0
26551,0.16961313750298387,0
379,0.16961110371574473,0
11745,0.16960095257417637,0
11643,0.16960015048237384,0
31052,0.1695930804565896,0
11841,0.16958229176772316,0
19099,0.16956248197869045,0
26215,0.16949972101273839,0
11289,0.1694914717100681,0
24085,0.16947977610435686,0
7365,0.1694708861394645,0
3688,0.16947021497914594,0
27746,0.16945921684332305,0
14719,0.16945812293248608,0
9434,0.16944953962914394,0
19338,0.1694275055603386,0
23703,0.16938143968079733,0
30863,0.16937876374931451,0
29268,0.16936449170083134,0
28153,0.16934458383047077,0
20646,0.16933799961510915,0
28064,0.16930820946932892,0
9546,0.16930374619443903,0
15580,0.16930203997649523,0
26101,0.16929531014936713,0
1729,0.16928733824733402,0
11783,0.16926744423375822,0
8003,0.16926736185823324,0
16797,0.16926024925821007,0
9067,0.169230071945668,0
24287,0.169223759669907,0
8063,0.1692151004244224,0
7346,0.1691626257113836,0
11472,0.16912158256326354,0
28533,0.16911306350022007,0
8993,0.16910933564964947,0
991,0.16910191094428217,0
10511,0.1690904716085085,0
6456,0.16908911903379767,0
23335,0.169068820604197,0
2747,0.16906802557746758,0
25146,0.16905601093996148,0
12596,0.16901897521862327,0
4394,0.16901755041258648,0
30643,0.16898850013689995,0
22781,0.1689780364350795,0
23249,0.16896759139725198,0
30091,0.16894064866039435,0
27389,0.1689169273574847,0
13100,0.16890547687969185,0
13060,0.1688886482053298,0
18746,0.168880702702418,0
28641,0.16887587361841128,0
6705,0.1688653870765821,0
7897,0.16883881335903228,0
28033,0.16883107502140082,0
4149,0.16882575787672205,0
10389,0.16881707800884602,0
24069,0.1688102444837817,0
19615,0.16879497902638133,0
2295,0.16877082071524518,0
1251,0.16875790008047098,0
13614,0.16871086163703541,0
18008,0.16869742673119695,0
17142,0.16869497705625475,0
14189,0.1686405699579761,0
26786,0.16862496983295164,0
2709,0.1685635306910698,0
21256,0.1685463114660302,0
2572,0.16853273491046855,0
13062,0.16853103674010073,0
24758,0.16852799618332387,0
11134,0.16852162129812365,0
7343,0.16850293428545246,0
8044,0.16849138548077916,0
2986,0.16846864809589163,0
19426,0.16846555476230937,0
2748,0.16845333661949613,0
1425,0.16844875731888265,0
22626,0.16843253278732648,0
25181,0.16843184867717326,0
28321,0.1684300678437891,0
27371,0.16842752985875337,0
3934,0.16842492230319756,0
10791,0.16840774349987586,0
15841,0.16838987389919968,0
2268,0.16837943577393855,0
25711,0.16836571330145975,0
9426,0.16836271220447166,0
7359,0.16836044006145617,0
11035,0.1683580357877887,0
20975,0.16834780967522597,0
30255,0.1683468476224683,0
22253,0.16834280633804177,0
16421,0.1683273414356328,0
17377,0.16831286947223653,0
13469,0.1682948078153737,0
1488,0.16828797669557943,0
29154,0.16827466604470273,0
19903,0.16827228679197867,0
8055,0.1682621882960312,0
19300,0.1682568386387562,0
28052,0.16822780671300724,0
18658,0.16821675402996536,0
16045,0.16820447716866588,0
13890,0.16819394684868158,0
28171,0.16819131295214387,0
25554,0.1681804203606108,0
21222,0.16816786706529277,0
30804,0.16814002568106617,0
23195,0.16813557053800252,0
9762,0.16812537374616718,0
27761,0.16812316619906154,0
29678,0.16811496219412553,0
19542,0.16808986487734554,0
27251,0.16808697255165003,0
25321,0.16807579763900532,0
22527,0.16807542763419733,0
3563,0.1680636755219323,0
14840,0.16805915179001907,0
17303,0.1680286038411694,0
20157,0.16801233948869407,0
24778,0.1680094179096924,0
26103,0.16798838082338707,0
23236,0.16797510994519807,0
9457,0.16796592621199424,0
24317,0.16796571661203213,0
5047,0.16794633103147816,0
24605,0.16794096029099506,0
18401,0.16792583246829867,0
11912,0.16790656320191846,0
1080,0.1679024285087956,0
18156,0.1678976048533795,0
5768,0.16786106400304018,0
16228,0.1678494549301303,0
11126,0.1678349270661214,0
13462,0.16783346012779393,0
6961,0.16782878174893018,0
5519,0.16782166482244598,0
22964,0.16782094829083857,0
6414,0.16781729300150666,0
15690,0.16780093422863648,0
27648,0.16778493009328607,0
19602,0.16778124720264273,0
26731,0.1677684958432039,0
26024,0.16775583144739425,0
1736,0.16772600353217182,0
25451,0.16771819425999207,0
19344,0.1677112894750653,0
27983,0.167697871418669,0
10807,0.1676448050294635,0
28257,0.16763754224187566,0
30859,0.16762847637285938,0
263,0.16762719410981028,0
1497,0.16761851556306412,0
22985,0.1676134326993764,0
17882,0.16760748988247592,0
20930,0.167599373037692,0
989,0.16759818138437266,0
21896,0.16759198835223532,0
2094,0.16758863461845344,0
4745,0.1675818607570718,0
2512,0.16757544664190502,0
24591,0.16757149808337218,0
30023,0.1675544949950567,0
19953,0.1675482266703505,0
8453,0.16754604139291995,0
15047,0.16754139233848378,0
21926,0.16751324078302532,0
18052,0.16750871689852787,0
15857,0.16750715852342382,0
22398,0.16750450459575486,0
16781,0.16747159357670668,0
19157,0.16747095617223218,0
11051,0.16746309462149955,0
6983,0.16746235055297756,0
15198,0.16744705173976535,0
6217,0.16742676159047185,0
16829,0.1673749088177018,0
16594,0.1673727419493005,0
6229,0.16735656636563842,0
18619,0.16734769127731597,0
25961,0.16733822246462587,0
4376,0.16732064326680465,0
12903,0.16732019174186077,0
9692,0.16730971573963335,0
3760,0.16730047606550508,0
16034,0.16729553401852879,0
1169,0.16729386072241936,0
27952,0.16727835656662843,0
30907,0.16727370858576332,0
12420,0.16723930787279875,0
2977,0.167235489805405,0
21291,0.16723318285475716,0
7163,0.16722232015674915,0
11408,0.16722199960532907,0
29635,0.16722108417753667,0
27142,0.1672157420843919,0
7327,0.16719781674257303,0
18755,0.1671422416115323,0
15448,0.16713493137436664,0
3452,0.1671348219883263,0
20315,0.16711829240737117,0
26231,0.16711611192390655,0
23755,0.16711342673000862,0
9502,0.1671033983931245,0
20773,0.16710110048134652,0
10775,0.1671006771565804,0
8331,0.16709875057858045,0
19381,0.1670794431947238,0
10936,0.16707491403509192,0
26291,0.1670461195143941,0
23486,0.16702144609386763,0
14214,0.16701495767297797,0
10390,0.16698762585801907,0
6401,0.1669800755698685,0
2470,0.1669466082055157,0
29985,0.16694135238259056,0
21277,0.16693181956810688,0
24906,0.1669217591583439,0
18102,0.16691736178546382,0
17473,0.16690134782231122,0
29716,0.1668876952772668,0
9936,0.16687131860621693,0
7329,0.16686384893787656,0
2739,0.16685372067847026,0
27542,0.1668489215628622,0
7091,0.16684078345095033,0
23298,0.1668399680262172,0
16712,0.1668232542578769,0
10404,0.16682025389808042,0
16377,0.16681920063314984,0
31120,0.1667935501381137,0
25129,0.1667893201788054,0
15484,0.16677691652909105,0
1684,0.16677110878364257,0
23726,0.16676928443734165,0
5143,0.16672193644423366,0
12404,0.1667200372456712,0
367,0.16671491846885694,0
9248,0.1666900631491376,0
14808,0.16668830914619354,0
12522,0.16666641377410796,0
10492,0.16666596983913773,0
2714,0.16666366784455014,0
12086,0.16666098091109016,0
12293,0.16664740351425544,0
21449,0.16662606208617536,0
3289,0.16661275757412217,0
3797,0.16657710867725128,0
29402,0.1665760080664894,0
26609,0.16656802425155953,0
20431,0.1665618987690144,0
12985,0.16655966365302546,0
3388,0.16655506232067518,0
9391,0.16652683995475293,0
24929,0.1665054438243175,0
17301,0.16649571831142437,0
23508,0.16647453507735538,0
15019,0.16643276596540982,0
27571,0.16642796442239083,0
16802,0.16641510527463244,0
31202,0.16639547934152815,0
21658,0.16639017210643703,0
26088,0.1663883247347013,0
8268,0.1663760951484367,0
16231,0.16635846465105975,0
6711,0.16635501698188104,0
17841,0.1663438191958325,0
8853,0.16634050292150462,0
21725,0.1663345690457503,0
23167,0.1663182790066648,0
4901,0.16629991307456757,0
19746,0.1662908119725214,0
4165,0.16628054088545233,0
18805,0.16625670506973772,0
24733,0.1662535467962111,0
9777,0.16625003338753486,0
21072,0.16624156723516115,0
21994,0.16622045518588888,0
20140,0.16621193679094518,0
19407,0.16621186359839896,0
23187,0.16620893860750496,0
5046,0.16620587328701525,0
14277,0.16619413683590575,0
13343,0.16617825997506108,0
8343,0.16616932397466497,0
16547,0.16614130584623688,0
17460,0.16613034436906393,0
24300,0.16612726698268607,0
1373,0.16610952651017544,0
23842,0.16610360013916203,0
6978,0.16609982326649006,0
15173,0.16609603597794126,0
12698,0.16609352441047473,0
12661,0.16609346434434166,0
30451,0.16608500187962016,0
22431,0.166073327542454,0
20787,0.16606939293655412,0
3108,0.16605134011209735,0
25963,0.1660491635522582,0
11523,0.16604408595345194,0
21965,0.166043816959203,0
19541,0.1660275254292465,0
12639,0.16601554410902417,0
5074,0.16599533523958437,0
22067,0.16598196847609548,0
28954,0.16598026285986073,0
8605,0.16597099001221532,0
10571,0.16596411105789455,0
8632,0.16592353129385742,0
24267,0.1659033496939379,0
1874,0.16590305435457867,0
2337,0.16588235448764393,0
8554,0.16587193370058592,0
27193,0.16586326725926817,0
13926,0.1658621759639322,0
2602,0.16585839833541674,0
10286,0.16585276617790626,0
11468,0.1658518751366275,0
18967,0.16584241650625026,0
30950,0.16582769839076214,0
23974,0.16578080067698497,0
1020,0.16576911098436992,0
18307,0.16573730994919053,0
5435,0.16573489731629348,0
18138,0.16572778340381736,0
20311,0.16571715043951749,0
7074,0.16571610749077995,0
20339,0.16571027963221,0
7799,0.16570897196232878,0
1774,0.16570434880990728,0
19632,0.1656907932579593,0
16740,0.16568458645574785,0
17492,0.16565569218251508,0
687,0.1656468453661183,0
4085,0.16564113792700946,0
24809,0.16562526539763564,0
30952,0.16560749371269307,0
13725,0.1656074383897508,0
22049,0.1655780195528437,0
4654,0.16557331623868454,0
23018,0.16557257292721622,0
15207,0.16553753517082395,0
20168,0.1655257430114965,0
18268,0.16551914767948556,0
4286,0.16550376263916788,0
5444,0.1655028446535796,0
4867,0.1655014789373372,0
12782,0.16546935917100117,0
19635,0.16546910392431693,0
4977,0.1654498637032883,0
20224,0.16543922696021876,0
22413,0.16543587005908703,0
10812,0.16543187723732072,0
15251,0.16541397530062504,0
25569,0.16540651111515353,0
12535,0.16538617220852264,0
19743,0.1653789668754064,0
25875,0.1653449005424566,0
19103,0.16532928073626574,0
19303,0.16531913016636948,0
25831,0.16531785571237648,0
17987,0.16530646314476574,0
573,0.16528108885877052,0
26585,0.1652742727350648,0
22134,0.16526854399725707,0
458,0.16526831860080102,0
20253,0.16522687022552798,0
12932,0.16522130279044464,0
18099,0.1652186199950914,0
4152,0.16520754428810253,0
13630,0.1652063113409018,0
9630,0.1651906312944861,0
8108,0.16516559105187847,0
9752,0.16516386921751508,0
23980,0.1651360745783556,0
10736,0.16513501037962855,0
29473,0.16512531368849717,0
12853,0.16512096167416343,0
5679,0.165120175357172,0
26960,0.16508180936908715,0
2857,0.16507018313689392,0
3964,0.1650608675026024,0
11737,0.16505933200225498,0
20009,0.16505199007196267,0
20099,0.16504796177879313,0
29789,0.16503363384364314,0
26932,0.16501600683215714,0
11308,0.16501357069070174,0
20981,0.1650072129836316,0
25824,0.16500658987388242,0
27667,0.16500624858354912,0
17387,0.16500565434600825,0
2023,0.16500564304147278,0
19097,0.1649989712645525,0
21064,0.16499895690642358,0
7506,0.16499127808605948,0
13752,0.16497647561114637,0
12697,0.16496340588175507,0
17700,0.16493875647024606,0
17173,0.16493489532335892,0
15872,0.164933193490182,0
10429,0.16493054848009966,0
26527,0.1649267748005045,0
16221,0.16492430030303948,0
15374,0.16490814877796484,0
28515,0.1648931092291387,0
23523,0.16485762398110432,0
9421,0.16481983316420556,0
23516,0.16480859322192906,0
8864,0.1647541278925766,0
5861,0.1647499484196422,0
24908,0.16474521886368215,0
21069,0.16469629686136478,0
2067,0.1646609291002611,0
27891,0.1646337853895474,0
21917,0.16462841774186937,0
12993,0.164611785696139,0
22841,0.16460477131301918,0
19991,0.16456458274153435,0
3680,0.16456077522761042,0
14422,0.16455983881953223,0
31073,0.16454418290969336,0
2643,0.16454289873620145,0
22685,0.16453162165376015,0
2290,0.1645217444954947,0
18895,0.1645153768820109,0
22982,0.16451273891409343,0
3002,0.16447312792686425,0
15774,0.16445508693273655,0
25115,0.16443160045108018,0
13929,0.16443050769761305,0
2875,0.16442812750052338,0
31158,0.1644276777372422,0
12341,0.1643843537658114,0
3817,0.16437987575073493,0
20078,0.16435850410149314,0
23418,0.16435145976462504,0
2539,0.16434196609643517,0
22077,0.16434070929880804,0
23800,0.16433848145185653,0
23240,0.1643205199258546,0
25367,0.16431370470567747,0
958,0.1642739524201656,0
11868,0.16426666466445194,0
23083,0.1642649048327829,0
23424,0.16425100373177098,0
24714,0.1642488228191626,0
13799,0.1642464228604562,0
25713,0.16424114894206795,0
22567,0.16422418101586314,0
29586,0.16421469388573356,0
24509,0.16421415516643856,0
14439,0.16421309663034925,0
323,0.1642117581076342,0
9981,0.1642099589799719,0
6557,0.16418350108354612,0
13804,0.16417792622729618,0
31268,0.16416899182609923,0
21780,0.16416697549601214,0
9171,0.1641492951674066,0
10494,0.16414384114128158,0
13208,0.16413864651526444,0
3366,0.16413174435614558,0
16921,0.16411037929326813,0
19678,0.164107779175743,0
13305,0.16410663419716967,0
8882,0.16408242829559977,0
19191,0.16407778393673383,0
27934,0.1640488542213033,0
19821,0.16403730855966958,0
17632,0.16403547119038675,0
9799,0.16401877752238656,0
1076,0.16401152452649181,0
6987,0.16399599077472288,0
30651,0.1639920748958427,0
22818,0.16398554349616049,0
14535,0.16397775727876104,0
9503,0.16397355397528585,0
25829,0.16397042573710735,0
12867,0.16396736866256265,0
14854,0.163920921896905,0
31313,0.1639152830343586,0
29118,0.16391440683856856,0
8912,0.16391275295711236,0
3792,0.16390134375115004,0
30410,0.16389762437430502,0
9197,0.16389701987182356,0
20688,0.16389629068714232,0
8358,0.1638884445056904,0
14542,0.1638866287774948,0
17259,0.16388101333217983,0
14102,0.1638657990691399,0
5296,0.16386525687683712,0
14455,0.16384024931779756,0
9551,0.16383323867178023,0
13075,0.16381528520865266,0
17883,0.16381363848162894,0
24880,0.1638053910575083,0
22216,0.16379726060270403,0
10186,0.16379620759982694,0
15146,0.16378422930906392,0
2818,0.16377880059347558,0
2492,0.16377297946655234,0
690,0.16376973382532842,0
24233,0.16372837094867454,0
2945,0.16369584440992335,0
29092,0.1636740955099445,0
18378,0.16366052066332043,0
9717,0.16365545747291627,0
23626,0.16362870744630512,0
17507,0.16360861020305062,0
30092,0.16359659564564213,0
16835,0.16359561982782092,0
31161,0.16358220267694906,0
15577,0.16357696473311123,0
30337,0.16354748513713113,0
18706,0.16353601847587684,0
25887,0.16351678528606672,0
21304,0.16350875632778927,0
11310,0.16350580372884657,0
1124,0.1635019009017357,0
26068,0.16349739746500253,0
15496,0.1634854900636828,0
5194,0.16347947573168076,0
233,0.1634758528856893,0
28505,0.16344972049216167,0
31006,0.16344790346893517,0
7866,0.16344504292330606,0
23583,0.16343876351274977,0
27112,0.16343725640186496,0
23901,0.16339527178622051,0
5399,0.16337830117109012,0
27271,0.163340997560688,0
12137,0.1633389832778032,0
26950,0.16333879019688247,0
1329,0.1633324746112459,0
28039,0.1632975678464028,0
2876,0.16328843405746316,0
26425,0.16328334599699787,0
2767,0.16328175516024881,0
55,0.1632767854117395,0
2299,0.1632755662691665,0
14947,0.1632429000504948,0
12179,0.16323438975572127,0
9506,0.16322748431976777,0
13229,0.16322578392223824,0
8128,0.16322029921059866,0
28932,0.16321585417527643,0
19488,0.16320305780617925,0
6447,0.16318070723974093,0
29271,0.16313520454275618,0
29470,0.16311914823193494,0
6201,0.16310587787560413,0
26824,0.163098402637095,0
6362,0.1630812758603673,0
6309,0.1630776095291931,0
14150,0.16307484629494695,0
19179,0.1630548212519501,0
6004,0.16304801004284705,0
15926,0.16302257145299662,0
14375,0.16300524788014453,0
21374,0.16300036057174797,0
2552,0.16299395394459604,0
10263,0.16296573822183205,0
1246,0.16296547581700044,0
28757,0.1629497433176269,0
30606,0.16294366622554057,0
9769,0.16293488790928323,0
21234,0.16291369786730533,0
23713,0.16289916085899547,0
622,0.16287308056193534,0
7691,0.16287307002656212,0
24236,0.1628657696319162,0
10356,0.16286313182361667,0
17994,0.16286239071381364,0
7555,0.16285330356500613,0
5709,0.1628517826954103,0
679,0.16283441983905841,0
17266,0.16280873373473193,0
18726,0.1627959824788184,0
26675,0.16278724966920785,0
23192,0.16278203753842357,0
5366,0.162776252104612,0
22714,0.16275771145590512,0
29377,0.16272921651391872,0
5681,0.16268217465634222,0
30394,0.1626790413200796,0
2789,0.16267775729623468,0
8134,0.16266933081129417,0
13815,0.1626465051945704,0
12070,0.16263173936911504,0
20272,0.16261570598572417,0
27172,0.16260857853014696,0
29998,0.16259570402387705,0
17450,0.16257911479034864,0
7599,0.16257378209030118,0
25736,0.16256795045234437,0
31240,0.162544516788817,0
3531,0.16252569429065664,0
8456,0.16251248377115993,0
2712,0.1625090719767876,0
15423,0.16250346586262818,0
18428,0.1624782578044991,0
27337,0.16243925936280612,0
19352,0.16243459458140008,0
26234,0.16242434475796994,0
19932,0.16241105863844024,0
28614,0.16241053211351508,0
21426,0.16238153094853341,0
708,0.16236351681292852,0
15108,0.16236053994408622,0
23545,0.16234574353670564,0
20550,0.16234536222600746,0
28923,0.1623414937210045,0
15971,0.1623157422678516,0
4482,0.162304338219706,0
4542,0.16230395373486972,0
30047,0.16230236960460545,0
20459,0.16230158567490768,0
21834,0.16229581460115003,0
10054,0.1622950628652879,0
8804,0.16229070286603037,0
5147,0.16225013803564167,0
9463,0.16223079805273738,0
789,0.16222108093105903,0
22143,0.16218895316840437,0
6790,0.1621874585095885,0
6867,0.16218697229867923,0
11864,0.16217829610588785,0
3386,0.162173530465434,0
12557,0.16217340258547,0
22451,0.16217267265713556,0
20541,0.16216775393642202,0
6322,0.16214540846722136,0
27948,0.16213363751697427,0
591,0.16211165619488394,0
13870,0.16210667218207594,0
11222,0.1621020601622867,0
18689,0.1620875098692243,0
11147,0.16207638362385401,0
30399,0.16206804792216825,0
31315,0.16206285062798742,0
24564,0.16202475753476628,0
13261,0.1620188186561803,0
26304,0.16200999178319747,0
25587,0.162001388982915,0
20488,0.16199194196296696,0
20640,0.1619904420617362,0
26374,0.16198512504874799,0
11526,0.16198392404928647,0
29498,0.16198299411507186,0
14401,0.16198168217927514,0
1602,0.16197042131531514,0
13363,0.16196885588509213,0
25354,0.16195838946536503,0
2879,0.16192698600404007,0
1917,0.16191483432468057,0
22204,0.16191374622350907,0
6634,0.16191047223562585,0
24769,0.16190210289083187,0
4164,0.16189996258818584,0
13859,0.16187302983774493,0
26608,0.1618566148456389,0
16158,0.1618492541276836,0
1279,0.16184918267284742,0
23776,0.16184727864858178,0
17454,0.16183812826533214,0
1308,0.16182210476297715,0
3705,0.16181671343501858,0
23367,0.1618140567772594,0
20474,0.1617911771065207,0
6352,0.16175258369700438,0
7384,0.16171911931344393,0
11221,0.16171541974578096,0
19578,0.16170792778009574,0
17661,0.16168356657153748,0
30034,0.1616778826003662,0
20946,0.1616688615328897,0
10549,0.16165785789482867,0
27374,0.1616262736895015,0
4670,0.16161542068831902,0
5163,0.16159885579778632,0
8827,0.16159105703035503,0
7389,0.16157913062556406,0
29928,0.16157270149239455,0
8279,0.16156431451759978,0
1283,0.161556145879458,0
26495,0.1615117106828486,0
10558,0.16149775915414488,0
24110,0.16147628657642144,0
12711,0.16146715888996138,0
193,0.16146498888866267,0
14940,0.16145803590373453,0
17560,0.16144862712833347,0
9280,0.16144615756314118,0
21547,0.16142361361579297,0
17124,0.1614162054946143,0
23453,0.16139459090491262,0
23491,0.16138131305667186,0
21451,0.16138024413966534,0
8071,0.16136236955515937,0
18071,0.16129875760863172,0
29986,0.16128992993414237,0
26503,0.16128336952329483,0
18004,0.16127960877695763,0
11996,0.16126574039518943,0
11136,0.16125436385983685,0
9654,0.16124941050515446,0
10709,0.16124268012822807,0
29217,0.16123903442042653,0
10366,0.16123441752475984,0
22274,0.1612270266431976,0
5723,0.16121938733739133,0
29250,0.16119987905904284,0
5572,0.16119713453071577,0
27418,0.16118534398011466,0
4191,0.16118096859254372,0
29630,0.16116550363614698,0
26197,0.16116378408885662,0
25234,0.16115241770758082,0
30478,0.16114401246497884,0
26207,0.1611398562265361,0
26517,0.1611323610366704,0
11458,0.16113156590783853,0
13546,0.1611287527035943,0
20756,0.16109830196818048,0
2593,0.16109702905459136,0
784,0.16108395571282005,0
29364,0.16107659909134878,0
19929,0.16106339433376068,0
25976,0.16106009271085828,0
29588,0.1610435414379868,0
11719,0.16102442722626595,0
3356,0.16100899393963297,0
3623,0.16100467678954114,0
24322,0.1610033833837579,0
27821,0.16099739145576877,0
16151,0.16099279826674023,0
9733,0.16098968026215624,0
16607,0.16098677933230218,0
1895,0.1609624344189631,0
14209,0.16095415354554818,0
16410,0.16093313500224457,0
23326,0.1609171154444977,0
27896,0.1609041943829539,0
6080,0.1608913618816699,0
19739,0.16088832400979047,0
11571,0.160886302211237,0
250,0.1608797500837213,0
16146,0.16085339898355133,0
14018,0.1608461317823844,0
13516,0.16083399205585053,0
11077,0.16082541324231223,0
3324,0.16081438688211772,0
30191,0.1608058421472488,0
13876,0.1607960141046774,0
3842,0.16077818490321394,0
28685,0.16077421926221228,0
5000,0.16076761720412755,0
27135,0.16075650617978565,0
14598,0.16073037781309463,0
23777,0.16071597037584606,0
10924,0.1607148266130394,0
17011,0.16070551859724788,0
17308,0.16067363351830963,0
20697,0.16067136351479383,0
20323,0.16066120599952952,0
13478,0.16066038537578536,0
4804,0.16066012699645021,0
13401,0.16065449968837325,0
11337,0.16061919167834054,0
18211,0.16061917914411022,0
7676,0.16061688481350075,0
5787,0.16057091636474674,0
9416,0.1605574563106726,0
16213,0.1605424933006568,0
7979,0.16053853894282832,0
29432,0.16053651663705376,0
896,0.16053432631443942,0
7150,0.16052882960386727,0
4301,0.16051878976642311,0
6652,0.16051367314036316,0
27622,0.1605130398638387,0
1876,0.16050928198375147,0
29876,0.16050000392448283,0
19528,0.16049762521749553,0
5827,0.16048179141990243,0
19147,0.1604654951591018,0
7256,0.16046088090272512,0
2249,0.16043291383586183,0
17525,0.1604065481482106,0
1578,0.16040224211707055,0
15159,0.1603997381623712,0
20977,0.1603896998013633,0
6222,0.16038562925282804,0
5712,0.1603601484785391,0
20300,0.1603518606367838,0
7858,0.16034139408268427,0
22401,0.16032658130503288,0
11536,0.1603208506047014,0
17790,0.16031452419763942,0
23824,0.16028300939620382,0
2056,0.16027016555282297,0
10315,0.16026005455229253,0
23444,0.16025921842214785,0
28602,0.1602503676746724,0
31300,0.16022744125706803,0
21856,0.1602057231732745,0
24796,0.16018797173975194,0
555,0.16017022701970615,0
13783,0.16016783061429274,0
16595,0.1601597660571966,0
27464,0.1601457524313095,0
16435,0.16014422560857713,0
20172,0.16010854853801795,0
28065,0.16009995835460283,0
10335,0.1600694713627159,0
9136,0.16006940950830398,0
17619,0.1600620099162902,0
3489,0.16005039953897782,0
16000,0.16004792374417523,0
5382,0.16004107148532956,0
21452,0.15999186049221806,0
26041,0.15998954895566336,0
7272,0.15998559500850368,0
10158,0.1599849598823064,0
17371,0.15998357620784495,0
5119,0.1599731425424807,0
3485,0.15996117426923165,0
29691,0.1599432875664494,0
23551,0.159912552522341,0
7775,0.1599120491938959,0
26570,0.1598966944602778,0
21394,0.15987444306880172,0
21231,0.15986119114145397,0
27155,0.15985364374290859,0
13216,0.1598257143295712,0
10255,0.15982093750367846,0
25274,0.15981019715221756,0
6110,0.15979192790645289,0
3814,0.15977606235428707,0
17487,0.15977469336860087,0
27176,0.15976525321480506,0
24475,0.15976475756345584,0
4921,0.15976329000549044,0
2662,0.15975824219448137,0
21578,0.15975747933416598,0
13396,0.15971191142993407,0
2330,0.1597080756868422,0
3484,0.15969941765775897,0
5957,0.15969930001912092,0
25583,0.15969311393843472,0
26919,0.15969103477408564,0
3398,0.15968233144218147,0
25041,0.15963165727908682,0
2761,0.15961418453107373,0
3825,0.1595971792143912,0
10584,0.15957477388285096,0
10441,0.15956900968549909,0
27674,0.1595554261160887,0
9842,0.15953315811456062,0
16437,0.15950600448300103,0
15519,0.1594889168977334,0
205,0.15948072683359768,0
10601,0.15946674792204377,0
18680,0.1594662905548482,0
8763,0.15946082043212687,0
17714,0.15944518776298908,0
11917,0.1594350477099318,0
17610,0.15940269442675917,0
17336,0.15939572933584592,0
16880,0.15938775422707263,0
11207,0.15936684687789668,0
1931,0.159362457333312,0
6493,0.15935346646704254,0
29852,0.15934386214078938,0
6468,0.1593039276044589,0
24405,0.15929512932578033,0
17342,0.15926028071897427,0
25930,0.15924288188453156,0
4920,0.15924042728370524,0
3948,0.1591929091672052,0
900,0.15919261217620095,0
13680,0.15918741807630363,0
27109,0.1591812014639136,0
12399,0.159167785349411,0
31255,0.15915065551563945,0
29797,0.15914873701562135,0
20329,0.1591347663260358,0
29651,0.15912637152644427,0
20407,0.15911116173912235,0
17355,0.15910907675925942,0
26972,0.1591080624441873,0
28137,0.15910292679307783,0
30981,0.15910063882172112,0
15615,0.15907528758268727,0
4082,0.15906518696027136,0
18256,0.15904395964040843,0
3544,0.15903682118793377,0
31283,0.1590356106176258,0
21806,0.15903269770041897,0
22095,0.15902623182288542,0
5961,0.1589811877589734,0
20032,0.1589675834274528,0
19246,0.15894423260754237,0
8620,0.15893290706826668,0
23655,0.15892256081628056,0
23017,0.15889121289802213,0
23906,0.15888024711106166,0
30947,0.1588777471268525,0
13734,0.15887309740765873,0
23731,0.158866447912445,0
19982,0.15885800098795136,0
17894,0.1588511367341818,0
28126,0.1588252821029929,0
696,0.1587981784819409,0
9178,0.15878936096612786,0
24692,0.15878731265076174,0
30545,0.15878466342498967,0
31348,0.15878288086775555,0
6580,0.15873980721430192,0
10974,0.15871724627931483,0
26854,0.15871618914211058,0
18574,0.15870286729233396,0
28671,0.1586928575720818,0
13791,0.15868176889722754,0
24443,0.1586706790448034,0
20890,0.15866687944592933,0
8480,0.15865754629417989,0
16121,0.15864902656805638,0
11146,0.158616098178991,0
20392,0.158614593768142,0
8239,0.15861458242239698,0
6102,0.15859507124483208,0
13781,0.1585575157094657,0
25972,0.15855491755239937,0
29188,0.15853313867319993,0
4392,0.1584895942065275,0
15309,0.15845445628398802,0
3828,0.15845200715595767,0
19190,0.1584452006870892,0
29085,0.15843522233166812,0
31236,0.15840151428309826,0
12382,0.15839807990178023,0
17563,0.15839022680165754,0
159,0.1583880073443639,0
30977,0.15835366342392793,0
30855,0.15835082719926333,0
7652,0.15834061829576426,0
1070,0.15833927669890055,0
2735,0.15831992071957204,0
3532,0.15828492525230298,0
13331,0.15827298700129858,0
701,0.15826772189225438,0
350,0.15826144679891566,0
30400,0.15823797629808728,0
21835,0.15823439916642473,0
13312,0.1582276994147861,0
7217,0.15822127666928462,0
7951,0.15819649887546336,0
17845,0.15816073503019878,0
7927,0.15814603614524514,0
24925,0.1581314860020443,0
19898,0.15812521883104838,0
20799,0.15812002520424728,0
24039,0.15811351969879975,0
18999,0.15810579543336806,0
11227,0.15810374601749672,0
12377,0.1580763991127326,0
22081,0.15807221840881114,0
11133,0.1580597824329903,0
20555,0.15803216527929614,0
6613,0.15802394002977915,0
28869,0.1580199134861215,0
2675,0.15801745559940034,0
11389,0.1580094860622417,0
29183,0.15798357454366824,0
23649,0.15796903457719158,0
24441,0.1579615624883092,0
25564,0.15793550073886947,0
1072,0.15791927423042523,0
6985,0.15790661869973077,0
22427,0.15790093287555898,0
15940,0.1578849628673011,0
8861,0.1578812096908447,0
29408,0.15787464321813205,0
28434,0.15787202537235062,0
27532,0.15786722860432695,0
18346,0.15786040088340017,0
7317,0.15785636910723125,0
7025,0.15784736097833035,0
5830,0.1578458241084126,0
27733,0.15782876255928124,0
14267,0.15782622289448098,0
14351,0.15779572430437788,0
3046,0.1577950455887319,0
28946,0.15776653970597493,0
13827,0.1577627778038092,0
594,0.157761059786044,0
27955,0.15774927977175648,0
28589,0.15774134244943142,0
11403,0.15772504944687918,0
26783,0.1577139647360364,0
23077,0.15769417538792072,0
816,0.1576850335185084,0
3708,0.1576669172382764,0
4546,0.15766480542803987,0
147,0.15764707582043916,0
25803,0.15763004197841554,0
28581,0.15762947102370634,0
26138,0.1576035063779716,0
20804,0.1575901455631796,0
29013,0.15758927220533886,0
27317,0.15756271604658809,0
7182,0.15754614327570562,0
26381,0.15753969172857832,0
3829,0.15748067420835277,0
6138,0.15747510214178984,0
18414,0.15746867464518124,0
30958,0.15746055278741802,0
13435,0.15744383790768982,0
20616,0.1574213686011238,0
7791,0.1574133739534049,0
22488,0.1574115847369351,0
9864,0.15740683917414186,0
28308,0.15740158406981625,0
28343,0.15735815270567463,0
10544,0.15735608374964263,0
26182,0.15735244140225702,0
5672,0.15733683220265646,0
2968,0.15732454479084074,0
28550,0.15730039367312998,0
26631,0.15729398851922213,0
15553,0.15728677779112066,0
23072,0.1572834610513297,0
26700,0.15726430779818876,0
19289,0.1572613229799737,0
251,0.15725658092378486,0
25836,0.1572556926534005,0
15476,0.15724400371709898,0
2993,0.15721113355503596,0
12116,0.1572109029443686,0
14347,0.1572064106308849,0
16945,0.15720624487669074,0
11393,0.15720587011350592,0
5203,0.15720480332785514,0
26857,0.15719858005241416,0
13138,0.15718078132706434,0
6541,0.1571390716611642,0
10683,0.15712909454926766,0
14156,0.15712711530218487,0
4507,0.15711397860898124,0
25849,0.15710781648874833,0
28780,0.1571002072338935,0
9729,0.15709955082875837,0
11142,0.15706385471721798,0
9612,0.15705238149912745,0
13154,0.1570485945503859,0
13093,0.15704777002502682,0
4989,0.15704532558368575,0
17295,0.15704133488042615,0
5795,0.15703753565002537,0
13236,0.15703073507889673,0
27513,0.1570295433090898,0
15377,0.15702801993087792,0
21236,0.15701110778079677,0
21934,0.15700651589781026,0
22305,0.15699053614239722,0
9529,0.15696842926048912,0
23880,0.15694797853832676,0
11064,0.1569285895954347,0
24214,0.15689572294243034,0
28379,0.15689126181486193,0
24399,0.15685423842072926,0
26789,0.15684153514065488,0
13636,0.15680413528613907,0
18073,0.15680179439737904,0
23718,0.15678788635520335,0
19955,0.1567734782160149,0
11583,0.1567636590727215,0
12347,0.15675515163869327,0
10531,0.15675447422683494,0
16015,0.1567179353886172,0
25952,0.15671625700259934,0
20476,0.15670872668972646,0
11572,0.1567068155822144,0
20460,0.15670223519919882,0
12708,0.1567014431320068,0
14105,0.15668619178967533,0
24135,0.15664872054179374,0
15245,0.15664664040595863,0
15170,0.15661528582568363,0
7230,0.1566078007144387,0
12407,0.1566040889363645,0
743,0.15660382319288643,0
3963,0.15659981845427237,0
12272,0.1565989466894643,0
16742,0.15657741401371447,0
15327,0.1565632624698807,0
21618,0.15654776113424082,0
25996,0.15653527602879372,0
30937,0.1565324608231111,0
23040,0.15650479893928906,0
20399,0.15649681235629592,0
30535,0.1564960089413018,0
1223,0.15648907619528932,0
24673,0.15648825510449488,0
17550,0.15648394388027353,0
15472,0.15645587113444087,0
26940,0.1563995974599427,0
25395,0.15639673861296882,0
14693,0.1563929745345725,0
26280,0.15635501109572694,0
16877,0.15635499216132018,0
23358,0.15634069723749,0
17586,0.15633513145999445,0
17757,0.15632130474921765,0
31095,0.156307975897528,0
12694,0.15625718902267768,0
11268,0.15623892122776464,0
23400,0.1562213070807118,0
1543,0.15621777216608052,0
16629,0.15617447540856863,0
3887,0.15615714925567495,0
13988,0.15615712435687523,0
26271,0.1561457022984553,0
15044,0.1561430288374028,0
28906,0.1561307856968441,0
23606,0.15608281502310592,0
21584,0.15605936262704215,0
14718,0.15604060241977055,0
4992,0.15600445702655932,0
29501,0.15599394649701406,0
5473,0.15596797322139402,0
14157,0.1559664991331288,0
11965,0.15596600753935794,0
23733,0.15593323147665972,0
16933,0.1559221158767216,0
6277,0.15591510199166858,0
17870,0.15591308971665432,0
879,0.1558733792262604,0
12550,0.15586634050372697,0
28439,0.15586138083681544,0
24595,0.1558602409731988,0
5734,0.15585670390693857,0
28826,0.15583475650537656,0
13394,0.15579856949630827,0
29694,0.15577386556039197,0
21401,0.15577354311891178,0
3977,0.15575038543278166,0
4198,0.15573197792602067,0
9872,0.15572764061465583,0
17978,0.1557199995075284,0
10550,0.155689712704785,0
16503,0.15568899268144684,0
27225,0.1556879535853166,0
27039,0.15568792657097902,0
1149,0.15567984490527664,0
28887,0.15567744744630432,0
20305,0.1556747669236424,0
23243,0.15564195222823524,0
19555,0.1556414162042016,0
27795,0.15563984340785444,0
9260,0.15562884395352602,0
1162,0.15562417849407825,0
7659,0.1556128655224927,0
29668,0.1555986868829154,0
21824,0.15559396282251786,0
30673,0.15557735651569846,0
7870,0.15557051037221403,0
17834,0.1555644427805721,0
8041,0.15556173553993002,0
25000,0.15554976368331513,0
5722,0.15547433418080384,0
13049,0.15544649828597265,0
29419,0.15540503575548117,0
6984,0.15538977310514326,0
5403,0.1553337014835616,0
23946,0.15531924045015985,0
10094,0.15531212078095064,0
5643,0.15531194169591347,0
18624,0.1553009890398241,0
8016,0.15529651812196868,0
7202,0.15528926638212395,0
3643,0.1552820455469332,0
18831,0.15525147297382935,0
20529,0.1552436123444333,0
17170,0.155238495044546,0
27970,0.15520482955135567,0
6781,0.15519768464481995,0
12006,0.15518496254814754,0
14764,0.15516711473469813,0
28258,0.15516582777214452,0
29740,0.15513952746711204,0
17981,0.1551356260981548,0
18254,0.15513286334212587,0
16087,0.15512009479767677,0
23821,0.1551200354939987,0
3304,0.1551079316308059,0
10426,0.15510402087843503,0
15593,0.1550981919282528,0
8561,0.1550794723995201,0
26795,0.15507432447200067,0
29537,0.15507372225530297,0
5208,0.1550580087778571,0
17302,0.15505565182335918,0
17397,0.15504266047679452,0
16245,0.15503228123528537,0
8858,0.15502280543280775,0
25205,0.1550212304960836,0
27157,0.15501780812774893,0
23822,0.1549997031425108,0
18309,0.15499820199010633,0
21953,0.1549353857740281,0
18136,0.154915405802548,0
1974,0.15489762039115604,0
3791,0.1548830688443794,0
31304,0.15486306725583915,0
24927,0.15484742162196652,0
12279,0.1548414427307919,0
25221,0.1548399920736861,0
28642,0.15482387574904985,0
23149,0.15480996197750763,0
30033,0.15480786808711952,0
16899,0.154805018820136,0
5221,0.15480260707710747,0
22613,0.15479752361952234,0
12816,0.15478898405017702,0
22700,0.15478736387097347,0
2744,0.15477352963066124,0
15272,0.15476490652252597,0
28303,0.15475899741155985,0
17286,0.15471139921325214,0
20115,0.15470836204502725,0
15326,0.15470673492196238,0
15077,0.15468081287515856,0
20867,0.1546733039846005,0
29990,0.1546270367068777,0
26607,0.1545913381259497,0
4817,0.1545880517982414,0
23884,0.1545744092040861,0
30721,0.15456194022616898,0
9484,0.1545452073595211,0
17038,0.15454401039968949,0
11469,0.15454161347438558,0
17963,0.15453118512354927,0
20246,0.15452226961213683,0
6312,0.1544926972392279,0
18288,0.15449185256530254,0
19691,0.15448387985987,0
12614,0.15447398539814347,0
488,0.1544703561972115,0
28132,0.15446981926138934,0
15909,0.15443554650061642,0
4564,0.15443026337136734,0
26988,0.154428213079828,0
8918,0.154424549452437,0
23943,0.15442385505629866,0
15783,0.1543845717343985,0
27671,0.1543711825195858,0
763,0.15433054510566452,0
5322,0.15429061065882754,0
23723,0.15427828087019665,0
16559,0.15420570727965746,0
16094,0.1542053003582398,0
7112,0.1542052095978128,0
24294,0.1542040529721359,0
5265,0.1541743917707763,0
2080,0.1541415142120526,0
29959,0.15413634452509548,0
27520,0.15410102339143716,0
3578,0.15408645805730237,0
20597,0.1540424845557438,0
3195,0.15403389019904687,0
13072,0.15401875290694084,0
17438,0.15400525999279435,0
10620,0.15396480486697262,0
19132,0.15395936851439784,0
25817,0.1539571807628635,0
26525,0.15393775455325062,0
6893,0.15393452388201767,0
12375,0.15393427601369764,0
30280,0.15393192427849856,0
11647,0.1539185595278464,0
25553,0.1538987341892739,0
21146,0.15389046049351018,0
18556,0.1538804315566752,0
7482,0.15386684884729346,0
30872,0.15385318542462706,0
23794,0.15381645711585723,0
29673,0.1538128062229779,0
247,0.15380278804422132,0
25629,0.1537582884735395,0
28467,0.15375794878645715,0
11295,0.1537471867331757,0
7020,0.15373364069887932,0
23985,0.15373289857912123,0
28703,0.15372981390806087,0
24898,0.15371086542143086,0
17381,0.15371004611105593,0
27996,0.15370891639403894,0
23569,0.1537048126585729,0
782,0.15370418471408087,0
8606,0.1537019414016989,0
23244,0.15369225508051987,0
30603,0.1536840174932696,0
2730,0.15368137357912753,0
26456,0.15367434573089195,0
7402,0.15367430854625364,0
16735,0.15367040302551216,0
29966,0.15365214685265702,0
30514,0.1536260793590926,0
17045,0.15359751755383722,0
12194,0.15357530579603781,0
26792,0.1535744264522021,0
13956,0.15357114367901084,0
4182,0.15356326465170914,0
10867,0.15353693465446028,0
15705,0.1535350540832422,0
14119,0.15352420358943294,0
15074,0.15351851038994235,0
24816,0.15350469998348854,0
22739,0.15345133923463755,0
2322,0.15344521945456574,0
7049,0.15343258296287102,0
8381,0.15341799243243656,0
2961,0.15341349725563713,0
478,0.15341260084335528,0
3172,0.15338917408721256,0
21908,0.1533828765562715,0
21143,0.15336502826502083,0
12189,0.1533549740995227,0
16443,0.153352360449692,0
981,0.15335161418100735,0
13919,0.1533380802220382,0
15027,0.15332839878214843,0
9961,0.15332526419919335,0
19868,0.15330586783767589,0
2218,0.15329644800902745,0
8684,0.15328452318890076,0
7712,0.15327521688168172,0
5682,0.1532630172482259,0
12962,0.15326191761914307,0
28150,0.1532571445368695,0
20162,0.15324478049220694,0
23972,0.15324220332006935,0
27096,0.15323071628676196,0
28393,0.15322926306065643,0
20026,0.15322858826917604,0
10848,0.15321744909629897,0
537,0.15321480459086412,0
6697,0.15320924487051032,0
12917,0.15320901654140182,0
27616,0.15316522410192218,0
9378,0.1531647770877143,0
13661,0.15315413260490315,0
1567,0.15314936324862935,0
4778,0.1531371348611726,0
14868,0.15312681259362818,0
10610,0.15311415012101057,0
26916,0.15311381170906213,0
7745,0.15305065698509415,0
30709,0.15303459340469153,0
3603,0.1530086798987517,0
21817,0.15300748779536957,0
12628,0.15300413899766627,0
19576,0.15299666808271906,0
25197,0.15299552230939542,0
4080,0.1529817559919505,0
3636,0.15298084703644932,0
17600,0.15297757206788154,0
6568,0.1529638625540571,0
16408,0.152934752105094,0
9350,0.15292020324174824,0
26546,0.1529020019759231,0
13948,0.15289035477109297,0
24831,0.15285135025360075,0
21227,0.15284127108438972,0
20906,0.15283749253373718,0
20927,0.1527703548816883,0
3365,0.15272666707934923,0
15362,0.15270733581170964,0
13005,0.15269621918974716,0
368,0.15269416784870293,0
29582,0.15269040187029842,0
23596,0.1526803235149427,0
21169,0.15267294906019685,0
9028,0.1526625182656519,0
15829,0.15263057498374677,0
14603,0.1526145520939206,0
10051,0.1525980035780747,0
20122,0.15259210884849694,0
20415,0.15256655731657898,0
30335,0.1525445678341548,0
21261,0.15254002885489615,0
31001,0.1525069482399771,0
28965,0.1525001594362009,0
26983,0.15248547821517236,0
26283,0.15247213985571473,0
6192,0.15246735750220794,0
22155,0.1523814783861477,0
12057,0.1523796514056822,0
21148,0.15237746120845447,0
469,0.15236153161655858,0
28351,0.15235245503247932,0
8716,0.1523325389235298,0
27321,0.15233106924602755,0
13743,0.1523151184930066,0
2292,0.15228443086685936,0
7834,0.15225875009402412,0
7019,0.15223739142115977,0
14780,0.15221021878103247,0
28810,0.152208534588261,0
11396,0.15217966812713504,0
15611,0.152166285500636,0
16127,0.1521605062530668,0
12572,0.1521176958735807,0
11228,0.1521136395770286,0
31339,0.15210576957130337,0
11743,0.15207766338532533,0
26472,0.1520601110722355,0
27419,0.1520543243878301,0
6358,0.15204779350377545,0
1572,0.15201013240238467,0
10962,0.15200825984975666,0
29509,0.15199984208047543,0
30271,0.1519807895476845,0
5346,0.1519728615101792,0
10203,0.15196456225099697,0
3321,0.1519521565120637,0
23295,0.15194509051661345,0
28670,0.15194097259951336,0
27720,0.15192291129920193,0
28636,0.15191926322106558,0
10392,0.15191796016045622,0
2230,0.1519168456631268,0
19316,0.1519121555064321,0
16069,0.15190999311598308,0
630,0.15186290368889532,0
21748,0.15184216953599822,0
28274,0.15182311400913506,0
14760,0.15181721843061013,0
11846,0.15179357630376328,0
10182,0.15176270935833003,0
20517,0.15176100945448734,0
24396,0.15172873598748937,0
19828,0.1517278191480367,0
16669,0.15172495161500338,0
7999,0.1517115837937989,0
23890,0.1516963728320793,0
14466,0.1516918822176133,0
29231,0.1516875287166404,0
3416,0.15168137206769736,0
8535,0.15168006740567685,0
28152,0.1516750646146121,0
17271,0.15166967299002032,0
3351,0.1516660935024403,0
30579,0.151628433117024,0
20100,0.1515979325879812,0
26379,0.1515978414897819,0
21202,0.15158766078995484,0
28669,0.15157443386970548,0
21551,0.15157015463456092,0
19337,0.15156761125165977,0
8094,0.15156710107360802,0
18034,0.15156478894164027,0
26620,0.1515469367817018,0
21318,0.15153282646196722,0
9294,0.15152899256264,0
22125,0.15151650353237506,0
17227,0.15150433479643677,0
799,0.15147701229520852,0
23795,0.1514714755476139,0
11250,0.15146014089486412,0
20144,0.15141656097858672,0
18854,0.15141314929049987,0
1119,0.15140764623358774,0
22823,0.15140245035696137,0
17213,0.15139698336434618,0
4057,0.15135695395930474,0
24431,0.15134569717692326,0
17359,0.15134325429041767,0
2385,0.15133154603754512,0
30024,0.1513302207500674,0
22922,0.15132352599652107,0
26954,0.1513226250398393,0
16159,0.15130031283782575,0
17968,0.1512831398548146,0
25924,0.15125140516519026,0
24227,0.1512506833368509,0
28873,0.15124260256597094,0
6827,0.1512357899799067,0
13117,0.15122315950614207,0
2159,0.15122153701453647,0
24363,0.15120123408673522,0
13757,0.15119211231949378,0
2785,0.15119140475887943,0
16157,0.15118870221919334,0
22382,0.15117692012521958,0
13167,0.15116895917474568,0
26105,0.15114909246938119,0
12578,0.15114436658900712,0
22994,0.15114071587271447,0
21501,0.151126668571641,0
15871,0.15112469516601135,0
10598,0.15112454858506175,0
3502,0.15108447291352692,0
21332,0.1510824706427551,0
22663,0.15107524754684465,0
4218,0.15105247900936655,0
5139,0.15102468866680233,0
7521,0.15099487955669097,0
14132,0.15098287518465767,0
8287,0.15093857614544068,0
18944,0.15092706668342576,0
29500,0.15092657789112734,0
14221,0.15090683788087514,0
13980,0.15090672809428984,0
18384,0.15088844524748368,0
12613,0.15087135365553447,0
20045,0.15086932608921771,0
1263,0.15086424658074368,0
4078,0.15085892796089695,0
15582,0.15084652355132103,0
6096,0.15083027842316907,0
25951,0.15082913063939818,0
9977,0.15081861303215885,0
14616,0.15078780194858132,0
19348,0.1507858083504204,0
2570,0.15077706131752655,0
27008,0.15077191524729763,0
6144,0.150768875484902,0
20854,0.15076662786059788,0
19458,0.15075999849195326,0
18934,0.15075954805812355,0
4722,0.1507462335200301,0
13454,0.15071938530400902,0
14984,0.1506961252899349,0
15230,0.15068486091268876,0
20980,0.1506515340131762,0
14605,0.1506507407656566,0
11590,0.15062820693984644,0
24717,0.150608638978054,0
335,0.1506082415062473,0
28591,0.1506018521115974,0
11557,0.1505871244256691,0
19148,0.15058358847677047,0
17939,0.15057622816961325,0
1947,0.15057409674233513,0
12142,0.15056980246886115,0
3341,0.15056124507521834,0
3877,0.1505227998954419,0
21598,0.1505131595168417,0
7054,0.15050534131131346,0
223,0.15045020448081495,0
14547,0.15044951198021642,0
22851,0.15044123584316696,0
23969,0.15043905475596486,0
21035,0.15043331195164514,0
13150,0.15041109583989626,0
19021,0.15037063430407582,0
12719,0.15036367064611583,0
2365,0.15034330951004138,0
8135,0.1503128365042385,0
28624,0.1502940635613422,0
1018,0.15029164394944813,0
1387,0.1502877457517253,0
18769,0.15027336298959448,0
24865,0.15027295939401342,0
571,0.15027030381956064,0
28034,0.15025673338997744,0
11840,0.15025272703720202,0
274,0.15023827111825028,0
15299,0.15023107429641552,0
6160,0.15022731296595046,0
22783,0.1502112693200288,0
162,0.1501925098603377,0
5540,0.15019106161247436,0
9239,0.15018822448214808,0
7885,0.15018637779838437,0
16521,0.1501755809524114,0
7540,0.15015683462438933,0
1830,0.15014326844744588,0
25723,0.1501307425349967,0
27449,0.15010711914918126,0
8745,0.1500880269332362,0
15025,0.15006737984656765,0
29551,0.15003562836125892,0
29682,0.149999797991984,0
5771,0.1499758541497066,0
8360,0.14994515644345788,0
23694,0.149937817324381,0
11718,0.14993196908797068,0
5340,0.1499289629036774,0
29534,0.1499159241938364,0
17555,0.14991239030367332,0
27865,0.14991118303000298,0
19063,0.14989921395005415,0
22415,0.14987735916003422,0
5900,0.14985795279026942,0
26119,0.14983195355266118,0
13577,0.14980538537287386,0
20701,0.14975852150624125,0
20677,0.14972091293040996,0
12180,0.1497135481923671,0
31113,0.1497128971108923,0
11510,0.14970242871508394,0
5113,0.1496989719347925,0
14844,0.14969747906054992,0
10619,0.14965616554960623,0
28444,0.1496522364260224,0
23811,0.14961003480298202,0
4049,0.14959806140655751,0
18626,0.14957573641650526,0
19905,0.14957032644275642,0
22162,0.14954148626717884,0
8914,0.149531415381675,0
23427,0.1495078403792524,0
15789,0.14948501179483245,0
11062,0.1494758688889541,0
27613,0.1494694378710433,0
2555,0.14946481055857533,0
2410,0.14946179423722009,0
27235,0.14945668987309757,0
15999,0.14943041759746356,0
20589,0.14941690739473276,0
8039,0.14941390972835547,0
16859,0.14940777372566322,0
14142,0.1493825432258786,0
2680,0.1493774663625118,0
3518,0.1493626981075697,0
17485,0.1493481065993524,0
13431,0.14932535908600214,0
14534,0.14931725953916714,0
24433,0.149312399237665,0
24342,0.14930441630101807,0
26468,0.14927555089454722,0
26131,0.14926953753597302,0
2108,0.14926166610590413,0
14810,0.14925794895976036,0
11809,0.1492506954197126,0
26816,0.1492506596853468,0
28517,0.1492326404607634,0
5247,0.14923048865564392,0
23006,0.1492261887114145,0
24922,0.1492239578223503,0
30135,0.14922247695120233,0
2939,0.14918923431110317,0
24807,0.1491878128651522,0
5328,0.1491769797909239,0
14227,0.14916505041187306,0
933,0.14914645167402812,0
13009,0.14914033236052515,0
19377,0.14913867066026706,0
17500,0.14910646531637878,0
27310,0.14910622185801495,0
10780,0.14907829018846663,0
23930,0.149071819549401,0
28684,0.1490692921276058,0
20274,0.1490454851180192,0
2037,0.14902542160044052,0
8431,0.1490146981111415,0
1826,0.14899466937401057,0
29680,0.14897555144807495,0
561,0.14897000012974448,0
28146,0.14894930128969727,0
29392,0.14894341438178543,0
13132,0.14893654306971738,0
8087,0.1489334192097909,0
24885,0.1489294110789419,0
3696,0.1489060677295471,0
19461,0.14889495412667195,0
5413,0.14889031277478076,0
11332,0.14886481789642103,0
7770,0.1488619780491091,0
29356,0.14886046774611328,0
1049,0.14884984209730676,0
23085,0.14884066596521697,0
10282,0.14881257896542371,0
4491,0.1487998706384426,0
17537,0.14879870726986488,0
26895,0.14879503681476106,0
24134,0.1487948936394685,0
22559,0.14878875896653723,0
26615,0.14878809928715467,0
22802,0.1487709035107614,0
11712,0.14876686646878354,0
19470,0.14875826188638017,0
31178,0.14875821862431476,0
12081,0.14874960143967797,0
19751,0.1487495976415587,0
5985,0.1487483465511657,0
19709,0.14874735766619923,0
16536,0.14873810554473074,0
22246,0.14871030617442843,0
15133,0.14870561158923612,0
8552,0.1486885714906859,0
25577,0.14866209297825458,0
19618,0.14865627066901144,0
31244,0.14865032754227098,0
6631,0.1486319015328773,0
2027,0.14862718841149813,0
29919,0.14860783395774202,0
17865,0.1486052712970665,0
28018,0.1486035637299702,0
13970,0.1486018659709306,0
10056,0.14857754233458859,0
2770,0.14856751227634304,0
9657,0.1485517742315777,0
8771,0.14854726379037853,0
3011,0.14853752925047636,0
13556,0.14851036710674698,0
9217,0.1484936952160119,0
13932,0.1484756714431109,0
10679,0.1484749069096867,0
20865,0.14846834629928277,0
25345,0.1484678336751638,0
8591,0.14845647414808288,0
11944,0.14845289751636817,0
13993,0.14844637564460744,0
30661,0.14844244618600752,0
29610,0.1484238202307681,0
2196,0.1484229250484096,0
337,0.14841421075090558,0
33,0.14839854099924352,0
13058,0.14839055235518678,0
10211,0.14838657897707683,0
6949,0.14837461370575114,0
17025,0.1483742732537327,0
28024,0.14835863928539234,0
9023,0.14834177445361094,0
25231,0.14834087419474284,0
19290,0.14833330954484258,0
22898,0.1483231657926822,0
21257,0.14831669643837145,0
14636,0.14830892012768226,0
30171,0.14830408804300027,0
24188,0.14829615680061684,0
10178,0.14826712382640536,0
17350,0.14823121691966099,0
10271,0.14822792606105503,0
22790,0.14822638533337495,0
16668,0.1482221055819416,0
12260,0.14820811106416407,0
28530,0.14820353568580602,0
17440,0.14820353189791322,0
25509,0.14818877457120372,0
24222,0.1481604105295629,0
14730,0.14815882331152447,0
3338,0.14815340110640307,0
3953,0.1481042337179842,0
16845,0.148088839531014,0
7997,0.14808765661931386,0
2778,0.14807854252755576,0
29242,0.1480752588530245,0
10216,0.14806943603909262,0
14127,0.14806257990608956,0
7660,0.14806120560603844,0
12286,0.14803950932341542,0
5594,0.14803596459384885,0
4783,0.14803475171024785,0
19022,0.14803322273374703,0
26855,0.148031578041656,0
13522,0.14802816927655793,0
11024,0.14800025023416558,0
21704,0.14797711545413914,0
14261,0.14797350777629992,0
20493,0.1479661100752023,0
4414,0.14795973333544668,0
21215,0.1479211031357442,0
18412,0.14789880626286245,0
1812,0.14789386970527066,0
13833,0.14789106109064046,0
10984,0.1478704851669075,0
13790,0.14785727465655782,0
25064,0.14782690068750515,0
8533,0.14781703790740966,0
24666,0.14781665961731302,0
26491,0.1477978554624772,0
231,0.14778033603719082,0
4576,0.14777518767496073,0
7420,0.14775279963360852,0
4399,0.14770332114964535,0
19389,0.1477020034261582,0
15427,0.1476787388863981,0
8333,0.1476473156966092,0
19256,0.14764209493636668,0
9025,0.1476371978503852,0
11149,0.14763560134260045,0
24762,0.1476280934212477,0
18015,0.14761792828744474,0
10213,0.1475969463438548,0
11971,0.14759315388480956,0
27160,0.14755846732101938,0
1714,0.14754866014824444,0
8037,0.14753364387578205,0
5971,0.14753286045892247,0
835,0.14751815627171042,0
22509,0.14751509616025324,0
27144,0.14751071458167272,0
27802,0.14749497468526215,0
9875,0.1474904430222618,0
19649,0.14748277123762757,0
5105,0.14747571109381533,0
3835,0.1474407581721141,0
15282,0.14744003952879767,0
6543,0.14743574981790714,0
20682,0.14742737315917012,0
26980,0.14742339038775593,0
30258,0.14742263210102974,0
881,0.14741148659961398,0
21632,0.14739266700734244,0
28273,0.14738644387295713,0
18590,0.14736983784381136,0
17509,0.14735451609413353,0
12528,0.14734960179952153,0
26920,0.14733984570970857,0
28775,0.14732134672907068,0
4868,0.14731904412801639,0
23210,0.14731249249048126,0
4278,0.14730915805383238,0
8083,0.14728529756012823,0
27709,0.1472823302296109,0
14526,0.14725650183795236,0
4655,0.14723915043078348,0
14497,0.14722160696620523,0
8461,0.14721491062603687,0
15383,0.14721118667480018,0
7108,0.14720768681923582,0
2624,0.14719998589479155,0
24798,0.14719379645902575,0
123,0.14714850783740946,0
3268,0.1471463353540231,0
3181,0.14712976798718638,0
8929,0.1471235459978302,0
11728,0.14711800542931364,0
6145,0.14711240053086527,0
20907,0.14711220826229027,0
10312,0.14710901475127597,0
16832,0.1471022638897208,0
18608,0.1471021596137354,0
31233,0.14710058133021778,0
4409,0.14707923619954352,0
18707,0.14702923454160766,0
21349,0.14702863806810298,0
5944,0.14702761034093095,0
20829,0.147020397733313,0
2050,0.1470153056805088,0
16138,0.14701407109762682,0
6535,0.1470020089342575,0
9526,0.1469853228230462,0
6014,0.14696124328210103,0
1335,0.14695921561673014,0
11355,0.14695422779452316,0
1716,0.14693439186536247,0
3463,0.14692790953401214,0
10622,0.1469187814200284,0
29345,0.1469135972154482,0
29008,0.1469132625431817,0
779,0.14690948608835386,0
714,0.1469049904288829,0
8824,0.14684957803896193,0
13937,0.1468132522467564,0
13174,0.1468014966650134,0
29545,0.14678351312303334,0
13160,0.14674162678994065,0
30292,0.14671327169705514,0
15001,0.14670316349148313,0
15937,0.14669170402363374,0
24737,0.146689700399766,0
24570,0.1466803117717339,0
3807,0.14667168466939345,0
26625,0.14665486511230608,0
11642,0.1466407488503575,0
24657,0.14663857303640387,0
13642,0.1466312723863331,0
31127,0.14662532082552165,0
8835,0.14658572328191397,0
18333,0.14658470399896473,0
10838,0.14657285197782816,0
15707,0.1465677672027746,0
939,0.14655617965598441,0
3851,0.14655137509894292,0
15932,0.14654883487425668,0
15718,0.14654034463893148,0
19479,0.1465381302461918,0
15034,0.14651563081304647,0
18511,0.1465014764614211,0
5982,0.14649192323157345,0
17258,0.14647852767945543,0
10230,0.146467403697185,0
28541,0.14644307618446725,0
23931,0.1464183240197626,0
30943,0.1464046135337268,0
8342,0.1463983682544713,0
22271,0.14638467335467065,0
28050,0.1463780821318143,0
20261,0.14634622454750532,0
6467,0.14631477070111357,0
2651,0.14630023900199488,0
10989,0.14629173623096925,0
10298,0.14628945283169392,0
28346,0.14628329997946699,0
4775,0.14627976376867327,0
7964,0.14627418620781238,0
10110,0.14625081550643926,0
23319,0.1462443098170524,0
23355,0.14624315859712023,0
27357,0.1462216784235095,0
30248,0.14621440661190938,0
29488,0.14621000887961164,0
1864,0.14620636588349123,0
8714,0.14620378774656037,0
21345,0.1462032516377761,0
8158,0.1461988171397655,0
14563,0.1461914268231316,0
5408,0.1461889275281015,0
13046,0.14618689057845854,0
28053,0.14618198800024734,0
18261,0.146158641426767,0
27370,0.14610608751750948,0
10296,0.14610379433040424,0
27905,0.14607694930340026,0
3342,0.1460708057644095,0
7726,0.14606966726446283,0
20900,0.1460678963580158,0
21488,0.14606664552559534,0
1328,0.1460603149372425,0
14499,0.146056873999857,0
2118,0.14602046412910158,0
1097,0.14601859951612123,0
26325,0.14601764673277504,0
21262,0.1460049291502851,0
11036,0.14599772360761232,0
10502,0.14597196826634837,0
24046,0.1459556365619732,0
21801,0.145946840958925,0
30192,0.14591613756294905,0
5009,0.1459157981504383,0
25044,0.14587370558670454,0
15939,0.14587063288829627,0
2679,0.14584935276315933,0
4406,0.14583807339734045,0
21603,0.14583541949772516,0
9278,0.14583021360886875,0
24566,0.14582827606078108,0
23256,0.1458029616450764,0
11511,0.14578824388978207,0
343,0.14575852912265955,0
19915,0.14575809324745942,0
13373,0.145751146361616,0
14009,0.14573356568754248,0
21712,0.14573074920247836,0
4800,0.14572939924826508,0
7098,0.14572502379647767,0
22800,0.1457237552047295,0
15626,0.1457174877936999,0
16579,0.14567954501532365,0
27090,0.14567392896386294,0
27681,0.14567392773930862,0
3318,0.14567373107169068,0
1861,0.1456725825887149,0
2294,0.1456636325084898,0
31030,0.1456589798680524,0
13832,0.1456400930806984,0
7209,0.14563926817070727,0
26875,0.1456305856341701,0
1845,0.14562444537460068,0
16360,0.14561238877126073,0
25823,0.1455949790736899,0
24385,0.14558844290117182,0
1210,0.14556978543124452,0
23026,0.14556350549624622,0
8661,0.14553167243776513,0
20401,0.14551223082816336,0
21616,0.14548074398801508,0
22337,0.1454783026766366,0
15215,0.1454767621218805,0
28096,0.14547358974688962,0
10538,0.14540027297553215,0
28678,0.14538137104258053,0
3306,0.14537483575528906,0
5404,0.14535898485859877,0
17168,0.1452921869584526,0
12388,0.14529035770584783,0
5028,0.14528762326764816,0
11958,0.14528632835790223,0
654,0.14526894883756314,0
8090,0.1452537707005527,0
21594,0.1452536756175475,0
27722,0.14524570477723567,0
3437,0.14522133194725598,0
10320,0.14518544736217617,0
19058,0.14518375241296508,0
2868,0.14518039740657265,0
9954,0.14515860198554945,0
14011,0.14513868448795625,0
4133,0.14513790469585852,0
16273,0.1451327291852955,0
11746,0.1451215214042339,0
10650,0.14511479110773345,0
5371,0.1451103383483695,0
9216,0.14510341865615778,0
14989,0.14508579686970946,0
10573,0.14505937498455873,0
3176,0.1450550278588549,0
16136,0.14504559429213557,0
30164,0.1450129619920615,0
9335,0.14500943526373425,0
10903,0.14496613079542311,0
28414,0.14495621627952165,0
6848,0.1449506241308274,0
28120,0.144949116258073,0
21305,0.14493500854685493,0
24548,0.14492903016706524,0
5089,0.1448899154905936,0
647,0.14488576781802276,0
6979,0.14485275877911563,0
783,0.1447719056627854,0
5004,0.14476320232440168,0
10663,0.14473708405598834,0
16953,0.1447357925287743,0
11960,0.14473396829111437,0
30867,0.14472998772013143,0
25635,0.14472926216371276,0
11314,0.14472302019758534,0
20047,0.1447158927107359,0
543,0.14470883550594396,0
12577,0.1447068223789696,0
4257,0.14470417413763567,0
3474,0.1446685285727243,0
30552,0.1446557399858735,0
13279,0.14465242611032728,0
27559,0.1446372222118453,0
10322,0.1446359772991306,0
15460,0.14463005047193425,0
13578,0.14462741405438048,0
31021,0.14461365291512365,0
5998,0.14458067132545602,0
16255,0.1445629822221587,0
3723,0.14455421165903556,0
14380,0.14453669823750726,0
6041,0.14453223896813522,0
24585,0.1445275383910964,0
25520,0.144525384622664,0
27228,0.14451940065971602,0
14739,0.1445017620479593,0
19755,0.14447645868993764,0
12042,0.1444664498870033,0
11853,0.1444461476498002,0
17864,0.1444379519007378,0
6548,0.1444244465493231,0
5872,0.1443580652676086,0
3767,0.1443524006048009,0
25937,0.14435218074804324,0
5801,0.1443403153006647,0
416,0.1443225691031649,0
23872,0.14431614143471286,0
7138,0.14427722327683143,0
12524,0.14425722811499553,0
15771,0.14423272964008504,0
24288,0.14422986483691985,0
7171,0.14421869352530364,0
14335,0.14421340531470186,0
30985,0.14420850243094496,0
13338,0.1441968497857204,0
20061,0.14419661757913413,0
4091,0.14419042265108759,0
22280,0.14418922381140978,0
11143,0.14418833793137836,0
26263,0.14418753605602735,0
23474,0.14418492498650057,0
19532,0.14418181335726601,0
3418,0.14414459116993503,0
5269,0.14413198709773895,0
22738,0.14411803309182913,0
3099,0.14406820672707962,0
12062,0.1440570856750517,0
2009,0.14404973070093313,0
25373,0.14404783663493217,0
11691,0.1440366392951498,0
21090,0.14403615888841464,0
15145,0.1440340168617668,0
7591,0.14402972416102902,0
23778,0.1440097451557072,0
4692,0.1439630403370228,0
8093,0.14391503438936157,0
3159,0.1438933537212137,0
24009,0.14388870962472655,0
7215,0.14388809333078384,0
1152,0.14388413834904187,0
26784,0.1438586371404296,0
15494,0.14384608877319863,0
23076,0.1438407841982791,0
24419,0.14383918721230585,0
26888,0.1438384135840324,0
11687,0.14381982280057162,0
25991,0.14381584902119424,0
5136,0.14380652546208025,0
24856,0.1438017462312065,0
24549,0.14377964922782083,0
8756,0.1437770208114321,0
4588,0.14376745506691269,0
13732,0.14373442441576015,0
24208,0.14372569033453422,0
21756,0.14371949402677708,0
12514,0.1437094733847006,0
7825,0.1436942637608653,0
17850,0.14368371923730489,0
3957,0.14366765031264658,0
18497,0.14365858684622926,0
20826,0.14363804456822402,0
29874,0.14362880527261054,0
16098,0.1436163840732327,0
13292,0.1435810741110929,0
12690,0.14357394883586586,0
8283,0.14355486173841048,0
11986,0.14353749622071132,0
11039,0.1435242475207597,0
20216,0.14351647634975614,0
22711,0.1434813140187413,0
27056,0.1434590820817996,0
17531,0.1434557345155641,0
27462,0.1434543780328944,0
4853,0.1434495786699663,0
14597,0.14343244050386794,0
24244,0.14342335271302858,0
26204,0.14342178920048704,0
23260,0.14341782774194722,0
27415,0.14340904932033086,0
22078,0.14340244301170565,0
730,0.14339923429188908,0
29831,0.14339573316654705,0
24242,0.14337581827469445,0
9249,0.14336597490396108,0
28123,0.14336335726328112,0
24423,0.14335714189448062,0
21807,0.14335171590666726,0
15456,0.14333458579931324,0
16900,0.14333171397644937,0
11327,0.14333123433750808,0
10277,0.14332908956796064,0
14804,0.14332377240959154,0
7301,0.14332076152886647,0
22088,0.14331855231215565,0
3121,0.14329772938899532,0
1696,0.14325112131527837,0
1166,0.1432444252291219,0
9449,0.1432258947163372,0
12335,0.1432122628906926,0
14963,0.14320623466193333,0
26622,0.14320558437022934,0
8575,0.14320313035720747,0
17274,0.14320272659907757,0
6340,0.14319414788127446,0
4006,0.1431721039254568,0
28647,0.14316966989141913,0
6485,0.1431676568146133,0
18413,0.14315705530592643,0
22032,0.1431490237917024,0
96,0.14314351655270016,0
13081,0.14313950179981744,0
27887,0.14313389856098205,0
11340,0.1431271105554149,0
7464,0.14310335916457564,0
20898,0.143099235136707,0
24283,0.14309113548930621,0
14042,0.1430382292926945,0
13237,0.143034759539192,0
26538,0.1430311226041567,0
24952,0.1430113187877224,0
16298,0.14301058155571236,0
7623,0.14300465827697517,0
13163,0.14299882707049907,0
2444,0.1429531872090945,0
4167,0.14295210165537012,0
23225,0.1429451981701192,0
18682,0.14293196710138079,0
27875,0.14291867472407632,0
28108,0.142912721063154,0
25201,0.142904017257204,0
25248,0.14286142808687644,0
11788,0.1428513208913468,0
19304,0.14282971189960988,0
18535,0.1428076382344921,0
15112,0.14279931861437567,0
1519,0.1427905443186972,0
3803,0.14278283510155146,0
28416,0.14277904533042446,0
11651,0.14277893158298086,0
3506,0.1427713668830044,0
27332,0.14276646829661963,0
11848,0.14276150374506977,0
18500,0.14275240835280326,0
13780,0.14275032163015164,0
25566,0.14270384077462336,0
14038,0.142693703308398,0
5585,0.1426860051636973,0
17013,0.14267362925675425,0
26415,0.14262724933825116,0
9271,0.1426270588609827,0
22142,0.14262198220816008,0
217,0.14261856127456804,0
27341,0.14261320504849648,0
5883,0.14260757163147456,0
23488,0.14259765777259392,0
10926,0.14259073559148222,0
20058,0.14257170669103517,0
27264,0.14257165091718227,0
25797,0.14252765190029001,0
12072,0.14252272326162485,0
22956,0.14252055241862893,0
4861,0.14251889754499947,0
28331,0.1425148268679133,0
18744,0.1424981677171076,0
101,0.1424717959583194,0
18615,0.1424514240084794,0
8964,0.14244404651623055,0
27376,0.14244328093594613,0
26444,0.14241768635976126,0
21620,0.14239389783186512,0
24976,0.14238551782465958,0
8570,0.14236203083157492,0
11080,0.1423568694022095,0
11772,0.14235005309002977,0
20139,0.14234319826412098,0
8406,0.14232938258819516,0
1797,0.142316234182958,0
22344,0.14230647751753514,0
13599,0.14230129270840866,0
30146,0.1423005763020712,0
5932,0.14229839917720588,0
17514,0.14228270831861622,0
18280,0.14227806287723094,0
23033,0.14227584537466453,0
21237,0.14224484670153467,0
27460,0.14223666440106375,0
11836,0.14223236964103023,0
27313,0.1422139043081703,0
6060,0.1422130556575658,0
15491,0.1422089834867145,0
15048,0.1421626988335655,0
11461,0.14215228373292638,0
6196,0.14215186494728527,0
5619,0.14211481264920733,0
11007,0.14210529899630184,0
480,0.14208913696043693,0
30764,0.14208454244780452,0
30849,0.14207683371171867,0
28993,0.14205699482642453,0
18105,0.1420566511495668,0
4493,0.14205520708129005,0
18326,0.1420449915692507,0
10013,0.1420401337914405,0
23406,0.1420318942824985,0
17307,0.1420206070179897,0
23513,0.14201578473264734,0
7776,0.14197747122489296,0
28189,0.14196187281358974,0
4551,0.14196078625793723,0
143,0.14195227572277336,0
16565,0.1419454221230817,0
27408,0.14193096679885447,0
4715,0.14191205009219007,0
3605,0.14191061997109397,0
22248,0.141903668356732,0
21694,0.1418808212258174,0
22090,0.14187018151689526,0
1085,0.14186873933277222,0
2522,0.14185908679984433,0
18083,0.14183824218100874,0
30933,0.14183474698910245,0
1658,0.14182542781692964,0
8251,0.14181689467078085,0
6052,0.1417665588568792,0
20397,0.14175105648824396,0
2237,0.14174002586322332,0
1037,0.14171842121726677,0
24547,0.14171666696753124,0
26338,0.14171391373955894,0
2867,0.141695957243393,0
4679,0.14167972842986568,0
10381,0.1416794971709208,0
11109,0.14167914902343912,0
17501,0.14165009182573374,0
8169,0.141649769827533,0
19123,0.14164500731321747,0
10276,0.14164086141508306,0
1292,0.14163182677635897,0
15167,0.14162594672709508,0
21360,0.1415986077134935,0
8547,0.14158751112796744,0
18139,0.14158255418429178,0
8425,0.14155591402237075,0
12605,0.14155383312759065,0
30464,0.14155343017013572,0
9929,0.14152434041982848,0
12184,0.14151564259353933,0
29667,0.1415139635949284,0
30468,0.1415088498853424,0
10599,0.14150543546875918,0
22633,0.14149120211224578,0
19558,0.1414817313730997,0
1209,0.14147918583028926,0
9669,0.14147609734123964,0
21420,0.14145583448573196,0
20237,0.141453660644824,0
6841,0.14145064284375747,0
1654,0.14143955276487685,0
16188,0.1414117007503576,0
19679,0.14140672598033935,0
4366,0.141398375058911,0
13949,0.14138987409737652,0
5819,0.14137220009881807,0
5669,0.1413698691569947,0
28950,0.14136782042277446,0
22919,0.14136442145359035,0
21864,0.14134362563897837,0
25610,0.14134023963109812,0
9780,0.14132943580228083,0
27427,0.14130581860633312,0
6720,0.14129409535179105,0
23135,0.1412896791444818,0
28767,0.14128602560238765,0
20359,0.14127909520673337,0
30898,0.14127738240449872,0
6294,0.14127022427120267,0
22761,0.1412689213738708,0
11963,0.1412637136555168,0
5671,0.1412549707396714,0
1838,0.14123962936494525,0
22776,0.14123329476760282,0
24187,0.14122993124962996,0
4028,0.1412160239507427,0
20258,0.14120504249449076,0
10010,0.14120402621305173,0
6930,0.1411929849649089,0
9982,0.14118377744246655,0
12936,0.14118349492173812,0
21301,0.1411619019831853,0
2954,0.14114586566643073,0
2195,0.14114295138876878,0
15663,0.14113560930041388,0
4034,0.14113232542289222,0
10496,0.1411286594221574,0
26764,0.14111141526857546,0
10226,0.14110023786577794,0
16657,0.1410940163146976,0
8529,0.1410928138869768,0
22549,0.14107229106958544,0
1833,0.14106181172336602,0
26526,0.14104975449163246,0
22364,0.14103162360125768,0
8424,0.1409959472594244,0
1281,0.140982590325086,0
6922,0.14098196349773168,0
20846,0.14097747049237624,0
5690,0.14097418001904047,0
553,0.14096870929445982,0
547,0.14096421529274306,0
13059,0.1409534171538579,0
19405,0.14093433355266505,0
8905,0.1409279361527772,0
8049,0.14091789994152917,0
24108,0.14091736263989493,0
20206,0.14091596687442146,0
13796,0.14089048927093106,0
11589,0.14088418407914433,0
8313,0.14087806798376334,0
13977,0.14087649852555287,0
17768,0.14086920318472104,0
19404,0.14086547424037976,0
11140,0.1408492347828734,0
26753,0.14084819848956825,0
16881,0.140844225633762,0
30797,0.14082233700714022,0
28185,0.14081558219030577,0
7571,0.14078718726489162,0
4058,0.14077875013099458,0
2182,0.14076985489293506,0
10371,0.14073625109798266,0
754,0.1407324466847091,0
21082,0.1407095716281753,0
16722,0.1406884168289376,0
4923,0.1406765925578962,0
21569,0.14067462019891616,0
22173,0.14067277292114888,0
7250,0.14065775148186094,0
1779,0.14065291950514267,0
11595,0.1406459296035739,0
8988,0.1406414714742392,0
11559,0.1406393729796073,0
19740,0.14062959885274284,0
16768,0.14062923420442627,0
22342,0.14062509693169636,0
22286,0.14060757510326713,0
19835,0.14059480934067076,0
7611,0.14058218988634805,0
17245,0.14057380074139558,0
31199,0.14055478498453794,0
104,0.14053880006192768,0
11345,0.1405366909721569,0
21648,0.14052857939150348,0
29348,0.14051795506227555,0
21782,0.14051310271811407,0
444,0.1405111864828662,0
17925,0.14050066307295728,0
29026,0.14049285828908284,0
24829,0.1404928229205596,0
2143,0.1404779048587249,0
10281,0.140468049624569,0
27477,0.14045097023472958,0
15011,0.14044699500109145,0
5167,0.14039375960084824,0
13202,0.1403919089355985,0
1825,0.14039047244774963,0
23817,0.14038903924385704,0
23039,0.14036984088920204,0
29073,0.1403690954223662,0
29444,0.1403605365656404,0
14643,0.14035225311497385,0
5393,0.14035183778228397,0
1346,0.1402727413307018,0
30223,0.14026445238189297,0
23905,0.1402618634270952,0
26252,0.14023108000753592,0
14556,0.1402048908183116,0
5132,0.14018510312325363,0
30177,0.1401505147428178,0
18925,0.14014580119718772,0
28996,0.1401018491587883,0
17554,0.140081477026405,0
13466,0.14007693769417096,0
5890,0.14006550671487117,0
8414,0.1400559702738086,0
26198,0.14005336789161307,0
5376,0.14003965612401933,0
1560,0.14003506756821868,0
9514,0.14002652310346542,0
23410,0.14002499280873165,0
6433,0.1400164563904713,0
12055,0.13998328769224677,0
16093,0.1399724522334187,0
8685,0.1399687882312173,0
30378,0.1399396897060012,0
30278,0.1399389561648973,0
25233,0.13992127444551009,0
6167,0.1399148559860247,0
20361,0.13986614542028827,0
28400,0.13985782400880514,0
6696,0.13985086737028468,0
17293,0.13983889126108454,0
29198,0.13983140500660082,0
27202,0.13982908878936315,0
26883,0.1398040892497073,0
6084,0.13979990393439334,0
30599,0.13975896733713086,0
30336,0.1397469029579139,0
19127,0.13974321964654915,0
14138,0.1397303505971091,0
10547,0.13972922025424345,0
9326,0.13969712130215825,0
16137,0.13968497508317548,0
2150,0.1396426848906793,0
27954,0.13960080817689316,0
8034,0.13958652109874253,0
2606,0.13957272998854528,0
5509,0.13956909875739099,0
5552,0.1395607958699689,0
27730,0.13955620264831536,0
3247,0.1395495010809133,0
26771,0.13954849621010632,0
5356,0.13953389632097055,0
18994,0.13950119634084243,0
5195,0.13949205412227283,0
18510,0.13947792572179196,0
14626,0.139467717792408,0
11300,0.13941800256918266,0
21519,0.13941192041235717,0
24313,0.13940308425926415,0
2395,0.13936279179398,0
3276,0.13935944484945761,0
28328,0.13933062721736753,0
6976,0.13931933742150357,0
30207,0.13931393774940784,0
13719,0.1392950547584859,0
28885,0.13924798925933718,0
18800,0.13924385022725277,0
15564,0.13922115418768907,0
8232,0.1392164787686582,0
3466,0.13917787584933974,0
1464,0.13917321305800304,0
30021,0.13916236140670235,0
1613,0.139157465146549,0
23918,0.13913292785676648,0
29597,0.13913235108020705,0
26724,0.13910123485137812,0
9401,0.13908474127098422,0
1717,0.13908105839182255,0
28092,0.13907693823085335,0
1886,0.13902096022805893,0
19710,0.13901743794085994,0
20067,0.13899902007110634,0
11686,0.13896413775398025,0
17467,0.138950543417422,0
2543,0.13894983585974785,0
24355,0.13894458181738586,0
14387,0.13890348685248433,0
13550,0.13889612021266334,0
21853,0.1388947001467735,0
24354,0.13888616381377838,0
13910,0.1388731211464879,0
18179,0.13886497871842463,0
37,0.13886393903767305,0
26693,0.1388602738964051,0
28978,0.13885291224057686,0
7015,0.13881042895464513,0
15237,0.1388028666718489,0
22542,0.1387795724732313,0
938,0.1387576614835465,0
9108,0.13875037625262385,0
6081,0.13874311078733062,0
19410,0.13874050766873752,0
25820,0.13873927357240998,0
20577,0.13871705371675985,0
16243,0.1386907447969915,0
12626,0.13866752908799293,0
15687,0.13865165319789868,0
5820,0.13864591876824547,0
5541,0.13863927630741912,0
20800,0.13863268385951455,0
30921,0.13862938882723225,0
17708,0.13862807062020358,0
26469,0.13862603304283053,0
26934,0.13860808114797277,0
13290,0.13859579183113646,0
3751,0.13858114936980714,0
22835,0.13857459111746492,0
6853,0.13856972599868886,0
13677,0.1385612874399939,0
27938,0.13855781659442074,0
17704,0.13852987666820007,0
28142,0.13852423002034167,0
17559,0.13849806744198243,0
19768,0.1384607007109416,0
7238,0.1384290897124226,0
31209,0.13842240202518716,0
16820,0.13842124515942777,0
31020,0.13841310639571566,0
24754,0.13839278530897237,0
19126,0.13831038713428823,0
17603,0.1383095390622645,0
25002,0.13830944889625335,0
16552,0.13829906625701718,0
17111,0.1382751506397269,0
2660,0.13826097924896952,0
15790,0.13825785463851445,0
29645,0.1382416160471333,0
17877,0.13822778994531565,0
12508,0.13821675584570078,0
16792,0.13821653789863064,0
2270,0.13820901892435913,0
11216,0.1382065684087812,0
19396,0.13820592071086119,0
19876,0.13820325336584996,0
11826,0.13819897319544794,0
3014,0.13818616562276215,0
1475,0.13817095692374715,0
23109,0.13815609429693373,0
1236,0.13813223525926488,0
26117,0.13810332703552974,0
25186,0.13808786982394772,0
4911,0.1380788129981636,0
31253,0.13807857441766533,0
30624,0.13807531686159544,0
13225,0.1380705723538431,0
25259,0.13805806442903087,0
1377,0.13805204510096886,0
11792,0.1380417512502296,0
30621,0.13802534595249433,0
10475,0.138017267477568,0
534,0.13800954699311516,0
8210,0.13800165732540892,0
10987,0.13798910829972175,0
25356,0.13796555914919062,0
23475,0.13796438367147362,0
23676,0.13794057401558818,0
2734,0.13792122378658836,0
21085,0.13791839862699615,0
3872,0.13791250860123283,0
1145,0.13789749179053168,0
14100,0.137874549997613,0
26222,0.13786808701990444,0
30712,0.137854671365223,0
684,0.1378473040312128,0
24842,0.1378444091305227,0
146,0.1378425113713393,0
8293,0.13782021297161123,0
15831,0.13781243342927918,0
2223,0.13775381301828873,0
9094,0.13774400972970718,0
5502,0.13771514991322062,0
18893,0.1377075645387943,0
17973,0.13768711475384937,0
8336,0.1376818772362156,0
18114,0.13767694785699022,0
7613,0.13766978968381674,0
13372,0.13766492586368362,0
8066,0.13766220387390007,0
12566,0.13766138706556996,0
2676,0.13765521835292577,0
11275,0.13762951414326755,0
1013,0.137605791130245,0
18315,0.1375969324657352,0
4726,0.13757878476362967,0
16183,0.1375442132098645,0
22507,0.13754076350298644,0
11402,0.1375357977166843,0
26839,0.1375206402222555,0
3454,0.13749797149500723,0
13782,0.13747882922139998,0
23864,0.13745348979215774,0
20549,0.13744444184484933,0
17612,0.13744172134885477,0
25077,0.13743661889548486,0
25474,0.13742713054782013,0
20914,0.13742496431048865,0
16732,0.13742346428970123,0
11570,0.1374104220211605,0
207,0.13739484842241945,0
30476,0.13736276707245781,0
2297,0.1373556019337555,0
14519,0.13733805873718472,0
28857,0.13732616654119456,0
28069,0.13725840220416705,0
17020,0.13725658410163574,0
29220,0.13725393432218883,0
14983,0.13725035074619327,0
4764,0.1372305801599273,0
13351,0.13720932521623772,0
5923,0.1372033779217337,0
28562,0.13719463695857478,0
29884,0.13719029601445978,0
23296,0.13718073147024706,0
20452,0.1371752659592064,0
11569,0.1371727629802425,0
27293,0.13715666461203646,0
11104,0.1371174496366727,0
28672,0.1371070379329691,0
31100,0.13707196500889962,0
12276,0.13706558886120726,0
27782,0.13704893783175862,0
14111,0.13703822275973526,0
24876,0.13703196585506303,0
13001,0.1370128382619698,0
20642,0.13699630638574914,0
6627,0.13695874338910788,0
19820,0.13693374785502552,0
31121,0.13692962382604176,0
7899,0.1369239294596286,0
27489,0.1369123012418102,0
2916,0.13689207909707288,0
10647,0.13688650948951078,0
30784,0.13688097132898616,0
12869,0.1368731260418644,0
29850,0.13685814102505892,0
16615,0.13683617612384014,0
21303,0.13681949205175112,0
24270,0.13681680217651507,0
27755,0.13681175659311637,0
18728,0.1368109607259001,0
16454,0.1368029776507935,0
28486,0.13679937509309897,0
22392,0.13679646777424206,0
16803,0.13678881665854972,0
13931,0.13677773909542812,0
25591,0.13675539564563527,0
21033,0.13673954833836247,0
29821,0.13672841859756807,0
16774,0.1367281234187886,0
13964,0.13671749040896702,0
16036,0.13671738811599748,0
21184,0.13670432525680948,0
14279,0.1366749641843446,0
23148,0.13662830020334193,0
16652,0.13662178432059227,0
7941,0.13661094497547535,0
27026,0.13659321499448368,0
19385,0.13659272163495126,0
14684,0.13659095241626876,0
7679,0.13658962314657497,0
7410,0.13658247354988118,0
21972,0.13654917038072945,0
16983,0.13654517961790089,0
31248,0.13654300841522185,0
25133,0.13653361570344225,0
18725,0.1365005301008345,0
26508,0.13650029664353674,0
8906,0.13649550303691774,0
7692,0.1364666741061082,0
8922,0.1364492757473916,0
28648,0.13643874850108398,0
6204,0.13643639168565097,0
27395,0.13640508576077476,0
28206,0.13640056102456805,0
31261,0.13637519927646555,0
28007,0.1363731961159046,0
24893,0.1363651564432553,0
17090,0.1363438388228913,0
10145,0.13628409246201567,0
13045,0.13626539293428166,0
20904,0.13626183349031307,0
8112,0.13625902051472305,0
7949,0.13625625454411236,0
2403,0.13623756214918215,0
10382,0.13622454119624866,0
11648,0.13620914058808442,0
1678,0.13620008647801649,0
28876,0.13620002272679868,0
22437,0.13617316722509115,0
29319,0.13614681556871802,0
18235,0.13614572886559337,0
12785,0.13614241997226245,0
7658,0.1361405496633237,0
21924,0.13613245816900016,0
1959,0.13613192909350547,0
10273,0.13612199846654383,0
27941,0.13611491127445252,0
18329,0.13610770684395035,0
12852,0.13610194809437454,0
27127,0.1360964010076565,0
16054,0.13608486786933327,0
29394,0.13606811299941218,0
12844,0.1360664894659975,0
5632,0.13605803789139562,0
5940,0.13604042966023255,0
24105,0.13602324289350592,0
6054,0.13601973777593052,0
9923,0.13599667783064756,0
22827,0.13598512944773794,0
25187,0.13598015851010564,0
4874,0.13596036838546788,0
18786,0.13595488004521855,0
28181,0.13594920527294072,0
489,0.13591673440384178,0
23034,0.13588553552640847,0
23042,0.13588514068460286,0
18065,0.1358825834701876,0
2912,0.13586498652636037,0
14920,0.13586382847345038,0
23695,0.13585709543992597,0
20974,0.13584925026680758,0
16533,0.13584780765395585,0
25935,0.13582867423743442,0
23430,0.13580079190530572,0
16362,0.13577795690573072,0
3634,0.13576225338736847,0
27451,0.13575080200386552,0
19722,0.13573089370527433,0
17015,0.13571380509177697,0
22865,0.13570592144930257,0
4282,0.13570577418596833,0
16937,0.1356937489074481,0
22343,0.13568433788728818,0
28752,0.1356802209443875,0
8803,0.13567918780789218,0
26823,0.1356675715454357,0
24341,0.13565548817023956,0
2985,0.13562541451047117,0
1551,0.13562029350220123,0
22441,0.135611844903091,0
31224,0.13560895541340237,0
31068,0.1355911314055641,0
5266,0.13558050797369148,0
2091,0.13556994834851463,0
28566,0.13556108871991548,0
2358,0.13555949738332898,0
16102,0.13551557644545015,0
10527,0.13550651984075526,0
29111,0.1354892595165127,0
14308,0.1354794340831395,0
11001,0.13546511431862518,0
19007,0.13546228628966783,0
5818,0.13545717785396427,0
6560,0.13544646058251975,0
19056,0.13542798771354092,0
27491,0.1354250789348772,0
13841,0.13540643176499767,0
19937,0.1353890058747053,0
9721,0.1353626687057936,0
17776,0.13533792799236471,0
10741,0.13533417134272066,0
29507,0.13532803307267108,0
14057,0.13531885293605722,0
3656,0.13528509609759418,0
27063,0.13527662168241844,0
25790,0.13527153390105295,0
13766,0.13525695507043517,0
1046,0.13524091751515802,0
20770,0.13522887103391043,0
27825,0.1352079656785907,0
2332,0.13518493254301436,0
8471,0.13518179436328676,0
20601,0.13517735941302292,0
23309,0.13517565188324687,0
7441,0.13512671191775433,0
28226,0.13510596002767536,0
21065,0.13509814300472123,0
9103,0.1350970094293977,0
8192,0.13502681523795557,0
8859,0.13502677731873344,0
23306,0.13502016715762585,0
6951,0.1350194531193129,0
19141,0.13501654890619139,0
27820,0.1349800856616173,0
7283,0.13497807261081418,0
24394,0.1349357799896797,0
5650,0.13489426284110892,0
18874,0.13487406935218627,0
3220,0.13486821306276828,0
10105,0.13486526763218248,0
8281,0.13485596682021278,0
515,0.13484841916944684,0
2850,0.1348388646825337,0
11641,0.13483787690758833,0
31070,0.13482849283100376,0
5095,0.13481715813614606,0
2708,0.13480838787976712,0
29461,0.1348066050279212,0
24516,0.13480336214042993,0
11778,0.1347853371789408,0
24503,0.13475274156329126,0
25799,0.1347445173905519,0
30668,0.13471799476147192,0
20400,0.1347137703329978,0
20997,0.1347032868380735,0
11875,0.1346882845808471,0
2107,0.13468207770036927,0
25460,0.13468039485045064,0
11672,0.13467708213335194,0
31195,0.13464965999406378,0
29225,0.13464925434689118,0
21736,0.13463606236655445,0
28554,0.13462024431808406,0
20232,0.1345716414935695,0
5016,0.1345685584842921,0
24043,0.13456419399168212,0
15760,0.13456123298554767,0
2455,0.1345464874452169,0
1385,0.1345450551695298,0
2580,0.13454016037575267,0
28900,0.13452612879840425,0
13105,0.13452538869134792,0
4569,0.13451844808745855,0
31103,0.1345175471273899,0
24873,0.1345042090860223,0
1881,0.13449148860429933,0
7565,0.13448366360983963,0
17282,0.13446380903386793,0
8810,0.1344459386704365,0
20071,0.13443931017026925,0
4043,0.13443467234350903,0
14188,0.13442702898696077,0
15554,0.1343899210218539,0
5800,0.1343884131304631,0
18478,0.1343813256123502,0
20892,0.13437788106985146,0
13426,0.13436468185353057,0
2896,0.1343463006874163,0
12888,0.13434493885138352,0
18702,0.13433790197824144,0
14876,0.13432166191110131,0
27305,0.13431934666869125,0
6037,0.13431310664780857,0
31138,0.13431198863036278,0
14724,0.1343021811734475,0
3442,0.1343019723340525,0
18819,0.13429945519653866,0
18561,0.13429480570638005,0
1858,0.13429426338827863,0
11808,0.13428863414880943,0
28528,0.13428109973842897,0
20587,0.13428035642376496,0
19351,0.13426902254085527,0
23411,0.1342631613240983,0
26726,0.134243169840587,0
4776,0.13424104408994253,0
2966,0.13423820740743667,0
2578,0.13423366617766042,0
8909,0.1342329749048069,0
3292,0.13423216681667918,0
18887,0.13422925784397502,0
17023,0.1342109244128755,0
9061,0.13419244208490988,0
24291,0.134191543788999,0
1981,0.13418959173573164,0
15444,0.13415589015237786,0
3715,0.1341362215321692,0
20347,0.13412812019884876,0
1523,0.13411815077791356,0
18042,0.13411142026887113,0
6436,0.13410926920341684,0
15165,0.13410913373667882,0
8869,0.13410571747803096,0
21663,0.13410240065107223,0
22107,0.1340998776787898,0
17119,0.1340644259897193,0
25183,0.13405979046390873,0
17927,0.13405165569802727,0
9439,0.134047634768552,0
28051,0.13403515938414592,0
10582,0.1340159867132297,0
1688,0.13400877132484387,0
26185,0.13400502723246346,0
959,0.1340015604380619,0
834,0.13398952487143506,0
23248,0.13398451612165066,0
6742,0.1339831667579186,0
4768,0.1339687525601863,0
28715,0.13395714493107486,0
31286,0.13395109502507277,0
2142,0.1339284984581596,0
5869,0.13392315760781906,0
9680,0.1339061856921692,0
6415,0.13388526284863703,0
29867,0.1338607946134551,0
12554,0.13382051979754153,0
17328,0.133809285805906,0
15078,0.13380625108637736,0
13332,0.13380110614555984,0
4233,0.13379023779136384,0
19110,0.13378198963570084,0
19888,0.1337642800906456,0
4397,0.13374082798770645,0
7253,0.13372340502058516,0
30415,0.13371532782109644,0
4619,0.13371450273267382,0
4677,0.1336412686945711,0
408,0.13363752582755833,0
971,0.13362116042443437,0
15328,0.13360173861695418,0
13235,0.13357906830483837,0
18546,0.13357719449152713,0
18287,0.13356107770612477,0
16827,0.13354656928807992,0
18962,0.13353618802808107,0
22108,0.13353514644971967,0
12539,0.13350381548583115,0
13821,0.13347690699631337,0
25333,0.13346951818091582,0
27527,0.13343982312099417,0
29493,0.13343265892493825,0
6898,0.1334323470363648,0
29407,0.13343114047613194,0
27830,0.1334127495047907,0
22052,0.13341090193493246,0
30251,0.13340812744403915,0
12340,0.13340802838753402,0
10086,0.1333695178724133,0
10886,0.133367631555033,0
19498,0.13335930517133704,0
16626,0.13334841199303152,0
26612,0.13334719907146714,0
23827,0.1333468926670046,0
11212,0.13332950226820559,0
24383,0.13329314225283478,0
7052,0.13328286405004963,0
10477,0.1332694852234837,0
11738,0.13325342673406315,0
30791,0.13322796818253088,0
2318,0.13320407863366077,0
29846,0.13319317115148765,0
7756,0.13319303250633388,0
24707,0.1331829723652025,0
17051,0.13317724911246082,0
14465,0.13316308534429624,0
6625,0.13315974322298138,0
27230,0.1331414577151007,0
2464,0.13312346322070223,0
7087,0.13308691592964553,0
4178,0.1330722942077228,0
16105,0.13306951445160395,0
10873,0.13306641191637883,0
25582,0.13305530022096915,0
29581,0.1330319283640051,0
22840,0.1330188431642002,0
6504,0.13300901355785968,0
2927,0.13298603370539352,0
14934,0.13295189361488685,0
13514,0.13294494221647116,0
6754,0.13293411350788653,0
12599,0.13293193004293496,0
19328,0.13292716096296778,0
28221,0.13291943739303694,0
21720,0.13290558228428773,0
12568,0.1328999746612464,0
16920,0.13289799518799766,0
19384,0.13288202984882486,0
20333,0.13285216166698485,0
904,0.13284018555566585,0
30699,0.13283038228804395,0
3716,0.13282456287523595,0
29819,0.13282125762230246,0
16241,0.13280952917237815,0
16322,0.13279028597362344,0
20944,0.13278464948889301,0
4908,0.13278214823612228,0
26459,0.13277130072680765,0
2815,0.13276928980086544,0
20602,0.13276797101923069,0
5368,0.13276265010244712,0
20951,0.13275963380529013,0
25037,0.1327412272211384,0
435,0.1327381508937618,0
2388,0.1327345872927355,0
15797,0.1327341481866868,0
8190,0.13270888889461527,0
25057,0.13270767018010493,0
9424,0.1326941779400007,0
26705,0.13266657381431252,0
8091,0.13265450746215732,0
5917,0.13264450867812339,0
7017,0.1326431192552201,0
11097,0.13263382741856874,0
6435,0.1326279665487802,0
28700,0.1325859435806618,0
29629,0.1325788698148755,0
5432,0.1325767426825447,0
4956,0.13256924163572426,0
21000,0.13255020064749748,0
21371,0.13254626358470506,0
6405,0.13254493969419553,0
22468,0.1325443400160605,0
13656,0.13252458723779598,0
1177,0.1325183065332919,0
2549,0.1324949905913193,0
1693,0.13248824747365628,0
27956,0.13247001370702408,0
3811,0.13246743258874852,0
3271,0.13246451781995186,0
26481,0.13244318201873184,0
18255,0.13242441678434708,0
15004,0.13240363036295846,0
9432,0.1323991364586513,0
15100,0.13238405601565062,0
22620,0.13238266153233533,0
10850,0.13238115605216716,0
946,0.13237455319948485,0
20832,0.13237121636818278,0
6960,0.13236930125583518,0
8987,0.13234932702415553,0
15652,0.132326534666637,0
20674,0.13229792137344368,0
6701,0.13229207832366977,0
30025,0.13228591464888798,0
3823,0.1322773039089432,0
30200,0.13226602363906906,0
13472,0.13224456922303746,0
14121,0.13223076588028845,0
7649,0.1322171590592499,0
1206,0.13220846308294884,0
27859,0.13218473852375998,0
21855,0.13217368109243238,0
1032,0.13217185969801082,0
17931,0.13214268883036046,0
14932,0.13210816520353333,0
11127,0.13208963950793703,0
14451,0.13208565096979705,0
11412,0.1320505224353018,0
3665,0.13203569079116162,0
1832,0.13200152723206124,0
12848,0.13199054217944708,0
20993,0.13198109435454153,0
7426,0.13196509211621646,0
27404,0.1319601312040464,0
2872,0.13195568624997406,0
17904,0.13194743484306698,0
26332,0.13188469752793722,0
25816,0.1318807271057051,0
26043,0.1318790741691109,0
3070,0.1318485989876615,0
7322,0.13184395090135806,0
4270,0.13183643190398106,0
18977,0.13183495819925875,0
6761,0.13182060195356493,0
20508,0.13179917910391917,0
4328,0.13179456029978487,0
5389,0.13178055473667757,0
23450,0.13177801434244252,0
17535,0.131746385835744,0
5422,0.13172529707541725,0
3693,0.1316947063975559,0
20624,0.13168441989625562,0
12138,0.13167818400327824,0
28928,0.13166929741094563,0
5716,0.1315980782323982,0
13667,0.13158163084034158,0
21923,0.13158027226641283,0
5950,0.1315711987428255,0
6622,0.13155146858270703,0
1766,0.1314976745380171,0
29012,0.131492998210759,0
9694,0.13149126529583471,0
17365,0.13149040563459732,0
2620,0.13148695312093148,0
3258,0.13147918046120802,0
18812,0.13147097040256223,0
18104,0.13146174355280985,0
11676,0.1314570124418664,0
21073,0.13144244928470983,0
23005,0.1314314048599032,0
3494,0.13142722953245245,0
21863,0.13141462837994858,0
14819,0.13140698453282712,0
4553,0.13139084098544124,0
11619,0.13138208914399793,0
26819,0.13135150570741597,0
16512,0.13132464477814135,0
20249,0.13132329330587056,0
18366,0.1313121359877643,0
11075,0.13129982667895854,0
17230,0.1312608137427544,0
9398,0.13125642579360083,0
20389,0.13123644570445353,0
7067,0.13121885060784444,0
18533,0.1312176220869557,0
22238,0.13118578817941492,0
1962,0.13118499976616604,0
8919,0.13112580973933577,0
3367,0.1311151904815305,0
26284,0.13110495951502724,0
26402,0.13110424057428674,0
23887,0.1310671594013101,0
1107,0.13106553895707743,0
16570,0.13106221083633665,0
4016,0.1310445312001626,0
6308,0.13104097081811622,0
19912,0.13103525171737143,0
12536,0.13102764571492082,0
24191,0.1310181665126013,0
5763,0.13100642194347245,0
21624,0.13095843266183915,0
28610,0.1309560615182966,0
30713,0.1309525240521187,0
3783,0.130940780786148,0
11593,0.13093594208496198,0
1728,0.13092969466941454,0
25912,0.13091998755169845,0
6169,0.13091928452147789,0
20041,0.1309053775043565,0
6884,0.1308864174287086,0
652,0.13084847246068884,0
2341,0.13083432582474971,0
29612,0.13083396477624207,0
8286,0.13082308532426754,0
19341,0.13081577201560998,0
4987,0.13078019333486332,0
13212,0.13077168395003003,0
8623,0.13076958252780732,0
11255,0.13076840903285752,0
26644,0.13076122573008456,0
13324,0.130753443603325,0
15769,0.13073038271560583,0
27581,0.13072820182929926,0
13224,0.13072522950001256,0
13837,0.13067802434947093,0
12467,0.13065060409146337,0
29133,0.1306465253302588,0
18089,0.13061729071946324,0
821,0.13060203615213434,0
16864,0.13059388870251454,0
28386,0.13059338163173467,0
25003,0.13058676411417167,0
20595,0.13056904107396808,0
15394,0.13056258052679573,0
10918,0.13054855971583618,0
1126,0.13054831678949605,0
15692,0.13054388018484217,0
21042,0.13053499538417054,0
22848,0.1305323230658865,0
5292,0.13053223115276816,0
2588,0.13051082554330756,0
20510,0.13050014015800307,0
7903,0.13049338981049888,0
4844,0.1304856407263114,0
11933,0.1304834558216327,0
21218,0.13047862314282954,0
6817,0.13047136969374812,0
15876,0.13044243814554662,0
20230,0.13042848214132333,0
29209,0.1304245609855928,0
25397,0.13042364385910926,0
16709,0.1304217721984262,0
21550,0.13041727426997013,0
20378,0.1303947402615881,0
19889,0.13038131856331453,0
27367,0.13037189039448493,0
16477,0.130359955859307,0
23396,0.13035550886188635,0
25443,0.13034075947962828,0
14339,0.1303382577135286,0
10902,0.13033430450704953,0
27010,0.1303290944149491,0
2562,0.13032433226675122,0
26931,0.1303115756007941,0
29593,0.1303022226832339,0
2162,0.13028965955697416,0
6394,0.13028899558752266,0
248,0.13028806930537562,0
10788,0.1302806366572807,0
6347,0.13027606385693447,0
29709,0.13027120277737148,0
4342,0.13026136696393448,0
23131,0.13020550040735354,0
13444,0.13020031278922892,0
29438,0.130177378471631,0
18766,0.1301709588182789,0
886,0.13014577861738652,0
21981,0.13013866792661052,0
14364,0.1301312516956932,0
29992,0.13012257442726174,0
3277,0.13010075981423883,0
23303,0.1300848968458238,0
7184,0.13005674775460796,0
876,0.13005196350397563,0
27485,0.13005008427356515,0
4262,0.13004745510658877,0
20628,0.13001381278581323,0
23338,0.130009387348834,0
25534,0.130001839108794,0
6903,0.12997537438908688,0
22033,0.1299554860750722,0
9577,0.12994882580220513,0
24943,0.129910820691007,0
11635,0.12987667896655763,0
10794,0.12987138895032643,0
3286,0.12986815069720828,0
6019,0.12985371219610678,0
8904,0.12983995259843348,0
23562,0.12982934903716611,0
18023,0.12982418972380716,0
13302,0.1297558956029327,0
3527,0.12974307738481464,0
10418,0.12972301966472377,0
16074,0.1297216705104893,0
15985,0.12969914384924666,0
29080,0.12968238612083488,0
10892,0.1296582877851912,0
23217,0.1296511223545631,0
9830,0.1296334373310467,0
17773,0.12963192945669855,0
8163,0.1296308571567501,0
26767,0.12956945223769362,0
7481,0.12955157368187747,0
3088,0.1295121756307057,0
2392,0.12951189922483233,0
27242,0.1294628890025037,0
21691,0.12945802305699364,0
5586,0.12942328854948523,0
1692,0.12941911670896494,0
7543,0.12941365389199452,0
11782,0.12937230219597806,0
4090,0.12936507116481497,0
13335,0.1293363514706704,0
23479,0.1293243493352021,0
27603,0.12927597406219324,0
19823,0.12924442145530993,0
7534,0.1292371233235931,0
16977,0.12923251753065207,0
2650,0.12920288666258645,0
17208,0.12919231321824637,0
4825,0.1291847552238127,0
22548,0.12916906046731647,0
4700,0.12915785143291328,0
14397,0.12915700207540406,0
25035,0.12915571733598405,0
6105,0.12913745646162703,0
7395,0.12912233268656276,0
26542,0.12912169288263833,0
30307,0.12910660771786017,0
21549,0.12910416805508163,0
873,0.12906479847927257,0
20379,0.12905999922767397,0
4112,0.1290341008681479,0
26698,0.12901880424997475,0
580,0.1290130350495342,0
744,0.1289913800213055,0
16358,0.12898442346227257,0
11501,0.12896529651587774,0
29752,0.1289320792506886,0
19105,0.12889266109100242,0
7092,0.128883772524668,0
27377,0.12886872203416863,0
26388,0.12886116474720585,0
15222,0.12882994756474184,0
12378,0.12880164644785155,0
15418,0.1287861576778092,0
973,0.12878242174564272,0
14941,0.12876049157568667,0
16240,0.1287583427182774,0
16113,0.12875253077885407,0
10136,0.12875237221938776,0
3128,0.12873786830720355,0
14560,0.12872662889059333,0
7053,0.12869489800351663,0
22506,0.12868682223136532,0
2842,0.12866306368264158,0
19690,0.12865708155996744,0
8046,0.12863513061124407,0
23133,0.12861981085923266,0
3334,0.12860653390276314,0
25010,0.1286020167305452,0
14689,0.12860095573653924,0
13940,0.12858162066334503,0
13521,0.12858080501700775,0
3284,0.12856745828144112,0
24091,0.12855246572378967,0
12789,0.1285503008843845,0
30290,0.12854408199764966,0
8051,0.12854180520458647,0
24715,0.1285351200219476,0
6108,0.1284928480846385,0
24814,0.128489428876807,0
15619,0.12847517530828143,0
11603,0.12846566384761682,0
15378,0.12846310558606014,0
6801,0.1284540070907467,0
24089,0.12845206333258752,0
15397,0.12843696547222946,0
30589,0.12841902427328955,0
14122,0.1284161619608657,0
22917,0.12835899812253077,0
3930,0.1283334413201469,0
17698,0.12831446222223555,0
2183,0.12830436951432625,0
12402,0.1282737158315546,0
8793,0.12823539803864445,0
2540,0.1282227755269859,0
9865,0.1281711453436161,0
29229,0.12817029533673108,0
24205,0.12816711770493863,0
21830,0.12816413525809606,0
25795,0.12816119506415707,0
26026,0.1281472519518762,0
22546,0.12813938725411436,0
28896,0.12810988719034497,0
6346,0.1281089810385917,0
7277,0.12808101002141503,0
16359,0.1280210009757684,0
10793,0.12797530114254807,0
5115,0.12797022075690606,0
27624,0.12796753858738,0
19974,0.12796644576765837,0
12814,0.12792575685149893,0
24756,0.1278892264538465,0
15321,0.12787023268363723,0
8269,0.12786446204923416,0
25929,0.12786180771911082,0
6035,0.1278561893962615,0
30770,0.12783165079426598,0
11704,0.12782103279770757,0
1047,0.12775122539746542,0
20694,0.12775115167208298,0
6868,0.12771222578420738,0
24333,0.12770499519685946,0
18489,0.12769591962955423,0
8764,0.12767266739391187,0
3488,0.1276604018422454,0
13682,0.12765066994440313,0
19125,0.12763247738960018,0
4855,0.12761634026232982,0
11266,0.12760474548120312,0
5045,0.12759724409292683,0
11543,0.12758538923220317,0
11806,0.12758182442037325,0
29136,0.12755621119808666,0
20776,0.1275189388233341,0
13586,0.12749992717245992,0
1322,0.1274859945772551,0
17312,0.12748234111015583,0
22597,0.12747878155008213,0
9773,0.127453554368459,0
23407,0.1274378112247609,0
25005,0.1273439889313073,0
128,0.12734253173741333,0
27315,0.1273043242088116,0
15838,0.12726093939645258,0
2240,0.12724935500801546,0
4209,0.1272459715351687,0
13400,0.12723376357765312,0
7298,0.12722065276480013,0
15567,0.12721499840098538,0
8762,0.1271924336414161,0
8730,0.12714630601510946,0
22251,0.12712757792465632,0
20540,0.12710994986561758,0
21485,0.1271071376091925,0
10703,0.12708988451890466,0
19365,0.12708635162447945,0
253,0.12706620804112964,0
30204,0.1270612838931723,0
21122,0.12704214021019578,0
1677,0.12703004488454153,0
9205,0.1270253396116199,0
26156,0.12700956934528546,0
18069,0.12700704383821682,0
30741,0.12700516561484318,0
8589,0.1270030710042179,0
19220,0.12699931488141633,0
22820,0.1269808540635675,0
14815,0.1269769597996043,0
20751,0.12695659418440386,0
17469,0.12694497151008324,0
15450,0.12694459094753,0
7189,0.12693204608053787,0
19045,0.1269080729949488,0
16348,0.1269072746029338,0
2374,0.12689479427455055,0
12670,0.12689259646312645,0
27885,0.12688211628249663,0
25303,0.1268509357169373,0
8248,0.12683583289964281,0
15029,0.126830794693291,0
3061,0.12680791090634924,0
21276,0.12678179067779077,0
20754,0.12677690126516256,0
22196,0.1267753354245115,0
119,0.1267569376096754,0
7895,0.12669976697626564,0
10339,0.12666714756221661,0
4228,0.12665365141184645,0
17614,0.12663887355143286,0
8477,0.1266042932869498,0
17651,0.1265786449082307,0
4665,0.12657531830252322,0
23402,0.1265563685391485,0
23634,0.12655634238050845,0
14907,0.1265442477128927,0
4064,0.12653618052359974,0
25368,0.12647204062050912,0
19500,0.12645457462714754,0
5929,0.12643926834336006,0
23914,0.12643810035221675,0
3550,0.1264298557288256,0
28163,0.1264147958115397,0
13568,0.12641396180271555,0
18418,0.1264017429103782,0
26367,0.1263908868429606,0
31223,0.12636208163854581,0
11186,0.12635264700740997,0
1446,0.12634108876861272,0
27860,0.1263366637158124,0
23841,0.12632102610785878,0
31015,0.12631785024738323,0
16884,0.12631397180226991,0
13231,0.1263118411442317,0
5361,0.12630093880165874,0
19796,0.12629673241175202,0
1397,0.12626284943226568,0
10163,0.1262365937308744,0
28409,0.12623281269939635,0
16023,0.12623098151283102,0
30463,0.12620718278225268,0
17196,0.12620385130709844,0
16363,0.1261995313853048,0
30320,0.12619235852603083,0
23600,0.12618907883623284,0
20526,0.1261762723154235,0
27233,0.12617403232762595,0
14839,0.1261637056552903,0
15358,0.12616198680288393,0
28653,0.1261568944475461,0
4267,0.12615448233474566,0
21988,0.12613819322581132,0
27046,0.12613728622490203,0
13976,0.12610589462272515,0
4450,0.1260994946213938,0
21821,0.12609343852720867,0
20066,0.12608391840121388,0
19759,0.1260753166419336,0
6200,0.12605344065536223,0
10161,0.12603971067056016,0
19221,0.1260201089665842,0
16239,0.12597191441588176,0
14783,0.12595742451063394,0
23202,0.12594534212842773,0
15435,0.12594118473532462,0
17585,0.12592286715037668,0
19598,0.1258889486122171,0
4613,0.125834343443617,0
17345,0.12582669360380064,0
23004,0.1258216996445892,0
1422,0.12580868656318545,0
21914,0.1257953672680828,0
10468,0.12578921288261086,0
28661,0.12578016970820768,0
11838,0.12577952372509107,0
9640,0.12577883849152657,0
347,0.12577373648884876,0
13585,0.12573448649696758,0
27021,0.12572941054535602,0
3273,0.12572202691647294,0
17136,0.1257151397680211,0
7839,0.12570367771396163,0
14225,0.12568199259699545,0
15281,0.1256752026098327,0
6734,0.12567214023935583,0
1918,0.12565032437729878,0
15905,0.12563877070252108,0
6174,0.12562925464067023,0
23637,0.12561988351936437,0
6042,0.12561588905074159,0
23425,0.12553801037691228,0
27793,0.12553370257766727,0
19202,0.12552077409424378,0
30083,0.1255113628727786,0
6235,0.12550797901903643,0
24117,0.12549488854865354,0
5101,0.1254906946388389,0
26685,0.1254739210750699,0
13010,0.1254642504150615,0
13820,0.1254528801229223,0
30994,0.1254491526719783,0
15779,0.12544009749554041,0
9375,0.1254355258215892,0
18829,0.12542330573936344,0
4694,0.12541646451940452,0
8545,0.12538959343930106,0
19144,0.12536640633848925,0
20877,0.12533926552538463,0
1924,0.1253357406253288,0
12297,0.12532605772591596,0
14033,0.1253050928598669,0
30802,0.12529188175967634,0
911,0.12529106680503152,0
21828,0.12528899987019815,0
30471,0.1252402220686108,0
16903,0.12523303644539716,0
20260,0.12522306683914025,0
16479,0.12513295941101835,0
9714,0.12508887866646579,0
1451,0.12507490757688322,0
10855,0.12502987814067157,0
270,0.12501724564634745,0
26057,0.12501195248685995,0
28103,0.12499960947437536,0
10474,0.12499386185440046,0
16517,0.12498332096963084,0
5948,0.12496576011775196,0
5124,0.12496513897635879,0
29403,0.12493546047725931,0
14500,0.12493523625190274,0
14233,0.12491402126893023,0
30311,0.12490355328675821,0
25222,0.12488745091879562,0
24456,0.12487849270539206,0
24332,0.12484764817391886,0
23648,0.12483837846211598,0
18286,0.1248299990117853,0
6069,0.12482292642182123,0
27649,0.12476969091478413,0
25210,0.12473071136059227,0
28959,0.12471958316182503,0
10575,0.12471527474192916,0
23375,0.12468720346502396,0
3016,0.12466857909527011,0
7742,0.12465346538129411,0
13863,0.12462192679362681,0
17084,0.12458435296586413,0
1063,0.1245524305548726,0
11831,0.12453302577531225,0
6649,0.12450691362640624,0
4200,0.12450451896229797,0
7016,0.1244987548156627,0
22897,0.12449679856502946,0
30116,0.124489689672554,0
11668,0.12445911141614646,0
609,0.12444745779380384,0
4740,0.12444169880841408,0
3766,0.12443590292072335,0
15057,0.1244247067878429,0
28100,0.1244230639142084,0
7473,0.12441889080792669,0
26413,0.1244163876286653,0
2281,0.12440711739419004,0
19310,0.1243946462980463,0
16309,0.12438755547126577,0
14678,0.1243792919038784,0
4190,0.12437754642916035,0
25325,0.12437211616277409,0
11781,0.12435834801396155,0
10076,0.12435552405491915,0
11447,0.12435212680939449,0
30150,0.12434632802787769,0
11717,0.12431833455544691,0
26352,0.12429028732057366,0
3357,0.12426929218173242,0
17664,0.12426865405999717,0
11670,0.12426335291843466,0
20903,0.12425795120998309,0
2115,0.12423193876728383,0
29458,0.12423071682173818,0
4622,0.12419140051822607,0
5947,0.1241883029394684,0
25873,0.12415800995804888,0
12252,0.12413461936404112,0
30201,0.12412686806031806,0
18863,0.12410012079074581,0
10883,0.12408473294166551,0
25575,0.1240754949859315,0
29828,0.12407468937274528,0
13728,0.12403196020953425,0
22914,0.12400577424614027,0
18081,0.12397433711143795,0
2636,0.12396679788578698,0
19814,0.12395482335762946,0
4577,0.12393895037961329,0
14736,0.12393218075522372,0
11592,0.12393182734133096,0
2516,0.12390704474911354,0
16143,0.12387432679199202,0
27328,0.12385971687741204,0
22424,0.12385121436934435,0
27340,0.12383796743469505,0
3909,0.12382113432762992,0
15745,0.12377681995884673,0
2528,0.1237705744767257,0
9362,0.12376895289822304,0
11525,0.1237283075972113,0
28081,0.12369331267099637,0
21475,0.12369084414102638,0
3476,0.1236432433176568,0
15836,0.12363903748026388,0
24785,0.12362782428181668,0
6999,0.1236245279956808,0
8718,0.12361329046323542,0
22882,0.12359979771395255,0
18237,0.12352934056260947,0
11006,0.12351151904605956,0
14286,0.12350268789661908,0
30325,0.1234945248618942,0
10060,0.12349094843320081,0
23790,0.1234628902669797,0
6860,0.12343032878319267,0
2180,0.12342737719572078,0
30910,0.12336046090781023,0
18252,0.12334935965446078,0
24768,0.12334207663323254,0
16513,0.12331925869996209,0
13706,0.12331566468647483,0
17728,0.12331401957433123,0
20301,0.1233094313493485,0
25068,0.12330677413710284,0
12002,0.12326687616886803,0
22976,0.12325653887668521,0
28049,0.12316932488018927,0
2411,0.12315653602039654,0
18741,0.12308502178540413,0
20322,0.12306954492935018,0
17949,0.1230550841711419,0
27034,0.12304037215067547,0
9728,0.1230385883737487,0
5740,0.12303079492976784,0
29731,0.12302379188711851,0
2845,0.12299433933368974,0
3588,0.12299088213695555,0
22746,0.12298467549847487,0
19715,0.12298102506095088,0
12989,0.12297852169233953,0
22351,0.12297150939342416,0
8753,0.12297125169415299,0
29192,0.12295418740769558,0
26679,0.12294490956504449,0
11374,0.12293857101451522,0
4570,0.12292507517830266,0
5215,0.12284704330818648,0
13955,0.12281100360219412,0
11613,0.12280545917975715,0
8564,0.12278727390093704,0
27992,0.12273813770662853,0
19638,0.12271957863074104,0
2893,0.1226955868257543,0
10248,0.1226714847729984,0
2686,0.12266966389137014,0
1522,0.12265832470397285,0
12240,0.12265831268867455,0
20255,0.12264965310200374,0
29749,0.12263350901362133,0
20278,0.12251646570886793,0
6965,0.1224997201268005,0
5114,0.12249001337646401,0
2300,0.12245085321815431,0
9572,0.12244774161327404,0
16459,0.12244077550745916,0
21179,0.12243506192434006,0
4208,0.12243277256190224,0
18374,0.12242116590406099,0
18611,0.12241757064786178,0
3717,0.12237864663684697,0
24353,0.12233974779087803,0
2414,0.12231996988034283,0
17905,0.12231951294443615,0
10810,0.12231547612742666,0
16091,0.12230620008706944,0
22765,0.1222796214740271,0
6457,0.12227718085989552,0
870,0.12227702059131121,0
14193,0.12226094009282892,0
26515,0.12222104019788504,0
30308,0.1221950928835481,0
18828,0.12219381432820776,0
8400,0.12217921193671437,0
7110,0.12215813290364297,0
22063,0.12214138220309545,0
13089,0.12211729049676447,0
18251,0.12211563057170105,0
3928,0.12207032491536385,0
30885,0.12206786989056355,0
6474,0.12206572974352352,0
25533,0.12205662305984338,0
7480,0.12205530030294703,0
8147,0.12204201484596258,0
31004,0.12199546975096257,0
8901,0.12199225501947965,0
19619,0.12197760600643213,0
9102,0.12196733358004672,0
11432,0.1218841539931289,0
27792,0.12187850489464308,0
24896,0.12187216495586069,0
13891,0.12183033294104179,0
25590,0.12182733917093183,0
2874,0.12181412045517806,0
8183,0.1218004457729804,0
1012,0.12179558769623339,0
20352,0.12179063640670859,0
19052,0.12178827194065728,0
5905,0.12177202410739615,0
13294,0.12176447008564016,0
26533,0.12175387053288668,0
17787,0.12174507605564949,0
16998,0.1217402837629507,0
21504,0.12173047685750416,0
16474,0.12171101958042653,0
3618,0.12170241166773152,0
26974,0.12164688981425571,0
21722,0.121645326886846,0
22543,0.12160295614307165,0
331,0.12156471174400715,0
15894,0.12155576106524207,0
11973,0.12154394800387738,0
31171,0.1215204881592985,0
11736,0.12149731370644258,0
2263,0.12147270693883785,0
14004,0.12147266954122857,0
25529,0.12146069087335298,0
20896,0.12145829347408002,0
26597,0.12144983321507206,0
12897,0.12144896011508834,0
22211,0.12142354699482656,0
23511,0.12140709034317516,0
29190,0.12140147212499651,0
7580,0.12139985731616765,0
9256,0.1213985573232874,0
30652,0.12135327946856794,0
16192,0.12130007692107755,0
12621,0.12129807837531176,0
12748,0.1212709191812157,0
5324,0.12125880412598289,0
24903,0.12125421778199946,0
863,0.12124909018530904,0
14791,0.12118551362354729,0
1429,0.12117297436868321,0
26489,0.1211469958904276,0
4748,0.12111590294238699,0
21233,0.12111535626671113,0
17763,0.1210760965381498,0
25378,0.12107244829270992,0
20110,0.12106479077836639,0
6707,0.12104720547449023,0
2955,0.12103840593016352,0
19606,0.12103255988519321,0
16748,0.12101428984857893,0
2696,0.12100071631175335,0
22950,0.12098632833575344,0
5993,0.12098225003487822,0
1091,0.1209783685791432,0
18416,0.1209621476117825,0
30338,0.12093853658220736,0
2599,0.12091640769094893,0
4311,0.12088352057421776,0
15416,0.12086483534381276,0
15683,0.12086009562781795,0
8791,0.12078541376275702,0
258,0.12075944803496322,0
5908,0.12075151223822639,0
27482,0.12074251233953609,0
12877,0.12073621719656906,0
22595,0.12068762830739123,0
12803,0.12067734018458472,0
18861,0.12066424337672946,0
12108,0.1206546749612065,0
29621,0.12064918713844273,0
7989,0.12064172815412956,0
25191,0.12063890584544247,0
30750,0.12061915258668432,0
22616,0.12061827644576562,0
3187,0.12061341397122267,0
14161,0.12061131058574835,0
259,0.12060644086789563,0
17321,0.12060636474092845,0
4379,0.12055981415530109,0
27435,0.12054505409959637,0
27466,0.12043047472033397,0
3951,0.12042600435628403,0
15555,0.12042401239290453,0
13325,0.12040022029138045,0
14403,0.12038209167507499,0
6690,0.12034855093353954,0
13288,0.12030588618164456,0
12838,0.12025108155245778,0
17332,0.12024957609955111,0
5104,0.12023848236600192,0
30659,0.12023824419348682,0
24894,0.12022643924004306,0
17390,0.12022016986139115,0
28489,0.12021028385693729,0
260,0.12018600699227061,0
13210,0.12017331899253632,0
16888,0.12016465208013154,0
12259,0.12013998898151637,0
27274,0.12012541097832048,0
2061,0.12006961710640836,0
3038,0.1200449172278332,0
7149,0.1200152952641503,0
21906,0.11996789952245525,0
5212,0.11994409594397296,0
30957,0.11993987038515726,0
6811,0.11993811967113244,0
19613,0.1199293638695693,0
7154,0.1199239315830582,0
13900,0.11992062033835188,0
10160,0.11990242477692031,0
16658,0.11986100045043525,0
19492,0.11985655729849772,0
7621,0.11985258616235883,0
21996,0.11982371803041458,0
420,0.11981750861271814,0
16879,0.11981459488836173,0
29747,0.11976773068834906,0
19480,0.119758558546876,0
8177,0.11971076404305787,0
11291,0.11969462661702121,0
26629,0.11968829247669005,0
8984,0.11965417306539601,0
19090,0.11964244589865329,0
18736,0.11958619633548094,0
18918,0.1195702167460162,0
11125,0.11954936421865173,0
9456,0.11954606262353598,0
3112,0.11947790697950549,0
24477,0.11947377390993508,0
21765,0.11946120779827113,0
19274,0.11944347715190014,0
26845,0.11944195865382477,0
29727,0.11943863607166577,0
5159,0.11943483727736014,0
6251,0.11940998670054519,0
3993,0.11939738807777428,0
25690,0.11937270716574638,0
3529,0.11933937778204723,0
3047,0.11931709580849596,0
28761,0.11931455295309512,0
10097,0.11930972589330584,0
4171,0.11930594983399975,0
30536,0.11928834416770469,0
24610,0.11928138095754484,0
13563,0.1192727528203644,0
6512,0.11925119423274794,0
13040,0.11923630690539447,0
17103,0.11922787001715326,0
11816,0.11919171285096652,0
20059,0.1191821659668484,0
23227,0.11912769230338188,0
29261,0.11911901569167353,0
21240,0.11910491178212507,0
30972,0.11910441134309907,0
951,0.11906609740019235,0
3057,0.11905432101548938,0
18867,0.11903019322473937,0
11373,0.1190215661446318,0
30233,0.11901750940724455,0
18795,0.11900699652974306,0
212,0.1190024312206426,0
13096,0.11898857783667857,0
11740,0.11898346452060947,0
15285,0.11897998512593876,0
20408,0.1189423298382655,0
24195,0.1189228950238271,0
12653,0.11892017830870921,0
23921,0.11890388584528556,0
3683,0.11890274120393828,0
18354,0.1189003801304766,0
28112,0.11888085029903457,0
7617,0.11882095487899058,0
7919,0.11881819842918606,0
16171,0.11880810894741649,0
26684,0.1188058094692924,0
30788,0.11879745168154483,0
23922,0.11878520406195849,0
28772,0.11877214918733263,0
10889,0.1187628345396182,0
11400,0.11874589856176135,0
18593,0.11872739902750773,0
24490,0.1187181808595854,0
22954,0.1187108713185258,0
15750,0.1187100571868393,0
10800,0.11870690820053918,0
30626,0.11870012825842612,0
26442,0.11868568581635795,0
29254,0.11867613081348445,0
13538,0.11864961591472344,0
14879,0.11864534231900951,0
23314,0.11860620285961704,0
12373,0.11857247397806442,0
22870,0.11856493274752172,0
5553,0.11856187980603415,0
10498,0.1185604730775073,0
30996,0.11855837258748916,0
24123,0.11854069875179798,0
13434,0.11853573087467176,0
11130,0.1185175047151754,0
21119,0.1184019663051169,0
4879,0.11835762678663424,0
11598,0.11835144831820285,0
11309,0.11834437408810886,0
9750,0.11827562147539032,0
11972,0.11826829733299235,0
5466,0.11825574150570801,0
7786,0.11824823309250135,0
1915,0.1182455067052868,0
16270,0.11824304441083087,0
28041,0.11823443761328528,0
25492,0.11819233989826727,0
25936,0.11816468009668232,0
14163,0.11816360856581783,0
9588,0.11813148131019373,0
20963,0.11812827225790917,0
7874,0.11808030640732832,0
18474,0.11807629058310294,0
2642,0.11804914858291259,0
27974,0.11803745614247207,0
21238,0.11803514954730343,0
18225,0.11803045090575695,0
21742,0.11799335676274061,0
2979,0.11798427007481792,0
23484,0.11796875838522114,0
17976,0.11796008209339545,0
3194,0.11794664267927477,0
22681,0.11793619329388784,0
7344,0.11793225093128173,0
13131,0.11791210116869999,0
7267,0.11788300683146394,0
20156,0.11787627899843718,0
8213,0.11784103397828334,0
21831,0.11783063048056464,0
18098,0.11778667106263375,0
8695,0.1177825317814622,0
4095,0.11777916949206534,0
22089,0.11774548611691861,0
7750,0.11774370877420778,0
23010,0.11773794224113342,0
19771,0.11773098815902407,0
30309,0.11771914008883234,0
8713,0.11770488697554672,0
16041,0.11768657368197774,0
1027,0.11767071938227776,0
24096,0.11766070631023486,0
29114,0.11765751520003023,0
1948,0.11764981898863443,0
14929,0.11761414418214132,0
4427,0.11759984799875939,0
18058,0.1175980319720621,0
19616,0.11759220916566815,0
6460,0.11757874151853231,0
13553,0.11755805421917973,0
25194,0.11755630572289906,0
24500,0.11755479615077645,0
13894,0.11755246134408669,0
16203,0.1175144145114755,0
12480,0.11750398541473443,0
1969,0.11750208277963012,0
6665,0.11750039908979236,0
15210,0.1174991651843864,0
7005,0.11748265875970779,0
14213,0.11747818576155623,0
8335,0.11747302781023317,0
12376,0.11746600665125995,0
1398,0.1174617839599783,0
27925,0.11744103977429658,0
2514,0.11743391191315297,0
9836,0.11741961083728095,0
26330,0.11741366692064512,0
28223,0.11740186092136068,0
2221,0.11740104986438459,0
28799,0.11740020398128564,0
15738,0.11739533364556498,0
27851,0.11739293644073173,0
4625,0.11736993513030516,0
20124,0.1173468477397185,0
23221,0.1173365718695899,0
27083,0.11732524239322846,0
8252,0.1173117968084497,0
11438,0.11730667600564061,0
29452,0.11729778914120396,0
30815,0.11729609068947783,0
2870,0.1172799923971408,0
11661,0.11725866896739329,0
24274,0.11723165731153956,0
20990,0.11722225774332981,0
5592,0.1172039519166186,0
20566,0.11720178385270286,0
26948,0.11715637370032915,0
21523,0.11715465978904054,0
3255,0.11713351991384496,0
11655,0.1171076181114137,0
3237,0.11707987560571129,0
6890,0.11706858935649506,0
29219,0.11706524020533257,0
31192,0.11706327200097374,0
27084,0.11706218193282442,0
29516,0.1170505019359606,0
252,0.11695954608254383,0
20447,0.1169197191233511,0
23079,0.11688989648223197,0
30485,0.11685212189641458,0
29512,0.11681796898103769,0
2808,0.11680301812240729,0
17734,0.11679638475519317,0
16195,0.11679455121386996,0
13666,0.11679290049200436,0
18585,0.1167886954664247,0
28764,0.11678054969660547,0
427,0.11676197176859235,0
22165,0.1167156695301178,0
20696,0.11668372229528803,0
4644,0.11668131694538487,0
18353,0.11664910663834577,0
29251,0.11662543004807586,0
28469,0.11660573409692296,0
4648,0.1165816482068542,0
19700,0.1165531907512837,0
26735,0.11654234453368789,0
12505,0.11652579495647242,0
28705,0.11652418412603793,0
10420,0.11651013722846326,0
29572,0.11649198587847205,0
7173,0.11647575162281498,0
5811,0.11646593736485647,0
688,0.11639295088028268,0
5651,0.11637791679406453,0
18181,0.11634881329623498,0
13494,0.11631292215014515,0
13300,0.11629387596459402,0
3163,0.11626419381964638,0
17041,0.11625047149322641,0
14641,0.11624541676930746,0
17549,0.11622734330728378,0
28706,0.11621592740156489,0
15139,0.1162139842258714,0
12304,0.11621276076965685,0
8391,0.11616048827244953,0
12563,0.1161493386372362,0
30018,0.11613661576182206,0
30212,0.11609063843468409,0
13588,0.11606899095433715,0
14806,0.11606272648141802,0
16376,0.11606255564535684,0
28158,0.11605373267511715,0
22119,0.11603468033323339,0
15413,0.11603193089785419,0
15998,0.11601019938400467,0
10597,0.1159963141566677,0
27953,0.11596215330804754,0
6444,0.11593390476648324,0
5684,0.11590043581822135,0
7065,0.11587211313008806,0
5145,0.11585591092455409,0
30003,0.11584578536800814,0
23710,0.11583166759473235,0
12135,0.11582534864595552,0
17399,0.1158159755660169,0
7244,0.11580146357472364,0
4496,0.1158012190115855,0
7842,0.1157391625916571,0
17699,0.11573593809821006,0
9152,0.11572490205858209,0
650,0.11566358502468763,0
15726,0.1156465733562862,0
8760,0.11563860495753296,0
14648,0.11560925958369404,0
25814,0.11554938540580069,0
4797,0.11553521279100178,0
2964,0.11552906022274233,0
16442,0.11552357254901358,0
28606,0.11550288253349539,0
29975,0.11550232480229901,0
21759,0.11548482113994307,0
307,0.1154591160036771,0
9581,0.11545060298205208,0
2861,0.11544602755318373,0
17671,0.11541004543792222,0
4738,0.1153951944669468,0
31185,0.11538603770857855,0
22578,0.11538472058231079,0
5591,0.11537047919574411,0
12317,0.11535548949603333,0
3639,0.11534011977982167,0
30264,0.11532334006263593,0
30389,0.11529247976825988,0
27960,0.11528903457350069,0
30103,0.11527102347522149,0
21751,0.11525443640321145,0
28851,0.11524880344906477,0
22352,0.11523093825075398,0
19916,0.11522309774371645,0
19390,0.11518278059723551,0
3796,0.11516470361681838,0
3596,0.11514996078027628,0
22661,0.11511140156766102,0
16187,0.11510504147973004,0
19293,0.11507476898593846,0
4926,0.11507384431647394,0
27874,0.1150538896871134,0
12060,0.11495639208199022,0
19813,0.11492526293554217,0
10646,0.11487955242607016,0
26392,0.11487685661937133,0
27785,0.1148692639521794,0
30857,0.11484598079623277,0
14,0.11481659768204888,0
25828,0.11478220543056722,0
23291,0.11477371662066985,0
12007,0.11474613072309622,0
22357,0.11474279447794185,0
28023,0.11473782243042885,0
24151,0.11471237637650429,0
8443,0.11470687585510282,0
7476,0.11468950638149603,0
18289,0.11466968853839005,0
29161,0.11465154892148917,0
28382,0.11463450507420819,0
25657,0.11461549578782995,0
7515,0.114598614258164,0
16427,0.11457536590457551,0
21170,0.11457290151600637,0
9395,0.11456637920185667,0
25958,0.1145195792890084,0
14855,0.11451563956136707,0
24765,0.1144814336243451,0
29480,0.11446144260007063,0
3160,0.11444925349625061,0
25858,0.11444866489054784,0
12011,0.11440894301978417,0
5648,0.11436951887843985,0
25830,0.11433407804977608,0
15863,0.1143224813353372,0
133,0.11429816204073634,0
4657,0.1142525646902086,0
21212,0.11424838590286518,0
27754,0.11422591757254427,0
11423,0.11420599841206983,0
7021,0.11418452354902761,0
10019,0.11416912333766435,0
9942,0.11415802943337448,0
8640,0.11412526725730214,0
28604,0.1140989891669411,0
24250,0.11408767583768664,0
31282,0.11406803039268061,0
17871,0.11406153591249936,0
8170,0.1140279952555212,0
17572,0.11402685376106843,0
8404,0.11402382602945373,0
2124,0.11401202579101134,0
9575,0.11399739143504556,0
23416,0.11395848662727877,0
15316,0.11395801711012005,0
20393,0.1139496260124132,0
19920,0.11391939639460265,0
29800,0.11390446918387363,0
19977,0.11390423597562639,0
18444,0.11386893102688037,0
10728,0.11384682137875334,0
23779,0.11382825908067376,0
9017,0.11380992552840934,0
20731,0.11379902192702904,0
10478,0.11377966925468852,0
8079,0.11376780291615025,0
7300,0.11371544608768573,0
26582,0.11371202317705341,0
29770,0.11371080941757111,0
20049,0.11368001408484864,0
8101,0.11366751822955214,0
9231,0.113657333746372,0
29047,0.11365410212956238,0
19973,0.11363792290734902,0
29396,0.1136291510295573,0
16155,0.1136089719270495,0
12244,0.11360145660154428,0
8004,0.11357437455198627,0
16384,0.11353412069671932,0
25156,0.11353307950456952,0
8890,0.11346108755895669,0
9175,0.11345687266950139,0
18480,0.11344706797239157,0
5953,0.1133872313112464,0
17050,0.11334834222575729,0
23483,0.11332354466088314,0
2763,0.11325786959716803,0
12914,0.1132373644643952,0
21729,0.11322394447408898,0
23859,0.11317690335851255,0
8783,0.11316922303627637,0
21419,0.11309629879811599,0
29671,0.1130860369099497,0
28504,0.11308558991056197,0
12781,0.11308221349386416,0
25860,0.11307350718994093,0
24107,0.11307105751255082,0
5288,0.11307058425967932,0
16190,0.11306931746447864,0
21973,0.11304352421495638,0
16726,0.11301009565059857,0
6126,0.1130072698010022,0
18634,0.11294646009168123,0
21317,0.11291236106949133,0
28582,0.11289827171378747,0
24260,0.1128925221016523,0
22497,0.1128647896901481,0
18387,0.11283872675470166,0
7261,0.11281259017638176,0
5231,0.11279727006853228,0
10514,0.1127487195638425,0
31080,0.11273176639282881,0
16865,0.11273019298213473,0
26944,0.11271193450185558,0
20763,0.11270621853016703,0
20443,0.11269278774102426,0
14573,0.11268181313492454,0
20203,0.11268007965310638,0
7749,0.11264666694525576,0
3444,0.11261072209507988,0
22387,0.1125959402861117,0
1196,0.1125882011799748,0
30510,0.11253399257074469,0
27106,0.1125135306371618,0
23080,0.11240948045234005,0
23913,0.11238946257005158,0
30041,0.11238781645377116,0
3003,0.11231837674850073,0
3066,0.11231063844201594,0
10012,0.112300760633655,0
24136,0.1122780095296336,0
24647,0.1122573173886686,0
3730,0.11223299784679228,0
8200,0.11222165347847887,0
22908,0.11219445463440865,0
19234,0.11212436652410573,0
18077,0.11212237377154084,0
24180,0.11211775280679649,0
26282,0.11208714735010618,0
20650,0.11208636100071746,0
20491,0.11200755603015582,0
17393,0.11199462821274032,0
21820,0.11193817344114888,0
17579,0.11192138890844815,0
17752,0.1119157589446745,0
14177,0.1119114193819367,0
17403,0.11185665412620617,0
1577,0.11181555690257673,0
14627,0.11181392422362396,0
28774,0.11176129920940127,0
14343,0.11173944260726892,0
9698,0.11173368465508553,0
21739,0.11169917845471541,0
13182,0.11164752362673096,0
20020,0.11163828258532091,0
31259,0.1116353654817976,0
26590,0.11162834012717905,0
17181,0.11157402573786492,0
22349,0.11154225519029819,0
3593,0.11148477747794444,0
29146,0.11148433050561636,0
27525,0.11141898890558032,0
27170,0.11140166113863952,0
26396,0.11139670823981068,0
30941,0.11139375882313765,0
15106,0.11137486987820794,0
10385,0.1113576978989437,0
8363,0.11135012852894471,0
735,0.1113261934254525,0
22104,0.11127397009081044,0
27355,0.11125012417203232,0
19520,0.11120638495041792,0
10272,0.11119727596759248,0
27254,0.11117170878945101,0
1342,0.11116968416837318,0
5634,0.11116473754009268,0
16825,0.11111637416387529,0
10267,0.11110805509320582,0
4918,0.1110954467107573,0
23156,0.11106505125443598,0
15566,0.1110394865620704,0
17569,0.1110086692394292,0
15431,0.1110025802648889,0
17581,0.11095782844465957,0
25332,0.1109505117109868,0
30509,0.11093206978431654,0
14251,0.11091820589640777,0
18360,0.11091787193597014,0
5621,0.11089203413383164,0
21522,0.1108739689623294,0
12560,0.11086394963166998,0
2355,0.11084204181823058,0
30456,0.11080996187219304,0
17234,0.11074331274594786,0
13759,0.11074308831831525,0
30050,0.11061285115947588,0
26873,0.11061052684052627,0
18816,0.11060809792529605,0
7772,0.11060044482222127,0
24926,0.1105942641764178,0
16822,0.11057957956793985,0
31124,0.11057778912381226,0
4720,0.11050664955657961,0
24757,0.11049972286803454,0
4683,0.11045165313692969,0
16751,0.11044913755265177,0
23439,0.11044793706181424,0
4629,0.1104266382046449,0
1980,0.11037796400225311,0
29908,0.11035347501993878,0
21409,0.11032829965465649,0
15924,0.11028847819267464,0
14180,0.11028564001941167,0
2731,0.1102473083855803,0
13003,0.11023788186053257,0
20165,0.11023589679051568,0
10264,0.11013837266413183,0
25271,0.11010567222470509,0
10753,0.11008714246767137,0
3236,0.11007029682506998,0
21075,0.11002581185728795,0
15312,0.11001094041309807,0
29842,0.10999590121481786,0
20942,0.10999045451682987,0
20710,0.10997700184917973,0
1309,0.10997604304059572,0
22147,0.10996819916902209,0
1687,0.10996755264441863,0
26680,0.10996327727608472,0
20218,0.10994930659034317,0
29033,0.10994375188951024,0
26825,0.10991737952187323,0
5505,0.10991135232748794,0
14322,0.10989707558732308,0
947,0.10989313825737163,0
908,0.10985439862073074,0
28976,0.10984509080965948,0
3297,0.10973959006883957,0
2473,0.10973820532458828,0
1700,0.1097110157575487,0
21793,0.10970452311744028,0
23293,0.10967185860586177,0
8746,0.10964402641561563,0
28165,0.10963187763837869,0
25079,0.10959475879646638,0
1536,0.1095782305245679,0
9024,0.10957385067602393,0
24324,0.1095660947290086,0
29738,0.1095494657381439,0
10526,0.10953538030055307,0
23154,0.10951696966795742,0
7716,0.1095158209576478,0
137,0.10946889360157214,0
29159,0.10946106826199205,0
20481,0.10943185534034364,0
19329,0.10939568781485817,0
26431,0.10939002920404464,0
15268,0.10936533692890993,0
12289,0.10930360777169161,0
23936,0.10930151694132631,0
27565,0.10928371503635173,0
11488,0.10921833406810136,0
28662,0.10920152558844079,0
11900,0.1091978169602078,0
31143,0.10919750927252306,0
3420,0.10917582637498296,0
30547,0.10914216805001514,0
13698,0.10908002160299313,0
19130,0.10904617427524306,0
4830,0.10897662920640755,0
5374,0.10895085272284553,0
7086,0.10894366109417801,0
9647,0.10893025379385675,0
9063,0.10890259887323911,0
18676,0.10889442067362866,0
10386,0.10888631037374731,0
4763,0.10887721907920132,0
22627,0.10886759493141258,0
11467,0.10885716546397212,0
22347,0.10880988567937398,0
14026,0.10879005913380285,0
18025,0.1087890433162027,0
10043,0.10876044538915115,0
304,0.10872057518741875,0
14501,0.10870640600030185,0
29304,0.10870017129271202,0
2264,0.10865760954910036,0
7166,0.10864164246587621,0
26758,0.10863342591100786,0
22513,0.10862449494239272,0
29705,0.10856518615341011,0
13697,0.10854481965116064,0
24114,0.10846398649412624,0
7090,0.10840437204884507,0
8371,0.10840224977674146,0
8053,0.10837278249500874,0
22942,0.10830219411724158,0
14664,0.10827025638483588,0
30037,0.10823458108491613,0
24064,0.1082324510304718,0
1638,0.10822259589375909,0
9200,0.10821077437295655,0
18148,0.10821027385432803,0
31170,0.10819243081821808,0
15993,0.10817784355071425,0
28147,0.10813339093487974,0
9747,0.10812508010084126,0
17624,0.10802267933626072,0
13862,0.10801925796164154,0
2510,0.10798744834347979,0
29040,0.10798637372711535,0
30571,0.10798606106117846,0
13158,0.1079651873821551,0
29765,0.10788230833512832,0
15110,0.10780366464911471,0
2375,0.10777125880393086,0
6958,0.10777025900068539,0
29310,0.10776971806222951,0
16246,0.10773663537438466,0
5828,0.10773087974239345,0
5181,0.1077227380500614,0
5804,0.1077080343465397,0
8357,0.10765502169406074,0
24947,0.10763799123443332,0
29961,0.10763680738260366,0
22079,0.10761918827472793,0
4041,0.10758664092042594,0
23987,0.1075484450331418,0
17089,0.10754188385140491,0
18981,0.10749083360618039,0
30310,0.10747908836286561,0
12083,0.10747881460187517,0
2008,0.10746300489914291,0
8328,0.1074231409684223,0
20468,0.10741524600381952,0
12146,0.10735222813867448,0
5421,0.10732422676356711,0
27768,0.10729809482293277,0
18390,0.10729745628366269,0
14657,0.10723314700163775,0
19464,0.10721012593646716,0
19422,0.10713681163891806,0
14944,0.10708215725591652,0
5789,0.10707831732581065,0
16210,0.10706917139465086,0
19360,0.10705363508964526,0
15454,0.10703828153500237,0
23414,0.10698702799229282,0
2654,0.10697705554751756,0
856,0.10695202179650165,0
20735,0.10688139903771904,0
16914,0.10685421062999169,0
13716,0.10685067789413541,0
21058,0.1068363992072222,0
22018,0.10681849045996804,0
23848,0.10680259801623167,0
16383,0.1067539189153533,0
12453,0.10674675964814101,0
16667,0.10667923578322433,0
12346,0.10666244009755779,0
26460,0.10657787268183824,0
28880,0.10655476593868608,0
11380,0.10651578572834089,0
26217,0.10650872354628199,0
15542,0.10650821626352275,0
28821,0.10649598919747304,0
3955,0.10648451079931241,0
14272,0.1064787300118865,0
22941,0.10647725235551174,0
11561,0.10644262994680903,0
13877,0.10639001531048801,0
23815,0.10638722565992077,0
20369,0.10633434506465837,0
5976,0.10633080510924411,0
4054,0.10631154917342682,0
17175,0.10630824430022813,0
12974,0.10625932580613197,0
30441,0.10625859755262936,0
27867,0.1062311879560763,0
24572,0.10620215492675285,0
28987,0.106195869201535,0
18532,0.10618784521727923,0
22323,0.1061850610580086,0
8572,0.10617086808469932,0
10129,0.10615992620515366,0
13000,0.10615774984053043,0
3229,0.10612235526995123,0
9604,0.10610206147671544,0
19121,0.10609470230539982,0
19439,0.10608271814238815,0
20423,0.10603485828346358,0
1633,0.10600069835388409,0
19534,0.10599935638360515,0
11430,0.10593979642633132,0
16467,0.10593383147093217,0
30442,0.10592858596024689,0
760,0.10590979546973289,0
9996,0.10588864537676423,0
211,0.1058561005884545,0
9114,0.1058234701014794,0
3785,0.10581562788634179,0
8452,0.10576775373267631,0
5942,0.10574810813718157,0
4122,0.10574778582955412,0
1535,0.1057085778312596,0
9339,0.10567579626790483,0
23415,0.10567156939050401,0
24543,0.10563366161977962,0
11636,0.10560800393207442,0
17276,0.10552119392388494,0
3051,0.10550066925866625,0
11414,0.10547477233338606,0
526,0.10547368808470567,0
15860,0.10546853248657509,0
24121,0.10545925702034835,0
11921,0.10545621974154332,0
3649,0.10544703815332693,0
15310,0.10543483194787692,0
8,0.10542821797570431,0
30641,0.10540330916696679,0
12608,0.10536352973978631,0
29063,0.10534360720761235,0
20263,0.10532509855336439,0
24625,0.1053246771501489,0
113,0.10529186761294175,0
21808,0.10525252981699663,0
15199,0.10524822643034794,0
4411,0.10524714820692686,0
27463,0.1052442407722653,0
22684,0.10521974592998905,0
6199,0.10521565640333469,0
305,0.10520545128768719,0
7287,0.10520311902429193,0
16569,0.10515591121619927,0
9695,0.1051537993702765,0
2125,0.10512910266119445,0
19716,0.10508615875465951,0
16082,0.10503391893570214,0
2997,0.10501375807806922,0
28534,0.10501019375819193,0
1877,0.10498781273059515,0
5725,0.10492630924307424,0
8559,0.10492618146937495,0
13080,0.10492409562757966,0
14864,0.1049021251300829,0
8125,0.10489749999650794,0
18776,0.10489749911496571,0
31112,0.10485415006024557,0
3240,0.10484865455437928,0
1471,0.10482568006312165,0
11066,0.10476717138668375,0
3373,0.10473894419493655,0
28314,0.1047288848769301,0
3470,0.1046775576125196,0
22454,0.1046479230985099,0
26087,0.1046258913560025,0
26004,0.10462466822828727,0
13448,0.10453375509854115,0
17770,0.10451945944792668,0
979,0.10446076638241608,0
30333,0.10445370143007558,0
17722,0.10444555410243145,0
7800,0.10443852903575623,0
30915,0.10440998446629307,0
9782,0.10439874512424248,0
12337,0.10436830638342881,0
16441,0.10436821884092193,0
9005,0.10435747742693012,0
330,0.10435717918404425,0
30489,0.10434478627017174,0
24280,0.10432687899772797,0
19943,0.1042536081158012,0
22002,0.10419636449337379,0
22025,0.1041912870801396,0
1075,0.10416681697305334,0
2019,0.10411617305418576,0
15179,0.1040604973761649,0
5778,0.10401784355613013,0
19837,0.10401251852537698,0
29237,0.10400839395096075,0
7397,0.10400337759386255,0
1884,0.10396549403161388,0
20923,0.10395573077097789,0
3154,0.10392862635754899,0
12155,0.10391741136355577,0
30303,0.10388066810602742,0
20672,0.10386893179023753,0
15295,0.1038033720755386,0
1712,0.103799426821464,0
61,0.10378311200695192,0
22482,0.10375732986831901,0
15786,0.10374396822806402,0
17036,0.10367998374651824,0
17318,0.1036766520817851,0
26202,0.103662573027033,0
363,0.10360334279599304,0
29796,0.10359946860222452,0
11597,0.10358704440743476,0
7008,0.10356363914800587,0
20581,0.1035440341066795,0
27361,0.10353898321113172,0
9810,0.10352469384962423,0
19548,0.10351714373719753,0
20600,0.10351035103117333,0
11767,0.10350677801482376,0
26547,0.10349115426759363,0
5283,0.10348259924839522,0
24400,0.10347890616783612,0
1589,0.1034654802998694,0
6603,0.10340203375758472,0
27476,0.10338268794504021,0
22743,0.10337386391384003,0
17063,0.1033304533899652,0
6122,0.10332346129724305,0
17701,0.10331509149347194,0
1406,0.10330227347867456,0
19881,0.1032143929149762,0
16651,0.10317843437111629,0
23855,0.10317683607097251,0
10831,0.10315720890998815,0
20054,0.10312215835284565,0
21162,0.10311160128464747,0
29483,0.10309459449308403,0
18031,0.10307003637104786,0
3133,0.1030673817488365,0
13623,0.10305450250487574,0
4687,0.10302941313256767,0
19650,0.10297247461063427,0
20502,0.10295613276384344,0
17151,0.10295482982857687,0
16194,0.10294127733264351,0
14263,0.1029133802777447,0
21873,0.10287067864504953,0
28707,0.10279871696959514,0
29518,0.10279867829304563,0
26733,0.10275983904246376,0
10576,0.10275062125549538,0
11999,0.10271646423520822,0
7478,0.10268947879851907,0
28710,0.1026027052330092,0
28938,0.10258699353519907,0
25440,0.10255748789634993,0
16889,0.10255191856212978,0
15892,0.10252932976169944,0
20955,0.10252931470648888,0
389,0.1025242733102303,0
28466,0.10242490182361755,0
5479,0.10237596655455178,0
16010,0.10234940236427935,0
13073,0.10233554600489236,0
1420,0.10233446196446008,0
29583,0.1023151436143424,0
2995,0.10230502792544853,0
9356,0.10229229267132514,0
16436,0.10228651623617493,0
29334,0.10228283197463968,0
30211,0.10225083076880076,0
7566,0.1022431188892476,0
26903,0.10221001140047337,0
2902,0.10211247774336052,0
15182,0.10209383837533098,0
30198,0.10208312947302935,0
20324,0.10205986804243557,0
19865,0.10204985952001992,0
18699,0.10204653106296037,0
18683,0.10204605887202631,0
10355,0.10203564192255081,0
11604,0.10201483651320746,0
22470,0.10200108095782516,0
10642,0.10196525093528513,0
10412,0.10189204600903624,0
2384,0.10186870519073833,0
15080,0.10181468151963832,0
19892,0.10181402160265478,0
22331,0.10181044947708653,0
24655,0.10179210583857305,0
15814,0.10169945611504097,0
14427,0.1016965176688256,0
19527,0.10169408433201528,0
14614,0.10167910370181872,0
9928,0.10160104460345386,0
14474,0.10158585823669718,0
5665,0.10156400201571145,0
10574,0.10153669857154163,0
19804,0.10153353761500875,0
29443,0.10151878754882665,0
9253,0.1014771557554063,0
4604,0.1014314529854347,0
25910,0.10139348116313332,0
24507,0.10136977240660414,0
13022,0.10134874187510101,0
11480,0.10130122667074183,0
25264,0.10128636057849094,0
10949,0.10126138265664901,0
8216,0.10115802899518135,0
3616,0.10113676411043776,0
8288,0.10109624992554873,0
17004,0.10108884097212913,0
16267,0.10108466419422887,0
27588,0.10106674648431704,0
26428,0.10105855465207701,0
21913,0.10105627760674876,0
19658,0.10105561995497753,0
16338,0.10086814096058642,0
6234,0.10084857735329866,0
13726,0.10084535712870006,0
7160,0.10084281498856328,0
7564,0.10083240368879527,0
21766,0.10078616209821574,0
23449,0.10078528156923726,0
19209,0.100773789997641,0
1074,0.10076307385950743,0
22624,0.10075928187704525,0
22641,0.1007354825063931,0
3031,0.10072364306694652,0
24131,0.10071945185360409,0
999,0.10070079509105129,0
30768,0.10068659891589686,0
10047,0.1006464975987752,0
24821,0.10064423787716736,0
24102,0.10063251658556284,0
11209,0.10063014050793337,0
2702,0.10054464812655724,0
16279,0.10051810286395212,0
14842,0.10042965087100666,0
12068,0.10040608296314804,0
8580,0.10037362372006249,0
9154,0.10036563021331914,0
29818,0.10035151879276336,0
6794,0.10032739484385339,0
199,0.10031573989558144,0
334,0.10031470610072,0
23226,0.10030765876044906,0
7689,0.10030537813023281,0
7719,0.10028158698174544,0
998,0.10027080455624109,0
18937,0.10026599829345019,0
2116,0.10025326388599425,0
18067,0.10025322401039347,0
8683,0.10025239711429532,0
8006,0.10023218127458938,0
47,0.10022796275489693,0
30285,0.10021696656729746,0
20000,0.10020532251536149,0
2251,0.10018058176581236,0
19367,0.10017641816192228,0
10717,0.1001596609710787,0
26395,0.1001370018762966,0
15951,0.10012489907982527,0
13238,0.1001078707910907,0
214,0.10006784880895521,0
10525,0.10005897294578095,0
27414,0.1000462031474933,0
18144,0.10003465818332033,0
12934,0.09993352660419323,0
7273,0.0999312781326943,0
7236,0.09992069287520565,0
8755,0.09991069054090468,0
8402,0.09990428703438788,0
2307,0.09983408617535959,0
17453,0.09981195132544063,0
6831,0.09979909679808863,0
20788,0.09978695439845184,0
14101,0.09977061470888328,0
14981,0.09974320915855951,0
20501,0.09972737365936647,0
13595,0.09970439252057953,0
17080,0.09969601759943612,0
12254,0.09967868887253116,0
17002,0.09967552081560058,0
10945,0.09966675848809332,0
7350,0.09964029149015723,0
6968,0.09959870384686001,0
29055,0.09959129305931688,0
13518,0.09958383411969068,0
24435,0.09951511034166238,0
892,0.09951427569226284,0
24961,0.09949713496377037,0
11179,0.09945746151842108,0
24311,0.09941028430056598,0
23206,0.09937562880089736,0
20654,0.0993494202830678,0
29406,0.09933821986906106,0
9125,0.09930310415404175,0
26849,0.0992651834220229,0
848,0.09920908949881772,0
25213,0.0991866712161346,0
26813,0.099171894723047,0
5928,0.09915726726396491,0
21760,0.0991467864668418,0
7774,0.0990594094524964,0
3074,0.09905128526576128,0
2462,0.09903602335562219,0
23831,0.09903328369768656,0
15352,0.09903324331112748,0
17869,0.09902392255760091,0
19005,0.09899510990865888,0
3415,0.09891144253546363,0
28995,0.09886798997214571,0
21521,0.09886056955225639,0
2873,0.09886026156195225,0
13762,0.09885460530252849,0
29622,0.09883789540423077,0
16878,0.09880820646330335,0
12513,0.0988003468219339,0
12983,0.09877776557341705,0
8165,0.09877416610275931,0
21011,0.09877128143265684,0
19081,0.09873559755406087,0
1412,0.09873104256941452,0
30070,0.09868589966665735,0
13967,0.09865604698184517,0
6529,0.09865526467360677,0
29564,0.09865294426494026,0
7077,0.09864273371325584,0
8282,0.09859699742657817,0
27105,0.09857632057584872,0
23663,0.0985720520722264,0
19911,0.09845412910808654,0
4390,0.09843239385573989,0
3250,0.09840681297682535,0
27181,0.09839528889400675,0
23090,0.09834551374732428,0
6917,0.0983401364354724,0
18894,0.09833673172682539,0
23231,0.09830750102688926,0
27870,0.09830673847972463,0
9809,0.09820309174369654,0
30919,0.09820193914323597,0
10254,0.09819829505881343,0
18727,0.09817896483311195,0
21477,0.09816471243647241,0
13768,0.09815582807099821,0
2480,0.09810925026749379,0
25027,0.09807751026887963,0
20171,0.0980750653693014,0
9465,0.09800425651324483,0
7422,0.09799173643831789,0
63,0.09799090181864772,0
5426,0.09794180859296127,0
29544,0.09792323339559708,0
9459,0.09791924432587536,0
2190,0.09791259899311305,0
16234,0.09791214884740511,0
3376,0.09783672808790313,0
4324,0.09776811048408335,0
22202,0.09776734682960857,0
6838,0.09776088522793697,0
3335,0.09774343459031398,0
13871,0.09770231664852544,0
27292,0.09769421584779586,0
24318,0.09768173296232413,0
6574,0.09757762351430435,0
1517,0.09754539964045905,0
13625,0.09753450582179563,0
25908,0.09752743300584141,0
7815,0.09748808663148154,0
11325,0.09743701107999934,0
49,0.09742994321541237,0
16785,0.09742652338187817,0
11120,0.09742232488864695,0
25931,0.09736321648097972,0
16716,0.09728487295215253,0
14049,0.09726401611229064,0
19074,0.09724882852363471,0
30838,0.09723435506965983,0
2557,0.09721268467150758,0
30057,0.09720167719747623,0
31214,0.09717327706826204,0
24919,0.09713282583418109,0
1383,0.09711783712786592,0
26718,0.09710568430728998,0
5949,0.09708257873548032,0
15741,0.09705078632165112,0
1594,0.09701972870598664,0
18849,0.09700241600122046,0
3893,0.09697296369227494,0
23761,0.09695677404772829,0
4731,0.09694614287793085,0
19232,0.09693604731326103,0
27159,0.09686563725878986,0
29550,0.09684290096295908,0
15119,0.09683194943167096,0
14028,0.09681045004759246,0
7901,0.09678325431426112,0
26085,0.09673533413400101,0
16422,0.09673467110121042,0
23505,0.09671599292345519,0
16923,0.09670835980118211,0
9047,0.0966992957368811,0
18872,0.09668270429295815,0
6326,0.0966287447425722,0
5880,0.09659326213706727,0
16242,0.09656801005809307,0
19128,0.09653543298481136,0
15949,0.09645996213681014,0
24813,0.09645729567257734,0
8577,0.09644875431166774,0
4352,0.09643460803001838,0
29449,0.09640036935117839,0
5904,0.09636314410855931,0
27654,0.09625836882763707,0
906,0.09624559147370926,0
3721,0.09617344426219226,0
25024,0.09615437908471475,0
19243,0.09612417041743747,0
6476,0.0960782315903251,0
551,0.0960323067707675,0
26147,0.09599128481906194,0
31018,0.09598664844666419,0
17545,0.09597064203625078,0
23851,0.09595343762683965,0
9745,0.0959481196307293,0
13972,0.09591476802868114,0
17518,0.09589339709326775,0
12879,0.09579854543860375,0
18591,0.09576753022518165,0
22575,0.09574084005619662,0
11195,0.09572745808229158,0
12257,0.09567538933577971,0
29112,0.09565992424537376,0
20234,0.09558415341679267,0
24315,0.09557937814565205,0
100,0.09557111821023632,0
23844,0.09554037748218878,0
18277,0.09552730972679604,0
29117,0.09548868424711414,0
26040,0.09547115915740037,0
3988,0.09546487914575234,0
11531,0.09544936149272776,0
7831,0.0953537954713972,0
11344,0.09523141723720675,0
19030,0.09521479853462722,0
23121,0.09521299368601698,0
1172,0.09514363866115011,0
592,0.09513845060685848,0
757,0.09509640267689337,0
25109,0.09502730585800565,0
26046,0.09501734749629435,0
19324,0.09492339170828337,0
22471,0.09491808614934034,0
7568,0.09489251260576624,0
26611,0.09483493519187432,0
23172,0.0947993674711089,0
10083,0.09472748559875241,0
22140,0.0947024998104787,0
18029,0.09468376687680548,0
21826,0.09464852730134127,0
16800,0.09462744893158515,0
16079,0.09461321244295322,0
4526,0.09456806963551104,0
28948,0.09450292593280411,0
13807,0.09449619457100353,0
22172,0.09449352448013176,0
1200,0.09445186114962707,0
29053,0.09442905547581554,0
30647,0.0944244937903556,0
26021,0.0944129512983333,0
225,0.0944009965115267,0
22372,0.09434231865764393,0
29014,0.09433118321449963,0
25011,0.09431762923444023,0
31160,0.09419237475119432,0
27126,0.09416075327070071,0
25028,0.09414859472150477,0
6040,0.09411385086326823,0
9739,0.09410761675252997,0
27552,0.0940903420467187,0
30006,0.09400465557426706,0
19623,0.09399333803561735,0
6152,0.09397051219370443,0
3950,0.09395602410576792,0
6374,0.09381673742543993,0
22220,0.09379263590629741,0
26416,0.09367142103872203,0
30758,0.09364342008644153,0
13819,0.0936067336115263,0
18201,0.09360193855013298,0
3801,0.09357892519465703,0
12461,0.09357793304692594,0
24428,0.09355943475882725,0
24337,0.09355379389047673,0
17137,0.09355015777447816,0
30197,0.09352613343001318,0
19934,0.0934534809884806,0
21971,0.09344261064933937,0
24095,0.09342578983121286,0
23845,0.09341680736997844,0
10309,0.09337512348569815,0
24176,0.09334611359086441,0
28749,0.0933181717425747,0
16152,0.0931453746163629,0
25244,0.09314007830981075,0
10562,0.09311388722720854,0
28605,0.09304523883960673,0
15050,0.09303639245409233,0
16021,0.09295650876227786,0
19718,0.09290759306891991,0
5151,0.0928777397953297,0
6258,0.09285101213663324,0
11843,0.09284796665857176,0
2467,0.0927907064395299,0
17349,0.09277291805815191,0
11157,0.09272408112460873,0
22021,0.09267914817690263,0
8384,0.0926759762295737,0
13064,0.09244225417745038,0
7859,0.09242299613002261,0
8983,0.09237837314711302,0
20908,0.0923258797881024,0
18129,0.09229607200635885,0
23364,0.09229453043732767,0
24615,0.0922578799449769,0
25301,0.09219143514281108,0
18754,0.09217374790611338,0
25672,0.09214308243845547,0
23336,0.09213706543499202,0
27685,0.0920259680051577,0
21183,0.09200940349637031,0
26364,0.09198904969265918,0
5117,0.0919783677772496,0
24299,0.09195124783281866,0
19006,0.09188356968169584,0
26961,0.0918736345292323,0
11352,0.09184890708462776,0
4547,0.0918261114491735,0
16641,0.09176836638412844,0
21697,0.09176064633565233,0
1963,0.09174224893866902,0
25759,0.0917305280236102,0
30537,0.0916759472891035,0
21604,0.09162761785671482,0
30142,0.09161009527048682,0
30870,0.09145833378317256,0
5739,0.09141176918170169,0
22397,0.09138855064036143,0
23616,0.09134703214948882,0
13670,0.09134352964437635,0
5606,0.09134299624383009,0
4439,0.09133275069734971,0
4972,0.091300737210677,0
25804,0.09127781699092402,0
17843,0.09126044246237569,0
23152,0.0912519587111264,0
12832,0.09124502900180083,0
15747,0.09120363098497489,0
9331,0.09117962168937233,0
8836,0.09116720590701098,0
17268,0.09114895419311907,0
13882,0.0911329587525336,0
23290,0.09107238698629957,0
30900,0.09103992629955991,0
25740,0.0910154119263443,0
2960,0.09099289265428817,0
13823,0.09098376465892562,0
4583,0.09093608377751375,0
2111,0.09092978568330447,0
28042,0.09092920901766673,0
11273,0.09092834767666494,0
11454,0.0909074645000322,0
13760,0.0908539379691326,0
19617,0.09071440574476747,0
26834,0.09069080814543679,0
25706,0.09066229124132015,0
5754,0.09064891948145279,0
24526,0.09062559446766029,0
7060,0.09052712675768293,0
13242,0.09052650495794158,0
26139,0.09052284043970424,0
8460,0.09044912300190434,0
20241,0.09042314181229653,0
13118,0.09040963034437065,0
28114,0.09040643296524603,0
633,0.09037063802512801,0
4614,0.09037006845452655,0
19401,0.09032127484749376,0
18453,0.09029555451416486,0
16330,0.09024701251186261,0
29585,0.09021959038758112,0
925,0.09019944127716407,0
3429,0.09013697161391279,0
3093,0.09013386210805305,0
31069,0.09012491443765387,0
21560,0.09010164530638659,0
18470,0.09003675440234588,0
11008,0.09002430819235778,0
3672,0.09002156502672777,0
4502,0.09001834497970919,0
5562,0.08998442882057019,0
14292,0.08995490733562603,0
23594,0.0899147911272787,0
12784,0.08989297262483216,0
7908,0.08988606918831156,0
19988,0.08985368613740953,0
22933,0.08980467011733032,0
13453,0.08979440837814832,0
16434,0.08975009290009131,0
9561,0.08972631674256412,0
4537,0.08971796399076602,0
15578,0.08962689567607082,0
10927,0.08959248849595614,0
24793,0.08956065078728147,0
31172,0.08952769586075345,0
10691,0.08950426286786539,0
4525,0.08948411713406695,0
14606,0.08946645243065697,0
26779,0.08930931677775257,0
21945,0.0892952996410409,0
31163,0.08929317531749613,0
29525,0.08928880849767644,0
3585,0.08926682706512297,0
15007,0.0892233971586178,0
19942,0.08921981311005064,0
734,0.08921777241818782,0
17606,0.08921106010795445,0
24888,0.08911535208355004,0
7722,0.08909876706072133,0
30000,0.08908018427037917,0
3350,0.08907031989851212,0
1022,0.08906948985250725,0
3446,0.08896514443428517,0
17937,0.08895980406562157,0
1773,0.0888975246873035,0
29481,0.08883249174402716,0
30133,0.088784030624649,0
28793,0.08870942989311986,0
12364,0.08870651366853383,0
14629,0.0886689573472333,0
15823,0.08851232481567765,0
18704,0.08849525777672695,0
26579,0.08848242182682053,0
22236,0.08839008001320323,0
3109,0.08831155682038466,0
25871,0.08830970068751955,0
22459,0.08824488010692326,0
27316,0.08819036487304249,0
3189,0.08817665252818654,0
8462,0.08810166765892444,0
7153,0.0880382364712906,0
26261,0.08803293719273274,0
3866,0.08802834063749407,0
6725,0.08798159770639628,0
5996,0.08798112157540616,0
12099,0.08797899364758914,0
28359,0.08797663779627149,0
11787,0.08794337839237806,0
6687,0.08793560877175402,0
5774,0.08793538931752275,0
30615,0.08789208253869457,0
14438,0.08785964204122973,0
9743,0.08778109982921038,0
17211,0.08772106863972627,0
25438,0.08769336665192361,0
23322,0.08765425770010836,0
18039,0.08764071914792965,0
8114,0.08759676540453552,0
11667,0.08753106092546611,0
1930,0.08748123541982297,0
2350,0.08744299364363885,0
582,0.08743647396561363,0
17074,0.08741715321432712,0
28717,0.08733704769785688,0
12067,0.0873042460116464,0
2088,0.0872778061831303,0
10457,0.08726313910023588,0
3927,0.08725218041784745,0
23169,0.08725141764129785,0
13612,0.08718155663005238,0
11682,0.08713841183659975,0
25347,0.08705588205648654,0
10668,0.08686942549187401,0
15064,0.08686071814800973,0
557,0.08684308098029607,0
11234,0.08683965004638543,0
29088,0.08660191472422003,0
14344,0.08650577761471051,0
362,0.08637057758036476,0
1960,0.08635574282249292,0
9276,0.0863285153476741,0
4436,0.08632093475949007,0
15938,0.0863002422842389,0
31176,0.08628260258015953,0
7249,0.08624257247571344,0
284,0.0862420568179221,0
9476,0.08616164649067037,0
15828,0.0860730559772945,0
20884,0.0860179663610645,0
20117,0.08600794918234478,0
1579,0.08593202051613275,0
18151,0.08592366470564157,0
4609,0.08588835804491463,0
19009,0.0858829051630475,0
21633,0.0858160498934778,0
22444,0.08579213795749131,0
25848,0.08578609002546961,0
14171,0.08571704504044998,0
10199,0.08571357589385864,0
9377,0.08568032226936576,0
30873,0.08550704866418592,0
6487,0.08548414137924673,0
20119,0.08547316638166645,0
3731,0.08544894913988743,0
24155,0.08541954003300595,0
3925,0.08538488963832709,0
18363,0.08536746782158007,0
2383,0.08534878312565213,0
26443,0.08531135683649352,0
14437,0.08523519606355136,0
21315,0.08519251491714859,0
25852,0.0851382211874051,0
15360,0.08501882342470848,0
10833,0.0850055019759912,0
3903,0.08498111610236926,0
14548,0.08495915254388929,0
517,0.08495864683014111,0
3435,0.08495191212177061,0
9974,0.08490305146181416,0
16297,0.08485461453252162,0
7045,0.08484509365962625,0
6532,0.08479179306486534,0
2678,0.08478983108438833,0
23636,0.08477194317468179,0
5745,0.08476905576170914,0
8733,0.08476425855890249,0
14906,0.08475354570198503,0
25981,0.08474248354935207,0
20667,0.08467302143374755,0
9304,0.08465659195505536,0
5129,0.0846286951740571,0
12380,0.08456669085750133,0
1750,0.08450215530833165,0
12238,0.08448754566513993,0
10922,0.08443471675441458,0
11946,0.08443277518217739,0
24550,0.08442428538222951,0
24021,0.08432695607911081,0
18188,0.08426653750019225,0
26844,0.08419473575548056,0
30008,0.08417403200530586,0
13110,0.08415997068705151,0
21613,0.08409073192024538,0
3505,0.08406573088761718,0
19268,0.08403500636054714,0
10822,0.08403233613172148,0
31227,0.08402323051444525,0
26852,0.08402013105650603,0
7952,0.08398238744435284,0
3339,0.08397977828080615,0
3749,0.08391186825018077,0
11762,0.08385762387693746,0
25140,0.08382501927501657,0
13554,0.08380011219537627,0
19166,0.08379559669123993,0
27087,0.08375002038311408,0
2737,0.08363616194815285,0
19590,0.08362890258894908,0
24656,0.08361405343575816,0
29128,0.08349046897446684,0
12171,0.08348183410726102,0
11663,0.08347931814204688,0
10072,0.0834669332184866,0
25391,0.08342904605802669,0
3600,0.08337793132538986,0
995,0.08336363188373543,0
23270,0.08333567292276392,0
3316,0.08328868011273931,0
12419,0.08324267777691677,0
9224,0.08317316998300363,0
13477,0.0831296396128219,0
6327,0.08310962777374861,0
27102,0.08310283617033683,0
4125,0.0830748000230752,0
18716,0.0829248743983726,0
27575,0.08267823617098788,0
27158,0.08266984254211829,0
17017,0.08260030354891451,0
28720,0.08244977519285675,0
15761,0.08244468528162673,0
19135,0.0823948477073881,0
3180,0.08233725972020033,0
17774,0.08232009947411745,0
7270,0.08227879507917849,0
17524,0.08225178899499493,0
10758,0.08223884217717278,0
15713,0.08219740493335248,0
22930,0.08205854692450577,0
940,0.08198818941923029,0
25599,0.08198533123528916,0
4240,0.08190320451709855,0
10317,0.08182130001688936,0
2368,0.0818180710285536,0
7295,0.0817693063733029,0
14558,0.0817236203264419,0
7766,0.08171479474395855,0
20620,0.08167358683386272,0
8409,0.08167025126531424,0
9337,0.08163550734046567,0
10143,0.08155541581657508,0
24611,0.08154086798519591,0
21657,0.08153222477645296,0
28753,0.08150947648897595,0
12875,0.0815039583432134,0
13296,0.08139672746018956,0
26463,0.0813942749421749,0
9507,0.08138696986296906,0
1852,0.0813800293425271,0
19610,0.0813446428956837,0
3117,0.08130352556156974,0
1095,0.08126629464373364,0
6913,0.0811389475356773,0
442,0.08110526606911211,0
25106,0.08100682155482046,0
19212,0.08093478801801764,0
12909,0.08083100173655206,0
7264,0.08080590733753457,0
29717,0.08064688169699515,0
8798,0.08063575243393767,0
22186,0.08053189295941893,0
215,0.08048180755148512,0
15178,0.08039113921237374,0
230,0.08036477069411171,0
4372,0.08027917676453074,0
7393,0.08027350211973201,0
7520,0.08025831577839644,0
29995,0.0802290593340459,0
22925,0.08022725966517597,0
9095,0.07995878324038241,0
21995,0.07995707706941702,0
1010,0.0799059429134565,0
30610,0.07984675467292232,0
23456,0.07971786880295893,0
13439,0.07944689516911276,0
74,0.07933173503090712,0
7491,0.07932626348479864,0
4405,0.07906593708323605,0
25305,0.07906245021175937,0
8924,0.07903600909037178,0
31211,0.07897374969646759,0
16050,0.0789417645831449,0
1087,0.07893945071446015,0
12588,0.07885731535218612,0
20015,0.07883897834008556,0
12890,0.07869188142856508,0
13214,0.07867237044920916,0
6203,0.07866764737463634,0
29147,0.07846030952451767,0
21881,0.07840620703827995,0
15613,0.07835244646608454,0
25855,0.07831088745722313,0
24115,0.07825884666948768,0
22321,0.07823936184825878,0
4780,0.07817687295966183,0
15633,0.07813997210629432,0
2321,0.077955292791372,0
26660,0.07786173710974417,0
9086,0.07781487029640656,0
22144,0.07777554546227865,0
16542,0.07776598130518504,0
865,0.07776550777458924,0
29292,0.07774935331546934,0
6177,0.07773445509896117,0
4277,0.07772135960084832,0
210,0.07769662870484403,0
5972,0.07768843832605274,0
17223,0.07764153576249758,0
8690,0.07759266628875641,0
1952,0.07753889053047049,0
28727,0.07749680220981031,0
26485,0.07747033299097801,0
10393,0.07733455833847121,0
1593,0.07732677953898878,0
1219,0.07729100631468418,0
19921,0.07728974603703281,0
13130,0.07722550971864083,0
30117,0.07722259602992076,0
26599,0.07720408801982358,0
10400,0.07717963988482505,0
21290,0.07712959827268748,0
24173,0.07711812905714466,0
4289,0.07708660017411174,0
21430,0.07694110426963013,0
17361,0.07686350965115049,0
17239,0.07685629032140379,0
8174,0.07684984274621842,0
3213,0.07682733178441423,0
12724,0.07681777924693342,0
13921,0.07678674753051273,0
1761,0.07677699138531563,0
10444,0.07673462351853877,0
7671,0.0767166485502102,0
26676,0.0766856153869297,0
22974,0.07666639002639714,0
15908,0.0766534390123133,0
19741,0.07658955048095911,0
14712,0.07658554114295335,0
452,0.07657207688707383,0
8401,0.07656332273030983,0
2865,0.0764648638070038,0
13997,0.07636961319533415,0
9828,0.076285149173904,0
15291,0.0762598662177089,0
18411,0.07614532154675664,0
20178,0.07607149550834441,0
9141,0.07600499462476139,0
17663,0.07596894587141355,0
20573,0.07589815326042747,0
3230,0.0758937991103267,0
25758,0.07584168662943744,0
28668,0.07577094844182136,0
19524,0.07555158695255218,0
1173,0.07550095146977603,0
28518,0.075479417282521,0
16758,0.07545698986114922,0
25969,0.0754293319775585,0
20885,0.07533759345391157,0
194,0.07533022548995634,0
27771,0.07530266852454033,0
23875,0.07523105950412058,0
23556,0.0750996018653069,0
11053,0.07504402308951491,0
29094,0.07500624176263854,0
11384,0.07497627369319541,0
25401,0.07476547981620456,0
5271,0.07471372980685392,0
19519,0.07462262584274709,0
4623,0.07457906863294625,0
15396,0.07450597791855768,0
8437,0.07446086411067253,0
25832,0.0744594070879202,0
14910,0.07445146664164035,0
24703,0.07426648301053333,0
20699,0.07423360832376064,0
24998,0.07415953845371623,0
12592,0.07413321968841885,0
26768,0.07394514028153047,0
31076,0.07375077161957103,0
1767,0.0734959157254766,0
21378,0.07343525248872589,0
29105,0.0733019996317802,0
3146,0.07329831513643309,0
10935,0.07328433889711813,0
15736,0.07316895565240876,0
20001,0.07315085946216252,0
14289,0.07313719968473192,0
570,0.07298577316739657,0
7511,0.07298092385259004,0
1084,0.07295531628485885,0
25796,0.07293637507285539,0
13101,0.07251228356895402,0
12267,0.07250655413239612,0
1510,0.07250360458888964,0
10621,0.0724494891544901,0
10122,0.07235481779308645,0
22072,0.0722668767563314,0
5409,0.07220966554020695,0
14721,0.07218367370780786,0
15809,0.07215273902797124,0
4666,0.07213272929725294,0
25694,0.0720894608107976,0
5065,0.07196606996945736,0
25355,0.07196493878327534,0
8197,0.07186635490121246,0
20956,0.07177330801561159,0
24730,0.07166171807563418,0
15402,0.07162069886418258,0
365,0.07159226392583544,0
18318,0.07158693434826169,0
25515,0.07157645559395848,0
22516,0.07151395859162352,0
7824,0.0714645221572396,0
20467,0.0714537756893499,0
13019,0.07145210456115648,0
29184,0.07142508917420791,0
24684,0.07140500436739856,0
30093,0.07139549633451443,0
2302,0.07128750670483772,0
7918,0.07120184015529764,0
13025,0.07100589175489266,0
2813,0.07091132376418717,0
7061,0.07081094999566541,0
16608,0.07080024583965831,0
30452,0.07077968877409066,0
17458,0.07076552526508008,0
11294,0.07064615507575028,0
14609,0.0706281653175008,0
10465,0.07052312209405906,0
19336,0.07044346505181333,0
18101,0.0703800149279629,0
29720,0.07025216897215292,0
15563,0.07003378045497442,0
18927,0.06991752184710309,0
22975,0.06990371306170501,0
29368,0.06980979588600675,0
9312,0.06967245464516164,0
26785,0.06964665887232614,0
31107,0.0696391932350504,0
11908,0.0695407291182652,0
17881,0.06937884037601778,0
30823,0.06936181305096892,0
24802,0.069349388763553,0
5598,0.06931125749673878,0
28553,0.0691184783618393,0
27944,0.06900091152681972,0
21630,0.06892813564727784,0
20039,0.06883789806344963,0
28394,0.06880154412075065,0
24103,0.06877225249602943,0
18045,0.06871512609392699,0
28243,0.06868880763348312,0
22896,0.06866283733870178,0
23502,0.06854445808480959,0
17145,0.06844697125435496,0
18794,0.06841254668171032,0
945,0.06830761405936733,0
15811,0.06829823326036052,0
4933,0.06816223310569519,0
29460,0.06814472862271448,0
23325,0.0681388772889027,0
25080,0.06813749937607691,0
29606,0.06810266005285748,0
15813,0.06808636751398817,0
21266,0.06802011823524069,0
31151,0.06795498991323935,0
17551,0.06793608030047375,0
105,0.06785098172472752,0
22275,0.06784052192936545,0
26632,0.06776200161409918,0
19238,0.06768685077920306,0
7099,0.06762034495691904,0
12174,0.06759453616206551,0
3457,0.06750674279747793,0
14602,0.06745532313422395,0
10327,0.0673296944087418,0
29822,0.0673190732159469,0
7640,0.06723762603190422,0
3156,0.06723105384405356,0
23509,0.06716567063817305,0
26121,0.06703607102047573,0
21198,0.06696168167740756,0
22456,0.06694592437287879,0
10875,0.06690941456679872,0
12915,0.06687985854333743,0
23662,0.06685047782906138,0
13774,0.06683808785541703,0
12178,0.06681929538291102,0
13146,0.0668182852288338,0
13840,0.06681386083092877,0
26717,0.06680787106533571,0
12775,0.06665682347426859,0
24406,0.06665446499369368,0
25884,0.06647783890426483,0
9527,0.06647601571524171,0
7479,0.06638749445728107,0
3361,0.06635023773455677,0
30144,0.06604213003824716,0
6506,0.06599255306469708,0
8935,0.06579069201918619,0
5653,0.06572243171550425,0
20432,0.0656567309502278,0
8923,0.06555540232490813,0
27570,0.06553556248068813,0
15154,0.065453456039801,0
17687,0.06543905614066947,0
25344,0.0651353352581658,0
24461,0.06500874604435063,0
13402,0.06496637365706516,0
44,0.0647213707877031,0
25089,0.06468690956066929,0
1114,0.06456313420358123,0
29503,0.06443989592622862,0
21989,0.0642811345819963,0
11083,0.06419352281511455,0
3114,0.06400800702954991,0
12933,0.06389352889822764,0
22390,0.0638285529803645,0
1604,0.06357278542106139,0
19222,0.0635139452831779,0
4140,0.06351064570901538,0
3580,0.06345506762035372,0
10686,0.06344121394452633,0
4942,0.06341188386891475,0
24264,0.06328661551611393,0
21537,0.06322488327555643,0
7922,0.06319975563145742,0
4470,0.06316045112632036,0
12900,0.06311953008394122,0
22150,0.06306729512581279,0
3458,0.06284080261140026,0
13121,0.06284078665127238,0
11037,0.0626972637254524,0
4293,0.06260633286819246,0
20291,0.06249005454579969,0
6150,0.06246352345618908,0
11545,0.062311147034891566,0
12044,0.06225934628757287,0
287,0.0621931859452675,0
13835,0.061909637042256965,0
19980,0.06136960455754677,0
17375,0.061268040418810885,0
10196,0.061098899032546256,0
8645,0.060825579220511274,0
30690,0.0606562814685981,0
30260,0.060490302829127526,0
27916,0.06039638532540921,0
2978,0.06035259532615683,0
3421,0.06030513342902459,0
43,0.060029587534989055,0
20772,0.059984994851679733,0
26120,0.059917694689632955,0
14577,0.05970155863462019,0
18560,0.059626624649238874,0
9076,0.059547365259791374,0
16548,0.058855501059843655,0
11428,0.05869750944061432,0
7868,0.058658144489361116,0
16262,0.058606604220857124,0
2109,0.05856940134715847,0
23656,0.058329205096089784,0
5051,0.058082564346713446,0
6833,0.057943098140856755,0
18007,0.05734250040156561,0
27568,0.05683808591835724,0
26840,0.05673999301927896,0
29059,0.05656228639586403,0
4781,0.056456458923731676,0
8215,0.05584000781461254,0
20412,0.055662324173483206,0
25208,0.05560284116245671,0
17519,0.055203621817760624,0
7963,0.05516362536103699,0
27243,0.055037816960273815,0
23065,0.05481137238254944,0
24791,0.05446225098997029,0
9593,0.0542632334117127,0
588,0.05403076756752077,0
28628,0.05393911980698316,0
30395,0.05387398037115301,0
29044,0.05382471119465015,0
2668,0.05375576426913814,0
14972,0.05346351148322988,0
17102,0.05343536649305641,0
24664,0.05335126348837035,0
24407,0.05332287265323901,0
19269,0.0532495108323233,0
29158,0.05322976827102728,0
10604,0.05316163237809191,0
22477,0.05311723751557566,0
9990,0.05283776000691082,0
6239,0.05279718773677008,0
10483,0.05267721995768435,0
15667,0.0524082070598791,0
2764,0.052401560537726724,0
7757,0.05228737352784635,0
27194,0.05201889566384787,0
29848,0.051976266910569696,0
2102,0.05187796962015904,0
19189,0.05166314664130106,0
2053,0.05162258922884019,0
23308,0.05132277460733028,0
15489,0.051180142064255245,0
26251,0.050923761053591685,0
9757,0.05088072246404824,0
6905,0.0500057249995801,0
7094,0.04998075224142556,0
24541,0.04996970654264846,0
11530,0.04993578968257457,0
16646,0.0493330554547068,0
15300,0.04922732697077722,0
27592,0.04861953354520663,0
27398,0.048116162255601225,0
11372,0.04763257319803097,0
26051,0.04756141397791375,0
11204,0.04689113742185625,0
2666,0.046677222381936605,0
26002,0.046331698103638456,0
3212,0.04544462405503486,0
14858,0.045392606093546936,0
4957,0.04390573509198974,0
5211,0.04371386524390366,0
29087,0.043263767759287065,0
9937,0.042670064872997945,0
10259,0.041444591592488186,0
23219,0.04042756125146346,0
12220,0.03826248038580812,0
21071,0.03756622608105771,0
